Country_Name,Country_Code,Indicator_Name,Indicator_Code,1960,1961,1962,1963,1964,1965,1966,1967,1968,1969,1970,1971,1972,1973,1974,1975,1976,1977,1978,1979,1980,1981,1982,1983,1984,1985,1986,1987,1988,1989,1990,1991,1992,1993,1994,1995,1996,1997,1998,1999,2000,2001,2002,2003,2004,2005,2006,2007,2008,2009,2010,2011,2012,2013,2014,2015,2016,2017,2018,2019,2020
Aruba,ABW,"Life expectancy at birth, male (years)",SP.DYN.LE00.MA.IN,64.084,64.429,64.747,65.053,65.356,65.66,65.959,66.242,66.503,66.745,66.972,67.19,67.405,67.626,67.857,68.11,68.394,68.706,69.041,69.387,69.726,70.036,70.301,70.51,70.66,70.757,70.814,70.851,70.886,70.924,70.969,71.018,71.062,71.098,71.126,71.148,71.168,71.19,71.219,71.259,71.312,71.382,71.469,71.572,71.688,71.816,71.952,72.093,72.235,72.377,72.517,72.654,72.792,72.93,73.069,73.208,73.348,73.488,73.628,73.768,
Aruba,ABW,"Life expectancy at birth, total (years)",SP.DYN.LE00.IN,65.662,66.074,66.444,66.787,67.113,67.435,67.762,68.095,68.436,68.784,69.14,69.498,69.851,70.191,70.519,70.833,71.14,71.441,71.736,72.023,72.293,72.538,72.751,72.929,73.071,73.181,73.262,73.325,73.378,73.425,73.468,73.509,73.544,73.573,73.598,73.622,73.646,73.671,73.7,73.738,73.787,73.853,73.937,74.038,74.156,74.287,74.429,74.576,74.725,74.872,75.017,75.158,75.299,75.441,75.583,75.725,75.868,76.01,76.152,76.293,
Aruba,ABW,"Life expectancy at birth, female (years)",SP.DYN.LE00.FE.IN,67.129,67.625,68.065,68.458,68.817,69.165,69.526,69.917,70.345,70.811,71.306,71.815,72.313,72.779,73.204,73.579,73.902,74.183,74.43,74.647,74.839,75.01,75.164,75.305,75.436,75.556,75.663,75.754,75.827,75.886,75.932,75.969,76.002,76.033,76.066,76.1,76.133,76.164,76.192,76.221,76.257,76.307,76.375,76.465,76.575,76.703,76.845,76.992,77.14,77.285,77.425,77.561,77.695,77.83,77.965,78.101,78.237,78.372,78.507,78.641,
Africa Eastern and Southern,AFE,"Life expectancy at birth, male (years)",SP.DYN.LE00.MA.IN,41.17795843,41.61893115,42.04902725,42.46654512,42.87179348,43.26673942,43.65442144,44.03822074,44.41994257,44.79982485,45.17779135,45.55341483,45.9236163,46.2841962,46.63135,46.96126753,47.27035777,47.55826788,47.82737539,48.07962848,48.32563001,48.56247248,48.79403303,49.01904782,49.22814508,49.40012206,49.51158579,49.54512841,49.4985212,49.38484016,49.23231777,49.07812794,48.94696911,48.84965042,48.78242015,48.74257936,48.739396,48.78688932,48.89815997,49.08512984,49.36246137,49.738602,50.21846563,50.79830103,51.46937625,52.22171238,53.0456237,53.9184985,54.81422082,55.70965401,56.58068023,57.408893,58.18732702,58.90737398,59.56001577,60.13942186,60.64316963,61.08344533,61.47035431,61.81315456,
Africa Eastern and Southern,AFE,"Life expectancy at birth, total (years)",SP.DYN.LE00.IN,42.71605253,43.16693507,43.60399025,44.0256167,44.43272097,44.82691851,45.21304771,45.59429412,45.97405884,46.3523989,46.72879651,47.10286632,47.47116843,47.8294031,48.17499866,48.5033109,48.81083653,49.09784958,49.36632757,49.6199972,49.87069254,50.11588584,50.36345641,50.61038491,50.84833478,51.05805709,51.21428085,51.29978085,51.30859548,51.25176311,51.1541131,51.04841383,50.95726212,50.8902461,50.84186496,50.8084844,50.79615697,50.82061357,50.89760718,51.04419133,51.27612888,51.60645828,52.04314928,52.5858534,53.22891347,53.96655013,54.79170665,55.6823435,56.60979892,57.54877186,58.47069668,59.35359492,60.18556105,60.95336296,61.64736659,62.25928837,62.78768149,63.24626353,63.64898804,64.00519747,
Africa Eastern and Southern,AFE,"Life expectancy at birth, female (years)",SP.DYN.LE00.FE.IN,44.3005706,44.76118003,45.20558466,45.63116151,46.03922085,46.43244751,46.81570577,47.19480813,47.57204288,47.94855294,48.3235266,48.69613114,49.06256841,49.41885657,49.76228497,50.08866411,50.39414955,50.67913456,50.94658651,51.20073484,51.45606889,51.7104809,51.97462957,52.24517213,52.51456645,52.76587379,52.97187852,53.11614739,53.18905981,53.19896406,53.16609762,53.11842808,53.07675846,53.048248,53.02489091,53.00154489,52.98045077,52.97922165,53.01728882,53.11428684,53.29114253,53.56403146,53.94480913,54.43828413,55.04185438,55.75485259,56.57330718,57.47516689,58.42881556,59.40725765,60.37721023,61.31293972,62.1969713,63.01115873,63.74478787,64.38825666,64.93929386,65.41551459,65.83294435,66.20211599,
Afghanistan,AFG,"Life expectancy at birth, male (years)",SP.DYN.LE00.MA.IN,31.718,32.224,32.724,33.216,33.7,34.18,34.656,35.133,35.615,36.106,36.607,37.12,37.644,38.18,38.729,39.293,39.874,40.473,41.09,41.723,42.372,43.037,43.715,44.403,45.097,45.796,46.499,47.204,47.906,48.601,49.281,49.938,50.57,51.172,51.746,52.287,52.798,53.285,53.753,54.21,54.663,55.119,55.583,56.056,56.542,57.044,57.562,58.092,58.626,59.159,59.683,60.19,60.675,61.133,61.563,61.965,62.343,62.701,63.047,63.382,
Afghanistan,AFG,"Life expectancy at birth, total (years)",SP.DYN.LE00.IN,32.446,32.962,33.471,33.971,34.463,34.948,35.43,35.914,36.403,36.9,37.409,37.93,38.461,39.003,39.558,40.128,40.715,41.32,41.944,42.585,43.244,43.923,44.617,45.324,46.04,46.761,47.486,48.211,48.93,49.64,50.331,50.999,51.641,52.256,52.842,53.398,53.924,54.424,54.906,55.376,55.841,56.308,56.784,57.271,57.772,58.29,58.826,59.375,59.93,60.484,61.028,61.553,62.054,62.525,62.966,63.377,63.763,64.13,64.486,64.833,
Afghanistan,AFG,"Life expectancy at birth, female (years)",SP.DYN.LE00.FE.IN,33.314,33.84,34.359,34.866,35.364,35.853,36.338,36.823,37.314,37.815,38.327,38.851,39.385,39.931,40.49,41.064,41.656,42.265,42.894,43.541,44.209,44.899,45.607,46.331,47.066,47.807,48.55,49.29,50.023,50.742,51.442,52.119,52.774,53.405,54.012,54.592,55.141,55.663,56.162,56.645,57.12,57.596,58.08,58.578,59.093,59.628,60.183,60.751,61.326,61.898,62.459,63,63.514,63.999,64.453,64.877,65.275,65.656,66.026,66.388,
Africa Western and Central,AFW,"Life expectancy at birth, male (years)",SP.DYN.LE00.MA.IN,36.0430283,36.46982529,36.89042456,37.30294453,37.70682453,38.10468432,38.49891959,38.89471136,39.29808343,39.71295555,40.14520659,40.5980768,41.07104644,41.5601245,42.06102088,42.57157901,43.08823901,43.60550669,44.11468377,44.6084197,45.07556811,45.50682934,45.89704637,46.24341892,46.54194183,46.79292548,46.99982286,47.17074709,47.31468789,47.43724966,47.53830687,47.61302852,47.66162694,47.68849542,47.7022528,47.71411113,47.73448834,47.77751743,47.85735998,47.98684058,48.18403592,48.46495896,48.82869982,49.26845205,49.77568252,50.33382978,50.92171473,51.51706565,52.09938729,52.65546912,53.17909203,53.67344025,54.14959221,54.61479573,55.06773992,55.50520504,55.92132444,56.31191206,56.67496449,57.01216254,
Africa Western and Central,AFW,"Life expectancy at birth, total (years)",SP.DYN.LE00.IN,37.20538029,37.63254581,38.05261245,38.4637463,38.86707273,39.26484102,39.66276168,40.06640763,40.48283204,40.91421502,41.36511663,41.83721354,42.32704272,42.82907706,43.33921927,43.85504197,44.37396611,44.89222647,45.40268058,45.89747528,46.36610371,46.79829219,47.18861757,47.53398545,47.83053649,48.0793809,48.28458085,48.45412783,48.59742098,48.71923081,48.8169994,48.88593428,48.92341607,48.93370775,48.92550535,48.90993678,48.89987529,48.90912995,48.95533902,49.05263892,49.21971381,49.4751356,49.81692863,50.23943237,50.73341665,51.28348666,51.86820257,52.46395756,53.0495004,53.61208951,54.14430671,54.64999813,55.13894432,55.61898641,56.08826904,56.54200914,56.97476115,57.3823627,57.76234679,58.11572272,
Africa Western and Central,AFW,"Life expectancy at birth, female (years)",SP.DYN.LE00.FE.IN,38.42723212,38.8521803,39.2694772,39.6776845,40.07724014,40.47364329,40.87386762,41.28513594,41.71377378,42.16254579,42.63244832,43.12395304,43.63045987,44.14624213,44.66543952,45.18565177,45.70699931,46.22622813,46.73746137,47.23395817,47.70421053,48.13746258,48.52821573,48.87181398,49.16566712,49.41060762,49.61235872,49.77964432,49.92067499,50.040823,50.13549272,50.19749545,50.22361895,50.2164821,50.18561199,50.14181695,50.09864033,50.07299248,50.0832642,50.14548882,50.28114037,50.50741579,50.82487999,51.22673616,51.7051181,52.24412701,52.82269431,53.41751487,54.00589388,54.57453604,55.11618479,55.63294229,56.13592204,56.63160109,57.11689924,57.58768341,58.03710708,58.46194573,58.85923898,59.2310725,
Angola,AGO,"Life expectancy at birth, male (years)",SP.DYN.LE00.MA.IN,36.305,36.582,36.874,37.181,37.501,37.833,38.177,38.532,38.894,39.26,39.627,39.994,40.359,40.716,41.063,41.394,41.703,41.99,42.254,42.492,42.708,42.906,43.09,43.259,43.414,43.544,43.64,43.696,43.711,43.692,43.642,43.568,43.487,43.416,43.374,43.378,43.442,43.574,43.781,44.074,44.466,44.966,45.567,46.261,47.038,47.893,48.821,49.807,50.826,51.85,52.848,53.79,54.66,55.447,56.14,56.737,57.242,57.677,58.064,58.416,
Angola,AGO,"Life expectancy at birth, total (years)",SP.DYN.LE00.IN,37.524,37.811,38.113,38.43,38.76,39.102,39.454,39.813,40.178,40.546,40.914,41.282,41.65,42.016,42.374,42.721,43.053,43.367,43.66,43.931,44.178,44.404,44.611,44.799,44.966,45.107,45.213,45.283,45.317,45.324,45.306,45.271,45.23,45.201,45.201,45.246,45.35,45.519,45.763,46.093,46.522,47.059,47.702,48.44,49.263,50.165,51.143,52.177,53.243,54.311,55.35,56.33,57.236,58.054,58.776,59.398,59.925,60.379,60.782,61.147,
Angola,AGO,"Life expectancy at birth, female (years)",SP.DYN.LE00.FE.IN,38.763,39.069,39.391,39.727,40.075,40.433,40.801,41.175,41.554,41.934,42.314,42.693,43.073,43.449,43.82,44.181,44.531,44.866,45.183,45.48,45.754,46.005,46.231,46.434,46.612,46.762,46.878,46.962,47.017,47.052,47.07,47.077,47.082,47.101,47.149,47.242,47.391,47.605,47.893,48.265,48.736,49.317,50.005,50.789,51.661,52.614,53.642,54.726,55.839,56.953,58.033,59.052,59.992,60.841,61.591,62.237,62.783,63.252,63.666,64.039,
Albania,ALB,"Life expectancy at birth, male (years)",SP.DYN.LE00.MA.IN,61.309,62.272,63.117,63.811,64.346,64.723,64.962,65.116,65.233,65.346,65.496,65.714,66.004,66.356,66.762,67.19,67.596,67.943,68.204,68.376,68.475,68.533,68.59,68.673,68.788,68.92,69.04,69.12,69.145,69.122,69.07,69.017,68.997,69.037,69.15,69.347,69.631,69.982,70.376,70.797,71.216,71.606,71.951,72.246,72.493,72.708,72.919,73.156,73.438,73.769,74.145,74.552,74.966,75.364,75.734,76.066,76.353,76.601,76.816,77.002,
Albania,ALB,"Life expectancy at birth, total (years)",SP.DYN.LE00.IN,62.283,63.301,64.19,64.914,65.463,65.85,66.11,66.304,66.487,66.689,66.935,67.237,67.582,67.953,68.343,68.736,69.11,69.448,69.742,69.991,70.208,70.416,70.635,70.876,71.134,71.388,71.605,71.76,71.843,71.86,71.836,71.803,71.802,71.86,71.992,72.205,72.495,72.838,73.208,73.587,73.955,74.288,74.579,74.828,75.039,75.228,75.423,75.646,75.912,76.221,76.562,76.914,77.252,77.554,77.813,78.025,78.194,78.333,78.458,78.573,
Albania,ALB,"Life expectancy at birth, female (years)",SP.DYN.LE00.FE.IN,63.247,64.325,65.261,66.017,66.585,66.987,67.273,67.517,67.779,68.084,68.441,68.839,69.247,69.64,70.014,70.369,70.71,71.046,71.384,71.729,72.09,72.479,72.893,73.323,73.754,74.156,74.492,74.744,74.903,74.977,74.991,74.98,74.985,75.039,75.158,75.352,75.618,75.931,76.269,76.616,76.953,77.263,77.538,77.777,77.982,78.165,78.349,78.551,78.781,79.037,79.302,79.554,79.77,79.934,80.045,80.107,80.134,80.148,80.167,80.201,
Andorra,AND,"Life expectancy at birth, male (years)",SP.DYN.LE00.MA.IN,,,,,,,,,,,,,,,,,,,,,,,,,,,,,,,,,,,,,,,,,,,,,,,,,,,,,,,,,,,,,
Andorra,AND,"Life expectancy at birth, total (years)",SP.DYN.LE00.IN,,,,,,,,,,,,,,,,,,,,,,,,,,,,,,,,,,,,,,,,,,,,,,,,,,,,,,,,,,,,,
Andorra,AND,"Life expectancy at birth, female (years)",SP.DYN.LE00.FE.IN,,,,,,,,,,,,,,,,,,,,,,,,,,,,,,,,,,,,,,,,,,,,,,,,,,,,,,,,,,,,,
Arab World,ARB,"Life expectancy at birth, male (years)",SP.DYN.LE00.MA.IN,45.50473875,46.10172547,46.68912258,47.26980788,47.84457712,48.41136905,48.96363161,49.49993858,50.02317446,50.54052181,51.06498481,51.61348121,52.1932097,52.80109321,53.42535892,54.04618037,54.64021476,55.1938834,55.70816549,56.1976787,56.68894177,57.21176254,57.78499842,58.4128558,59.0828124,59.76870686,60.43934399,61.06595532,61.62738121,62.11880673,62.58294906,62.96488228,63.24717581,63.61138512,63.97610323,64.39601585,64.75356425,65.09907807,65.42541845,65.7336574,66.02625896,66.30868608,66.58535178,66.86275445,67.14421532,67.42706352,67.70578051,67.97139485,68.21417257,68.42879989,68.61895142,68.79463538,68.96879884,69.14954686,69.33663337,69.52897308,69.72460275,69.92114255,70.11592809,70.30818383,
Arab World,ARB,"Life expectancy at birth, total (years)",SP.DYN.LE00.IN,46.54690911,47.14162039,47.73178236,48.32043327,48.9100192,49.49647723,50.07294888,50.63441245,51.18209934,51.72202261,52.26421092,52.82293228,53.40688649,54.01585517,54.64286724,55.27798768,55.90961164,56.5280755,57.13389799,57.73485934,58.34502231,58.97735807,59.63599752,60.31627737,61.0037621,61.67681626,62.31411961,62.90134697,63.4296881,63.89897996,64.35157729,64.73634052,65.04385274,65.41490707,65.78565317,66.19610005,66.554103,66.89714478,67.21809146,67.517689,67.80059145,68.07251864,68.34024632,68.61050561,68.88618776,69.16468296,69.43945938,69.70155529,69.94217387,70.15756008,70.34991642,70.52876168,70.7037978,70.8822177,71.06426877,71.24957097,71.43654717,71.62267043,71.80707511,71.98970937,
Arab World,ARB,"Life expectancy at birth, female (years)",SP.DYN.LE00.FE.IN,47.62956448,48.2203179,48.8110212,49.40685056,50.01012503,50.61656998,51.21704693,51.8046596,52.37723088,52.93968216,53.49916362,54.06677894,54.65247165,55.25995571,55.88788379,56.53851584,57.21332049,57.90904409,58.62414992,59.35995989,60.1138666,60.87800691,61.63853182,62.37963674,63.08398816,63.73544324,64.32577595,64.85919921,65.34236772,65.78197362,66.21882127,66.60742494,66.93926119,67.32333857,67.70610036,68.11539838,68.47837584,68.82107008,69.13759,69.42871691,69.69991335,69.95998526,70.21864631,70.48362282,70.75801293,71.03871062,71.31838561,71.58702422,71.83533611,72.05995757,72.26116104,72.44597347,72.62231606,72.79675686,72.9712271,73.14647941,73.32126024,73.49382808,73.66367514,73.8323145,
United Arab Emirates,ARE,"Life expectancy at birth, male (years)",SP.DYN.LE00.MA.IN,49.249,50.363,51.462,52.541,53.597,54.631,55.648,56.656,57.654,58.639,59.606,60.546,61.452,62.315,63.132,63.899,64.617,65.289,65.921,66.515,67.071,67.589,68.072,68.522,68.943,69.337,69.707,70.055,70.384,70.698,70.999,71.289,71.567,71.834,72.093,72.345,72.59,72.829,73.062,73.291,73.516,73.738,73.957,74.174,74.388,74.601,74.811,75.018,75.223,75.424,75.624,75.823,76.022,76.219,76.414,76.605,76.79,76.966,77.133,77.291,
United Arab Emirates,ARE,"Life expectancy at birth, total (years)",SP.DYN.LE00.IN,51.537,52.56,53.573,54.572,55.555,56.523,57.482,58.432,59.375,60.304,61.215,62.099,62.949,63.759,64.525,65.244,65.916,66.545,67.137,67.692,68.213,68.701,69.158,69.585,69.986,70.363,70.717,71.049,71.361,71.657,71.939,72.208,72.466,72.715,72.957,73.194,73.428,73.657,73.883,74.106,74.327,74.544,74.758,74.968,75.174,75.376,75.573,75.767,75.957,76.145,76.332,76.521,76.711,76.903,77.095,77.285,77.47,77.647,77.814,77.972,
United Arab Emirates,ARE,"Life expectancy at birth, female (years)",SP.DYN.LE00.FE.IN,53.973,54.897,55.829,56.771,57.72,58.678,59.641,60.604,61.56,62.498,63.41,64.287,65.126,65.92,66.666,67.362,68.007,68.606,69.165,69.685,70.168,70.614,71.026,71.407,71.76,72.088,72.395,72.682,72.954,73.213,73.461,73.701,73.932,74.155,74.374,74.591,74.812,75.036,75.264,75.496,75.729,75.961,76.187,76.406,76.616,76.818,77.014,77.205,77.394,77.583,77.77,77.957,78.143,78.325,78.504,78.678,78.846,79.008,79.164,79.314,
Argentina,ARG,"Life expectancy at birth, male (years)",SP.DYN.LE00.MA.IN,62.417,62.46,62.478,62.487,62.503,62.542,62.619,62.739,62.901,63.106,63.349,63.622,63.909,64.198,64.484,64.766,65.045,65.326,65.611,65.897,66.173,66.431,66.664,66.871,67.053,67.219,67.379,67.545,67.726,67.924,68.138,68.361,68.586,68.804,69.014,69.212,69.402,69.586,69.768,69.948,70.128,70.307,70.484,70.661,70.835,71.008,71.179,71.347,71.513,71.676,71.837,71.995,72.151,72.306,72.46,72.614,72.768,72.924,73.082,73.242,
Argentina,ARG,"Life expectancy at birth, total (years)",SP.DYN.LE00.IN,65.055,65.176,65.269,65.348,65.426,65.518,65.64,65.796,65.989,66.219,66.483,66.774,67.078,67.383,67.686,67.985,68.283,68.585,68.891,69.197,69.496,69.777,70.033,70.262,70.466,70.65,70.825,71.001,71.186,71.384,71.594,71.813,72.032,72.246,72.453,72.651,72.843,73.029,73.213,73.396,73.576,73.755,73.932,74.107,74.28,74.451,74.62,74.787,74.952,75.116,75.278,75.439,75.598,75.756,75.913,76.068,76.221,76.372,76.52,76.667,
Argentina,ARG,"Life expectancy at birth, female (years)",SP.DYN.LE00.FE.IN,68.154,68.362,68.536,68.685,68.82,68.958,69.111,69.289,69.495,69.733,70,70.291,70.593,70.896,71.196,71.494,71.793,72.097,72.407,72.718,73.023,73.311,73.576,73.816,74.029,74.22,74.397,74.569,74.745,74.928,75.119,75.316,75.515,75.71,75.902,76.09,76.273,76.453,76.631,76.808,76.982,77.155,77.326,77.496,77.664,77.831,77.996,78.16,78.323,78.485,78.646,78.806,78.966,79.124,79.281,79.434,79.583,79.726,79.863,79.995,
Armenia,ARM,"Life expectancy at birth, male (years)",SP.DYN.LE00.MA.IN,62.822,63.24,63.664,64.092,64.522,64.953,65.384,65.81,66.22,66.602,66.935,67.198,67.381,67.486,67.52,67.509,67.486,67.479,67.502,67.552,67.606,67.626,67.576,67.436,67.203,66.88,66.476,66.03,65.586,65.18,64.86,64.67,64.627,64.732,64.983,65.37,65.868,66.433,67.015,67.579,68.086,68.501,68.824,69.06,69.214,69.312,69.386,69.475,69.602,69.776,69.989,70.222,70.446,70.639,70.797,70.921,71.022,71.115,71.215,71.327,
Armenia,ARM,"Life expectancy at birth, total (years)",SP.DYN.LE00.IN,65.972,66.403,66.838,67.277,67.716,68.153,68.588,69.016,69.427,69.809,70.144,70.412,70.605,70.723,70.775,70.783,70.783,70.798,70.838,70.897,70.937,70.91,70.776,70.519,70.15,69.698,69.205,68.732,68.332,68.038,67.879,67.87,67.99,68.218,68.538,68.938,69.404,69.912,70.434,70.944,71.409,71.8,72.112,72.348,72.513,72.626,72.716,72.815,72.946,73.118,73.331,73.572,73.82,74.056,74.273,74.467,74.64,74.797,74.945,75.087,
Armenia,ARM,"Life expectancy at birth, female (years)",SP.DYN.LE00.FE.IN,69.057,69.481,69.908,70.336,70.761,71.182,71.597,72.002,72.389,72.748,73.063,73.317,73.503,73.623,73.683,73.706,73.725,73.76,73.818,73.885,73.917,73.849,73.643,73.287,72.805,72.251,71.7,71.232,70.908,70.755,70.782,70.969,71.26,71.607,71.985,72.38,72.787,73.21,73.643,74.07,74.469,74.817,75.106,75.335,75.509,75.641,75.751,75.866,76.004,76.174,76.383,76.629,76.897,77.172,77.446,77.708,77.949,78.165,78.354,78.516,
American Samoa,ASM,"Life expectancy at birth, male (years)",SP.DYN.LE00.MA.IN,,,,,,,,,,,,,,,,,,,,,,,,,,,,,,,,,,,,,,,,,,,,,,,,,,,,,,,,,,,,,
American Samoa,ASM,"Life expectancy at birth, total (years)",SP.DYN.LE00.IN,,,,,,,,,,,,,,,,,,,,,,,,,,,,,,,,,,,,,,,,,,,,,,,,,,,,,,,,,,,,,
American Samoa,ASM,"Life expectancy at birth, female (years)",SP.DYN.LE00.FE.IN,,,,,,,,,,,,,,,,,,,,,,,,,,,,,,,,,,,,,,,,,,,,,,,,,,,,,,,,,,,,,
Antigua and Barbuda,ATG,"Life expectancy at birth, male (years)",SP.DYN.LE00.MA.IN,60.782,61.312,61.801,62.248,62.654,63.017,63.335,63.612,63.852,64.065,64.258,64.437,64.612,64.791,64.982,65.193,65.431,65.694,65.98,66.286,66.609,66.943,67.279,67.613,67.939,68.254,68.558,68.854,69.143,69.427,69.707,69.985,70.263,70.539,70.816,71.092,71.367,71.639,71.906,72.167,72.422,72.67,72.911,73.144,73.368,73.58,73.778,73.961,74.13,74.288,74.439,74.589,74.744,74.904,75.071,75.242,75.41,75.571,75.721,75.858,
Antigua and Barbuda,ATG,"Life expectancy at birth, total (years)",SP.DYN.LE00.IN,61.968,62.523,63.049,63.54,63.992,64.401,64.762,65.081,65.363,65.616,65.847,66.066,66.28,66.498,66.727,66.975,67.244,67.533,67.837,68.154,68.482,68.818,69.156,69.491,69.82,70.137,70.44,70.728,71.004,71.267,71.52,71.765,72.006,72.247,72.489,72.732,72.977,73.222,73.465,73.705,73.94,74.171,74.395,74.613,74.821,75.019,75.204,75.376,75.535,75.683,75.823,75.956,76.087,76.218,76.349,76.483,76.617,76.752,76.885,77.016,
Antigua and Barbuda,ATG,"Life expectancy at birth, female (years)",SP.DYN.LE00.FE.IN,62.879,63.467,64.037,64.582,65.092,65.559,65.977,66.349,66.682,66.982,67.257,67.516,67.77,68.027,68.295,68.579,68.881,69.196,69.521,69.854,70.192,70.537,70.883,71.227,71.566,71.893,72.203,72.496,72.77,73.025,73.263,73.487,73.7,73.909,74.115,74.32,74.528,74.735,74.943,75.15,75.357,75.562,75.764,75.962,76.154,76.339,76.515,76.681,76.838,76.985,77.121,77.246,77.36,77.466,77.566,77.665,77.766,77.871,77.983,78.104,
Australia,AUS,"Life expectancy at birth, male (years)",SP.DYN.LE00.MA.IN,67.78571429,67.9,67.84,67.78,67.72,67.66,67.6,67.64,67.68,67.72,67.76,67.8,68.16,68.52,68.88,69.24,69.6,69.92,70.24,70.56,70.88,71.2,71.5,71.8,72.1,72.4,72.7,73.02,73.34,73.66,73.98,74.3,74.5,75,75,75,75.2,75.7,75.9,76.2,76.6,77,77.4,77.8,78.1,78.5,78.7,79,79.2,79.3,79.5,79.7,79.9,80.1,80.3,80.4,80.4,80.5,80.7,80.9,
Australia,AUS,"Life expectancy at birth, total (years)",SP.DYN.LE00.IN,70.81707317,70.97317073,70.94243902,70.91170732,70.88097561,70.8502439,70.8195122,70.86926829,70.91902439,70.96878049,71.01853659,71.06829268,71.45756098,71.84682927,72.23609756,72.62536585,73.01463415,73.34439024,73.67414634,74.00390244,74.33365854,74.66341463,74.90487805,75.14634146,75.38780488,75.62926829,75.87073171,76.15170732,76.43268293,76.71365854,76.99463415,77.27560976,77.37804878,77.87804878,77.87804878,77.82926829,78.07804878,78.4804878,78.63170732,78.93170732,79.23414634,79.63414634,79.93658537,80.23902439,80.4902439,80.84146341,81.04146341,81.29268293,81.39512195,81.54390244,81.69512195,81.89512195,82.04634146,82.14878049,82.3,82.4,82.44878049,82.5,82.74878049,82.9,
Australia,AUS,"Life expectancy at birth, female (years)",SP.DYN.LE00.FE.IN,74,74.2,74.2,74.2,74.2,74.2,74.2,74.26,74.32,74.38,74.44,74.5,74.92,75.34,75.76,76.18,76.6,76.94,77.28,77.62,77.96,78.3,78.48,78.66,78.84,79.02,79.2,79.44,79.68,79.92,80.16,80.4,80.4,80.9,80.9,80.8,81.1,81.4,81.5,81.8,82,82.4,82.6,82.8,83,83.3,83.5,83.7,83.7,83.9,84,84.2,84.3,84.3,84.4,84.5,84.6,84.6,84.9,85,
Austria,AUT,"Life expectancy at birth, male (years)",SP.DYN.LE00.MA.IN,65.41,66.47,66.29,66.39,66.8,66.61,66.88,66.63,66.76,66.56,66.5,66.7,67,67.6,67.5,67.7,68.2,68.5,68.5,68.8,69,69.3,69.4,69.5,70.1,70.4,71,71.5,71.9,71.9,72.3,72.3,72.5,72.8,73.2,73.4,73.7,74.1,74.5,74.9,75.2,75.6,75.8,75.9,76.4,76.6,77.1,77.4,77.7,77.6,77.8,78.3,78.4,78.6,79.1,78.8,79.3,79.4,79.4,79.5,
Austria,AUT,"Life expectancy at birth, total (years)",SP.DYN.LE00.IN,68.58560976,69.57731707,69.3095122,69.44365854,69.92195122,69.72219512,70.04585366,69.91780488,70.05756098,69.83317073,69.91463415,70.11463415,70.46341463,71.01463415,71.01219512,71.11463415,71.56585366,71.91463415,72.01219512,72.31219512,72.46341463,72.81219512,72.96097561,73.01219512,73.61219512,73.81463415,74.31707317,74.76829268,75.21707317,75.26585366,75.56829268,75.61707317,75.81707317,76.06829268,76.4195122,76.66829268,76.87073171,77.3195122,77.67073171,77.87560976,78.12682927,78.57560976,78.67804878,78.63170732,79.1804878,79.33170732,79.8804878,80.1804878,80.43170732,80.33170732,80.5804878,80.98292683,80.93658537,81.13658537,81.4902439,81.1902439,81.64146341,81.64390244,81.69268293,81.79268293,
Austria,AUT,"Life expectancy at birth, female (years)",SP.DYN.LE00.FE.IN,71.92,72.84,72.48,72.65,73.2,72.99,73.37,73.37,73.52,73.27,73.5,73.7,74.1,74.6,74.7,74.7,75.1,75.5,75.7,76,76.1,76.5,76.7,76.7,77.3,77.4,77.8,78.2,78.7,78.8,79,79.1,79.3,79.5,79.8,80.1,80.2,80.7,81,81,81.2,81.7,81.7,81.5,82.1,82.2,82.8,83.1,83.3,83.2,83.5,83.8,83.6,83.8,84,83.7,84.1,84,84.1,84.2,
Azerbaijan,AZE,"Life expectancy at birth, male (years)",SP.DYN.LE00.MA.IN,57.555,57.752,57.94,58.127,58.316,58.511,58.712,58.914,59.111,59.301,59.479,59.637,59.775,59.893,59.991,60.073,60.143,60.21,60.278,60.354,60.45,60.579,60.738,60.919,61.107,61.26,61.329,61.291,61.149,60.925,60.676,60.478,60.398,60.476,60.725,61.124,61.629,62.172,62.698,63.184,63.625,64.032,64.435,64.855,65.291,65.737,66.183,66.615,67.024,67.408,67.772,68.126,68.482,68.84,69.199,69.543,69.858,70.128,70.345,70.511,
Azerbaijan,AZE,"Life expectancy at birth, total (years)",SP.DYN.LE00.IN,61.034,61.256,61.469,61.679,61.889,62.104,62.322,62.539,62.75,62.953,63.141,63.31,63.457,63.582,63.687,63.776,63.852,63.921,63.992,64.069,64.161,64.28,64.425,64.587,64.759,64.913,65.016,65.053,65.021,64.935,64.827,64.745,64.731,64.81,64.991,65.256,65.573,65.899,66.207,66.491,66.763,67.054,67.391,67.791,68.249,68.747,69.259,69.752,70.201,70.597,70.938,71.234,71.506,71.768,72.022,72.266,72.493,72.693,72.864,73.005,
Azerbaijan,AZE,"Life expectancy at birth, female (years)",SP.DYN.LE00.FE.IN,64.168,64.403,64.629,64.852,65.074,65.299,65.527,65.753,65.972,66.182,66.376,66.55,66.702,66.833,66.943,67.035,67.112,67.183,67.252,67.328,67.416,67.526,67.656,67.805,67.97,68.142,68.309,68.463,68.598,68.714,68.817,68.917,69.024,69.148,69.286,69.428,69.553,69.653,69.729,69.797,69.891,70.06,70.33,70.713,71.2,71.759,72.346,72.908,73.402,73.809,74.123,74.353,74.531,74.683,74.823,74.956,75.088,75.215,75.336,75.455,
Burundi,BDI,"Life expectancy at birth, male (years)",SP.DYN.LE00.MA.IN,39.698,40.004,40.316,40.63,40.941,41.236,41.498,41.72,41.905,42.063,42.218,42.402,42.639,42.94,43.302,43.705,44.118,44.509,44.852,45.14,45.388,45.625,45.875,46.148,46.434,46.695,46.882,46.96,46.912,46.747,46.482,46.149,45.805,45.508,45.301,45.238,45.36,45.668,46.149,46.788,47.555,48.407,49.291,50.163,50.997,51.785,52.536,53.275,54.014,54.749,55.467,56.149,56.783,57.357,57.871,58.325,58.726,59.092,59.435,59.764,
Burundi,BDI,"Life expectancy at birth, total (years)",SP.DYN.LE00.IN,41.281,41.592,41.907,42.225,42.54,42.838,43.105,43.332,43.523,43.685,43.841,44.021,44.246,44.528,44.865,45.242,45.63,45.999,46.327,46.608,46.852,47.083,47.324,47.581,47.844,48.08,48.243,48.301,48.244,48.08,47.829,47.522,47.212,46.953,46.786,46.758,46.905,47.226,47.708,48.339,49.091,49.93,50.81,51.69,52.547,53.369,54.163,54.944,55.721,56.488,57.228,57.925,58.568,59.148,59.665,60.123,60.528,60.898,61.247,61.584,
Burundi,BDI,"Life expectancy at birth, female (years)",SP.DYN.LE00.FE.IN,42.851,43.164,43.482,43.803,44.121,44.423,44.694,44.927,45.124,45.291,45.449,45.624,45.838,46.1,46.411,46.757,47.116,47.46,47.769,48.037,48.272,48.494,48.72,48.956,49.193,49.4,49.537,49.577,49.513,49.354,49.121,48.843,48.569,48.349,48.22,48.225,48.395,48.729,49.213,49.838,50.582,51.414,52.296,53.191,54.073,54.932,55.767,56.591,57.406,58.203,58.966,59.677,60.328,60.913,61.433,61.893,62.301,62.675,63.031,63.377,
Belgium,BEL,"Life expectancy at birth, male (years)",SP.DYN.LE00.MA.IN,66.78,67.56,67.4,67.11,67.76,67.64,67.76,67.93,67.62,67.56,67.85,67.88,68.21,68.45,68.82,68.82,68.91,69.53,69.42,69.94,69.89,70.29,70.61,70.63,71,71.13,71.4,72,72.2,72.34,72.73,72.88,73,72.96,73.36,73.47,73.88,74.2,74.4,74.4,74.6,74.9,75.1,75.3,76,76.2,76.6,77.1,76.9,77.4,77.5,78,77.8,78.1,78.8,78.7,79,79.2,79.4,79.6,
Belgium,BEL,"Life expectancy at birth, total (years)",SP.DYN.LE00.IN,69.70195122,70.52097561,70.2195122,70.05146341,70.75512195,70.62536585,70.70634146,71.01292683,70.69317073,70.76487805,70.97195122,71.0604878,71.40512195,71.63536585,71.98585366,71.97121951,72.1197561,72.77390244,72.69804878,73.19365854,73.20707317,73.62170732,73.88804878,73.86902439,74.40487805,74.5202439,74.73170732,75.36585366,75.56585366,75.63268293,76.05195122,76.19219512,76.35121951,76.34536585,76.69170732,76.84073171,77.18731707,77.37073171,77.47317073,77.6195122,77.72195122,77.97317073,78.07560976,78.12926829,78.87804878,78.9804878,79.3804878,79.78292683,79.6804878,80.03414634,80.18292683,80.58536585,80.38536585,80.58780488,81.28780488,80.99268293,81.43902439,81.49268293,81.59512195,81.74634146,
Belgium,BEL,"Life expectancy at birth, female (years)",SP.DYN.LE00.FE.IN,72.77,73.63,73.18,73.14,73.9,73.76,73.8,74.25,73.92,74.13,74.25,74.4,74.76,74.98,75.31,75.28,75.49,76.18,76.14,76.61,76.69,77.12,77.33,77.27,77.98,78.08,78.23,78.9,79.1,79.09,79.54,79.67,79.87,79.9,80.19,80.38,80.66,80.7,80.7,81,81,81.2,81.2,81.1,81.9,81.9,82.3,82.6,82.6,82.8,83,83.3,83.1,83.2,83.9,83.4,84,83.9,83.9,84,
Benin,BEN,"Life expectancy at birth, male (years)",SP.DYN.LE00.MA.IN,36.823,37.233,37.642,38.05,38.458,38.861,39.255,39.637,40.008,40.368,40.726,41.087,41.459,41.844,42.243,42.645,43.034,43.402,43.753,44.097,44.459,44.872,45.359,45.935,46.599,47.356,48.202,49.105,50.024,50.919,51.732,52.402,52.905,53.238,53.41,53.455,53.425,53.389,53.403,53.499,53.701,54.016,54.415,54.866,55.352,55.85,56.334,56.788,57.199,57.559,57.869,58.135,58.379,58.615,58.853,59.1,59.361,59.633,59.914,60.201,
Benin,BEN,"Life expectancy at birth, total (years)",SP.DYN.LE00.IN,37.271,37.727,38.188,38.655,39.13,39.615,40.109,40.61,41.117,41.63,42.152,42.684,43.229,43.781,44.337,44.882,45.399,45.883,46.335,46.764,47.19,47.643,48.145,48.71,49.339,50.034,50.79,51.581,52.372,53.132,53.812,54.366,54.776,55.042,55.174,55.203,55.17,55.133,55.139,55.218,55.391,55.668,56.025,56.436,56.887,57.355,57.817,58.255,58.654,59.009,59.318,59.59,59.842,60.092,60.345,60.608,60.885,61.174,61.47,61.771,
Benin,BEN,"Life expectancy at birth, female (years)",SP.DYN.LE00.FE.IN,37.773,38.27,38.773,39.288,39.82,40.375,40.959,41.571,42.21,42.873,43.558,44.265,44.985,45.71,46.428,47.122,47.773,48.376,48.932,49.445,49.934,50.422,50.932,51.476,52.057,52.677,53.331,53.996,54.645,55.256,55.795,56.227,56.54,56.739,56.833,56.848,56.818,56.785,56.789,56.854,57.001,57.241,57.559,57.933,58.351,58.793,59.235,59.66,60.052,60.404,60.717,60.997,61.262,61.527,61.799,62.082,62.379,62.687,63.003,63.324,
Burkina Faso,BFA,"Life expectancy at birth, male (years)",SP.DYN.LE00.MA.IN,33.454,33.904,34.361,34.826,35.297,35.768,36.231,36.681,37.118,37.547,37.972,38.399,38.842,39.314,39.83,40.422,41.125,41.94,42.851,43.829,44.82,45.761,46.595,47.282,47.799,48.14,48.319,48.383,48.379,48.335,48.27,48.195,48.116,48.046,48.006,48.013,48.083,48.221,48.433,48.727,49.117,49.613,50.208,50.888,51.637,52.436,53.265,54.102,54.924,55.71,56.441,57.105,57.705,58.249,58.739,59.183,59.592,59.981,60.361,60.739,
Burkina Faso,BFA,"Life expectancy at birth, total (years)",SP.DYN.LE00.IN,34.432,34.897,35.369,35.847,36.331,36.815,37.291,37.754,38.207,38.652,39.095,39.542,40.003,40.493,41.025,41.63,42.343,43.166,44.081,45.06,46.049,46.984,47.81,48.486,48.992,49.323,49.492,49.55,49.545,49.505,49.454,49.409,49.374,49.36,49.38,49.445,49.557,49.713,49.914,50.168,50.489,50.893,51.384,51.956,52.602,53.31,54.063,54.841,55.618,56.377,57.096,57.761,58.374,58.937,59.45,59.919,60.354,60.768,61.174,61.577,
Burkina Faso,BFA,"Life expectancy at birth, female (years)",SP.DYN.LE00.FE.IN,35.553,36.025,36.503,36.986,37.474,37.961,38.441,38.91,39.37,39.824,40.278,40.735,41.206,41.705,42.242,42.85,43.561,44.38,45.288,46.257,47.234,48.154,48.962,49.619,50.106,50.418,50.571,50.616,50.601,50.559,50.516,50.494,50.498,50.534,50.613,50.734,50.887,51.06,51.249,51.461,51.712,52.023,52.409,52.875,53.421,54.04,54.721,55.442,56.178,56.909,57.616,58.284,58.91,59.492,60.03,60.525,60.988,61.43,61.863,62.294,
Bangladesh,BGD,"Life expectancy at birth, male (years)",SP.DYN.LE00.MA.IN,46.077,46.672,47.26,47.825,48.342,48.737,48.921,48.866,48.59,48.15,47.677,47.336,47.256,47.511,48.11,48.992,50.038,51.09,52.023,52.789,53.377,53.82,54.204,54.597,55.022,55.492,56.001,56.533,57.076,57.632,58.215,58.842,59.519,60.242,61,61.769,62.522,63.231,63.879,64.456,64.963,65.408,65.815,66.203,66.578,66.949,67.318,67.679,68.031,68.37,68.694,68.996,69.273,69.526,69.759,69.978,70.192,70.409,70.637,70.877,
Bangladesh,BGD,"Life expectancy at birth, total (years)",SP.DYN.LE00.IN,45.379,45.97,46.557,47.126,47.649,48.05,48.236,48.176,47.888,47.432,46.942,46.589,46.507,46.773,47.396,48.313,49.402,50.498,51.473,52.277,52.9,53.376,53.794,54.225,54.693,55.21,55.772,56.359,56.958,57.571,58.21,58.891,59.618,60.388,61.19,62.002,62.798,63.553,64.25,64.881,65.447,65.956,66.43,66.886,67.331,67.773,68.213,68.648,69.072,69.485,69.881,70.256,70.606,70.93,71.231,71.514,71.785,72.052,72.32,72.591,
Bangladesh,BGD,"Life expectancy at birth, female (years)",SP.DYN.LE00.FE.IN,44.628,45.215,45.802,46.375,46.905,47.313,47.501,47.437,47.139,46.668,46.163,45.8,45.717,45.997,46.648,47.604,48.738,49.882,50.901,51.746,52.406,52.916,53.369,53.839,54.351,54.916,55.532,56.177,56.837,57.513,58.214,58.954,59.737,60.559,61.409,62.268,63.11,63.915,64.667,65.359,65.992,66.574,67.126,67.661,68.189,68.715,69.24,69.761,70.272,70.773,71.257,71.721,72.159,72.571,72.955,73.316,73.655,73.978,74.291,74.595,
Bulgaria,BGR,"Life expectancy at birth, male (years)",SP.DYN.LE00.MA.IN,67.55,68.42,67.77,68.68,69.37,69.45,69.36,68.37,69.23,68.23,69.11,68.62,68.68,69.03,68.93,68.64,68.99,68.26,68.77,68.64,68.46,68.85,68.43,68.44,68.49,68.15,68.56,68.4,68.38,68.42,68.3,68.4,68.07,67.62,67.36,67.39,67.39,67,67.5,67.9,68.2,68.5,68.5,68.7,69.1,69,69.1,69.2,69.5,69.9,70,70.7,70.9,71.3,71.1,71.2,71.3,71.4,71.5,71.5,
Bulgaria,BGR,"Life expectancy at birth, total (years)",SP.DYN.LE00.IN,69.24756098,70.19560976,69.49195122,70.30926829,71.12121951,71.29390244,71.22341463,70.41390244,71.22512195,70.43,71.25634146,70.87365854,70.8995122,71.34219512,71.20804878,71.0497561,71.39487805,70.81609756,71.18463415,71.30829268,71.15756098,71.57195122,71.18609756,71.38634146,71.4997561,71.22804878,71.73073171,71.52682927,71.60439024,71.72243902,71.64146341,71.56097561,71.49439024,71.34682927,71.20878049,71.05341463,70.89731707,70.35121951,71.06097561,71.41219512,71.66341463,71.76829268,71.86585366,72.06585366,72.56341463,72.56097561,72.61219512,72.66341463,72.96341463,73.41219512,73.51219512,74.16341463,74.31463415,74.86097561,74.46585366,74.61463415,74.81219512,74.81463415,74.96341463,74.91463415,
Bulgaria,BGR,"Life expectancy at birth, female (years)",SP.DYN.LE00.FE.IN,71.03,72.06,71.3,72.02,72.96,73.23,73.18,72.56,73.32,72.74,73.51,73.24,73.23,73.77,73.6,73.58,73.92,73.5,73.72,74.11,73.99,74.43,74.08,74.48,74.66,74.46,75.06,74.81,74.99,75.19,75.15,74.88,75.09,75.26,75.25,74.9,74.58,73.87,74.8,75.1,75.3,75.2,75.4,75.6,76.2,76.3,76.3,76.3,76.6,77.1,77.2,77.8,77.9,78.6,78,78.2,78.5,78.4,78.6,78.5,
Bahrain,BHR,"Life expectancy at birth, male (years)",SP.DYN.LE00.MA.IN,48.944,50.419,51.889,53.33,54.721,56.043,57.288,58.458,59.559,60.589,61.547,62.437,63.266,64.043,64.771,65.457,66.102,66.709,67.278,67.81,68.305,68.759,69.172,69.543,69.878,70.182,70.46,70.718,70.963,71.201,71.435,71.667,71.895,72.119,72.34,72.56,72.782,73.006,73.229,73.452,73.669,73.877,74.072,74.253,74.42,74.574,74.719,74.857,74.994,75.131,75.268,75.406,75.542,75.676,75.807,75.936,76.063,76.188,76.312,76.436,
Bahrain,BHR,"Life expectancy at birth, total (years)",SP.DYN.LE00.IN,51.869,53.235,54.59,55.911,57.182,58.388,59.524,60.596,61.609,62.56,63.449,64.275,65.042,65.757,66.421,67.04,67.616,68.152,68.651,69.117,69.55,69.951,70.317,70.651,70.957,71.237,71.496,71.736,71.962,72.178,72.39,72.598,72.803,73.006,73.209,73.413,73.619,73.826,74.033,74.239,74.44,74.635,74.822,74.999,75.167,75.326,75.478,75.625,75.77,75.913,76.057,76.2,76.342,76.484,76.624,76.762,76.899,77.032,77.163,77.292,
Bahrain,BHR,"Life expectancy at birth, female (years)",SP.DYN.LE00.FE.IN,55.392,56.65,57.894,59.104,60.266,61.367,62.403,63.378,64.296,65.157,65.959,66.702,67.39,68.027,68.616,69.161,69.665,70.131,70.562,70.961,71.329,71.664,71.967,72.24,72.486,72.71,72.916,73.109,73.293,73.472,73.651,73.83,74.01,74.19,74.37,74.55,74.73,74.909,75.085,75.258,75.43,75.601,75.771,75.942,76.112,76.282,76.45,76.615,76.776,76.933,77.087,77.24,77.392,77.544,77.696,77.848,77.997,78.143,78.285,78.423,
"Bahamas, The",BHS,"Life expectancy at birth, male (years)",SP.DYN.LE00.MA.IN,62.85,62.969,63.056,63.111,63.14,63.15,63.152,63.155,63.17,63.205,63.266,63.359,63.478,63.619,63.775,63.934,64.082,64.211,64.318,64.407,64.488,64.577,64.69,64.84,65.031,65.264,65.535,65.833,66.143,66.455,66.756,67.037,67.293,67.522,67.723,67.897,68.053,68.2,68.343,68.485,68.623,68.752,68.866,68.964,69.049,69.124,69.197,69.275,69.367,69.478,69.619,69.799,70.014,70.26,70.528,70.802,71.064,71.3,71.499,71.659,
"Bahamas, The",BHS,"Life expectancy at birth, total (years)",SP.DYN.LE00.IN,64.74,64.885,65.011,65.121,65.219,65.31,65.402,65.499,65.607,65.73,65.87,66.031,66.209,66.397,66.593,66.785,66.962,67.118,67.253,67.372,67.488,67.615,67.769,67.962,68.196,68.474,68.793,69.139,69.496,69.854,70.199,70.518,70.807,71.061,71.276,71.451,71.589,71.698,71.786,71.858,71.914,71.954,71.977,71.986,71.988,71.987,71.988,71.998,72.022,72.067,72.144,72.263,72.424,72.62,72.847,73.088,73.329,73.554,73.752,73.918,
"Bahamas, The",BHS,"Life expectancy at birth, female (years)",SP.DYN.LE00.FE.IN,66.383,66.564,66.744,66.925,67.112,67.309,67.519,67.743,67.979,68.225,68.477,68.732,68.983,69.227,69.459,69.676,69.871,70.048,70.213,70.371,70.536,70.719,70.93,71.176,71.459,71.78,72.137,72.52,72.912,73.303,73.678,74.025,74.338,74.608,74.831,75,75.114,75.179,75.204,75.196,75.16,75.101,75.025,74.942,74.859,74.782,74.715,74.659,74.619,74.6,74.614,74.67,74.771,74.914,75.093,75.296,75.509,75.718,75.911,76.081,
Bosnia and Herzegovina,BIH,"Life expectancy at birth, male (years)",SP.DYN.LE00.MA.IN,58.68,59.298,59.879,60.429,60.954,61.466,61.975,62.487,63.003,63.524,64.048,64.571,65.082,65.569,66.024,66.431,66.773,67.05,67.266,67.431,67.577,67.748,67.964,68.226,68.515,68.755,68.849,68.741,68.428,67.952,67.432,67.025,66.861,67.014,67.491,68.231,69.121,70.007,70.768,71.352,71.744,71.967,72.1,72.21,72.323,72.459,72.628,72.821,73.03,73.252,73.479,73.699,73.903,74.084,74.24,74.376,74.499,74.622,74.752,74.893,
Bosnia and Herzegovina,BIH,"Life expectancy at birth, total (years)",SP.DYN.LE00.IN,60.353,61.019,61.646,62.243,62.818,63.381,63.94,64.499,65.059,65.621,66.187,66.756,67.32,67.867,68.39,68.872,69.296,69.657,69.954,70.193,70.399,70.601,70.82,71.061,71.315,71.534,71.65,71.626,71.461,71.184,70.877,70.645,70.577,70.725,71.093,71.645,72.307,72.976,73.569,74.05,74.403,74.637,74.803,74.941,75.068,75.198,75.342,75.498,75.665,75.844,76.031,76.219,76.401,76.569,76.723,76.865,76.998,77.128,77.262,77.401,
Bosnia and Herzegovina,BIH,"Life expectancy at birth, female (years)",SP.DYN.LE00.FE.IN,61.941,62.656,63.331,63.974,64.595,65.204,65.805,66.401,66.994,67.584,68.177,68.775,69.374,69.965,70.54,71.083,71.578,72.017,72.395,72.713,72.982,73.221,73.444,73.664,73.881,74.079,74.231,74.322,74.35,74.331,74.296,74.291,74.352,74.5,74.741,75.065,75.448,75.848,76.232,76.581,76.881,77.128,77.333,77.508,77.659,77.793,77.92,78.047,78.182,78.327,78.484,78.649,78.816,78.98,79.139,79.292,79.439,79.581,79.72,79.857,
Belarus,BLR,"Life expectancy at birth, male (years)",SP.DYN.LE00.MA.IN,65.032,65.519,65.909,66.215,66.447,66.614,66.719,66.768,66.768,66.731,66.669,66.593,66.509,66.42,66.331,66.239,66.132,66.004,65.859,65.707,65.583,65.526,65.557,65.671,65.849,66.7,67.33,66.6,67,66.8,66.3,65.5,64.9,63.8,63.5,62.9,63,62.9,62.7,62.2,63.4,62.8,62.3,62.7,63.2,62.9,63.6,64.5,64.7,64.7,64.6,64.7,66.6,67.3,67.8,68.6,68.9,69.3,69.2,69.3,
Belarus,BLR,"Life expectancy at birth, total (years)",SP.DYN.LE00.IN,67.70809756,68.21265854,68.63582927,68.99207317,69.28992683,69.53741463,69.73460976,69.88165854,69.98263415,70.04514634,70.0792439,70.093,70.09241463,70.08243902,70.06807317,70.04826829,70.01590244,69.96741463,69.90631707,69.84163415,69.80202439,69.81917073,69.90821951,70.06465854,70.27192683,70.99268293,71.5495122,70.9902439,71.34146341,71.48292683,70.83658537,70.37804878,70.02195122,68.97073171,68.76829268,68.46097561,68.51219512,68.46097561,68.40731707,67.90731707,68.91219512,68.50731707,68.05609756,68.55365854,68.95609756,68.85121951,69.40487805,70.20731707,70.45609756,70.40731707,70.40487805,70.55365854,71.96585366,72.47073171,72.97073171,73.62439024,73.82682927,74.12926829,74.17560976,74.22682927,
Belarus,BLR,"Life expectancy at birth, female (years)",SP.DYN.LE00.FE.IN,70.518,71.041,71.499,71.908,72.275,72.607,72.901,73.151,73.358,73.525,73.66,73.768,73.855,73.928,73.992,74.048,74.094,74.129,74.156,74.183,74.232,74.327,74.477,74.678,74.916,75.5,75.98,75.6,75.9,76.4,75.6,75.5,75.4,74.4,74.3,74.3,74.3,74.3,74.4,73.9,74.7,74.5,74.1,74.7,75,75.1,75.5,76.2,76.5,76.4,76.5,76.7,77.6,77.9,78.4,78.9,79,79.2,79.4,79.4,
Belize,BLZ,"Life expectancy at birth, male (years)",SP.DYN.LE00.MA.IN,58.656,59.224,59.808,60.408,61.018,61.631,62.239,62.83,63.396,63.927,64.417,64.859,65.257,65.616,65.944,66.249,66.546,66.844,67.148,67.459,67.781,68.11,68.435,68.74,69.01,69.226,69.371,69.434,69.41,69.298,69.089,68.774,68.373,67.914,67.431,66.972,66.587,66.308,66.153,66.131,66.225,66.401,66.616,66.838,67.061,67.303,67.602,67.985,68.461,69.011,69.594,70.152,70.637,71.014,71.274,71.424,71.495,71.533,71.579,71.65,
Belize,BLZ,"Life expectancy at birth, total (years)",SP.DYN.LE00.IN,59.981,60.531,61.092,61.663,62.241,62.823,63.402,63.971,64.525,65.058,65.566,66.047,66.504,66.939,67.354,67.751,68.135,68.509,68.874,69.229,69.577,69.921,70.257,70.575,70.865,71.11,71.294,71.405,71.437,71.386,71.242,70.996,70.662,70.268,69.845,69.439,69.1,68.858,68.734,68.734,68.847,69.04,69.272,69.511,69.749,69.998,70.286,70.636,71.059,71.541,72.057,72.57,73.044,73.452,73.782,74.034,74.219,74.365,74.496,74.623,
Belize,BLZ,"Life expectancy at birth, female (years)",SP.DYN.LE00.FE.IN,61.332,61.866,62.404,62.946,63.492,64.04,64.589,65.135,65.675,66.207,66.732,67.252,67.766,68.273,68.773,69.262,69.736,70.194,70.631,71.046,71.441,71.82,72.185,72.531,72.85,73.132,73.361,73.527,73.624,73.645,73.581,73.419,73.171,72.861,72.516,72.18,71.898,71.701,71.611,71.635,71.762,71.965,72.204,72.448,72.691,72.937,73.204,73.515,73.88,74.293,74.744,75.215,75.683,76.129,76.537,76.896,77.199,77.453,77.666,77.843,
Bermuda,BMU,"Life expectancy at birth, male (years)",SP.DYN.LE00.MA.IN,,,,,,65.61,,,,,66.89,,,,,,,,,,68.69,,,,,,,,,,,70.01,,,,,,,,,75.3,75.3,75.6,75.7,75.9,76.1,76.4,76.3,76.7,76.806,76.63,77.46,77.99,76.87,77.09,77.3,77.51,77.72,77.92,78.13,
Bermuda,BMU,"Life expectancy at birth, total (years)",SP.DYN.LE00.IN,,,,,,68.89780488,,,,,70.29,,,,,,,,,,72.30463415,,,,,,,,,,,74.0295122,,,,,,,,,77.88536585,77.88536585,78.08780488,78.33414634,78.48536585,78.68536585,78.88780488,78.93414634,79.23658537,79.38843902,79.28853659,81.15268293,81.67780488,80.57243902,80.79731707,81.01219512,81.22707317,81.44195122,81.65170732,81.86658537,
Bermuda,BMU,"Life expectancy at birth, female (years)",SP.DYN.LE00.FE.IN,,,,,,72.35,,,,,73.86,,,,,,,,,,76.1,,,,,,,,,,,78.25,,,,,,,,,80.6,80.6,80.7,81.1,81.2,81.4,81.5,81.7,81.9,82.1,82.08,85.03,85.55,84.46,84.69,84.91,85.13,85.35,85.57,85.79,
Bolivia,BOL,"Life expectancy at birth, male (years)",SP.DYN.LE00.MA.IN,40.521,40.863,41.214,41.573,41.942,42.319,42.706,43.101,43.506,43.92,44.343,44.776,45.218,45.67,46.13,46.6,47.078,47.566,48.062,48.566,49.078,49.599,50.127,50.663,51.207,51.758,52.316,52.88,53.45,54.027,54.609,55.2,55.798,56.402,57.009,57.619,58.227,58.831,59.429,60.016,60.588,61.142,61.678,62.197,62.7,63.192,63.68,64.168,64.656,65.142,65.619,66.078,66.509,66.907,67.271,67.6,67.898,68.173,68.434,68.684,
Bolivia,BOL,"Life expectancy at birth, total (years)",SP.DYN.LE00.IN,41.82,42.15,42.49,42.84,43.199,43.568,43.947,44.337,44.737,45.147,45.568,45.999,46.441,46.893,47.355,47.828,48.312,48.806,49.31,49.824,50.349,50.883,51.427,51.98,52.543,53.115,53.695,54.284,54.881,55.486,56.099,56.721,57.351,57.989,58.631,59.276,59.922,60.566,61.204,61.835,62.452,63.054,63.64,64.21,64.766,65.312,65.853,66.395,66.937,67.476,68.007,68.521,69.01,69.468,69.891,70.277,70.626,70.945,71.239,71.513,
Bolivia,BOL,"Life expectancy at birth, female (years)",SP.DYN.LE00.FE.IN,43.128,43.446,43.774,44.113,44.463,44.825,45.199,45.583,45.979,46.385,46.804,47.233,47.675,48.129,48.594,49.072,49.562,50.065,50.579,51.105,51.644,52.194,52.756,53.329,53.913,54.509,55.114,55.731,56.357,56.992,57.637,58.293,58.958,59.631,60.311,60.995,61.682,62.369,63.053,63.731,64.399,65.054,65.695,66.321,66.934,67.538,68.137,68.736,69.334,69.93,70.518,71.091,71.643,72.166,72.655,73.105,73.512,73.878,74.209,74.508,
Brazil,BRA,"Life expectancy at birth, male (years)",SP.DYN.LE00.MA.IN,52.26,52.678,53.097,53.517,53.937,54.358,54.777,55.195,55.609,56.018,56.421,56.817,57.206,57.587,57.959,58.32,58.667,59,59.319,59.626,59.924,60.214,60.501,60.788,61.08,61.38,61.694,62.02,62.359,62.709,63.066,63.426,63.784,64.137,64.483,64.819,65.145,65.466,65.783,66.1,66.421,66.75,67.09,67.44,67.799,68.166,68.536,68.905,69.266,69.616,69.95,70.265,70.56,70.838,71.099,71.345,71.578,71.804,72.024,72.243,
Brazil,BRA,"Life expectancy at birth, total (years)",SP.DYN.LE00.IN,54.143,54.634,55.13,55.627,56.121,56.61,57.091,57.563,58.025,58.475,58.911,59.332,59.739,60.132,60.513,60.884,61.243,61.595,61.942,62.286,62.63,62.976,63.326,63.68,64.039,64.406,64.782,65.165,65.553,65.947,66.343,66.742,67.141,67.539,67.932,68.318,68.695,69.061,69.419,69.769,70.116,70.462,70.813,71.17,71.531,71.896,72.26,72.618,72.966,73.3,73.619,73.921,74.209,74.483,74.745,74.994,75.23,75.456,75.672,75.881,
Brazil,BRA,"Life expectancy at birth, female (years)",SP.DYN.LE00.FE.IN,56.066,56.637,57.217,57.799,58.376,58.942,59.492,60.027,60.544,61.043,61.518,61.968,62.395,62.801,63.192,63.572,63.947,64.321,64.7,65.087,65.486,65.898,66.32,66.749,67.185,67.625,68.067,68.509,68.949,69.387,69.823,70.26,70.7,71.141,71.583,72.019,72.446,72.859,73.256,73.636,74.003,74.36,74.715,75.069,75.423,75.775,76.122,76.457,76.779,77.085,77.378,77.658,77.929,78.193,78.45,78.698,78.934,79.156,79.362,79.555,
Barbados,BRB,"Life expectancy at birth, male (years)",SP.DYN.LE00.MA.IN,61.593,62.341,62.99,63.551,64.038,64.457,64.814,65.114,65.372,65.605,65.834,66.074,66.336,66.63,66.963,67.344,67.779,68.257,68.761,69.278,69.787,70.268,70.706,71.089,71.414,71.678,71.885,72.052,72.199,72.339,72.489,72.665,72.871,73.111,73.384,73.687,74.013,74.348,74.676,74.988,75.274,75.526,75.745,75.934,76.094,76.23,76.35,76.463,76.576,76.692,76.811,76.931,77.045,77.151,77.252,77.351,77.452,77.562,77.682,77.814,
Barbados,BRB,"Life expectancy at birth, total (years)",SP.DYN.LE00.IN,64.472,65.198,65.831,66.381,66.86,67.275,67.628,67.928,68.187,68.421,68.65,68.89,69.149,69.436,69.756,70.113,70.509,70.931,71.364,71.8,72.222,72.618,72.98,73.303,73.585,73.825,74.029,74.206,74.372,74.534,74.704,74.892,75.101,75.332,75.583,75.852,76.131,76.41,76.68,76.933,77.162,77.362,77.534,77.682,77.808,77.915,78.009,78.097,78.184,78.272,78.364,78.456,78.547,78.633,78.717,78.801,78.888,78.981,79.081,79.19,
Barbados,BRB,"Life expectancy at birth, female (years)",SP.DYN.LE00.FE.IN,66.663,67.355,67.968,68.511,68.996,69.428,69.807,70.14,70.434,70.704,70.969,71.248,71.549,71.878,72.236,72.617,73.013,73.404,73.777,74.125,74.443,74.728,74.988,75.227,75.451,75.66,75.86,76.053,76.243,76.437,76.638,76.854,77.083,77.326,77.577,77.833,78.086,78.329,78.555,78.76,78.94,79.093,79.222,79.332,79.425,79.504,79.573,79.636,79.695,79.755,79.816,79.88,79.945,80.012,80.08,80.152,80.227,80.307,80.392,80.482,
Brunei Darussalam,BRN,"Life expectancy at birth, male (years)",SP.DYN.LE00.MA.IN,53.772,54.863,55.95,56.992,57.958,58.827,59.595,60.286,60.92,61.506,62.054,62.572,63.071,63.556,64.032,64.502,64.964,65.412,65.84,66.243,66.616,66.953,67.253,67.518,67.752,67.961,68.152,68.334,68.516,68.706,68.909,69.13,69.366,69.616,69.879,70.158,70.451,70.757,71.069,71.383,71.692,71.993,72.279,72.547,72.792,73.009,73.192,73.344,73.469,73.571,73.661,73.746,73.835,73.935,74.048,74.175,74.313,74.454,74.593,74.728,
Brunei Darussalam,BRN,"Life expectancy at birth, total (years)",SP.DYN.LE00.IN,54.81,55.81,56.805,57.756,58.638,59.434,60.147,60.803,61.422,62.013,62.582,63.134,63.671,64.196,64.709,65.209,65.696,66.164,66.61,67.031,67.425,67.786,68.117,68.421,68.7,68.96,69.208,69.45,69.691,69.935,70.185,70.439,70.696,70.951,71.207,71.465,71.727,71.994,72.265,72.538,72.809,73.076,73.332,73.575,73.801,74.006,74.189,74.351,74.494,74.623,74.74,74.852,74.962,75.075,75.193,75.318,75.45,75.585,75.722,75.86,
Brunei Darussalam,BRN,"Life expectancy at birth, female (years)",SP.DYN.LE00.FE.IN,55.992,56.888,57.779,58.629,59.417,60.133,60.784,61.399,62,62.592,63.18,63.765,64.342,64.908,65.462,66.004,66.532,67.045,67.542,68.02,68.477,68.909,69.317,69.7,70.059,70.396,70.713,71.013,71.3,71.577,71.844,72.105,72.357,72.602,72.84,73.072,73.298,73.517,73.729,73.935,74.135,74.332,74.525,74.715,74.901,75.082,75.257,75.425,75.586,75.738,75.883,76.022,76.156,76.286,76.416,76.547,76.681,76.819,76.96,77.106,
Bhutan,BTN,"Life expectancy at birth, male (years)",SP.DYN.LE00.MA.IN,34.019,34.356,34.735,35.161,35.634,36.152,36.705,37.278,37.86,38.442,39.015,39.573,40.118,40.658,41.197,41.747,42.324,42.937,43.592,44.289,45.02,45.775,46.539,47.3,48.053,48.798,49.539,50.284,51.038,51.803,52.574,53.347,54.115,54.88,55.643,56.414,57.205,58.022,58.869,59.742,60.635,61.542,62.448,63.335,64.192,65.002,65.754,66.445,67.075,67.645,68.157,68.619,69.042,69.436,69.809,70.164,70.503,70.822,71.123,71.405,
Bhutan,BTN,"Life expectancy at birth, total (years)",SP.DYN.LE00.IN,34.526,34.889,35.29,35.734,36.22,36.745,37.303,37.882,38.469,39.057,39.635,40.194,40.735,41.263,41.784,42.311,42.861,43.447,44.077,44.751,45.464,46.204,46.954,47.702,48.442,49.173,49.901,50.632,51.372,52.122,52.878,53.633,54.384,55.131,55.878,56.636,57.418,58.236,59.089,59.974,60.884,61.808,62.728,63.624,64.483,65.289,66.031,66.709,67.325,67.882,68.384,68.84,69.263,69.662,70.046,70.419,70.781,71.129,71.46,71.777,
Bhutan,BTN,"Life expectancy at birth, female (years)",SP.DYN.LE00.FE.IN,35.053,35.444,35.869,36.332,36.831,37.364,37.927,38.511,39.105,39.7,40.285,40.846,41.383,41.898,42.399,42.9,43.42,43.976,44.577,45.227,45.92,46.643,47.379,48.113,48.839,49.557,50.27,50.986,51.711,52.444,53.183,53.92,54.652,55.379,56.107,56.848,57.621,58.436,59.294,60.19,61.116,62.056,62.99,63.895,64.758,65.56,66.293,66.957,67.558,68.101,68.593,69.043,69.466,69.873,70.272,70.668,71.06,71.444,71.816,72.176,
Botswana,BWA,"Life expectancy at birth, male (years)",SP.DYN.LE00.MA.IN,46.312,46.793,47.252,47.691,48.112,48.523,48.93,49.342,49.765,50.205,50.668,51.16,51.677,52.212,52.759,53.311,53.864,54.407,54.928,55.417,55.876,56.317,56.735,57.113,57.421,57.598,57.575,57.322,56.835,56.137,55.278,54.331,53.381,52.498,51.72,51.041,50.42,49.815,49.215,48.657,48.213,47.97,47.996,48.334,48.995,49.981,51.269,52.78,54.421,56.119,57.802,59.412,60.916,62.282,63.474,64.458,65.22,65.79,66.204,66.485,
Botswana,BWA,"Life expectancy at birth, total (years)",SP.DYN.LE00.IN,49.179,49.684,50.171,50.641,51.099,51.547,51.991,52.435,52.885,53.346,53.824,54.327,54.853,55.398,55.957,56.524,57.091,57.649,58.186,58.692,59.174,59.647,60.109,60.543,60.916,61.167,61.227,61.059,60.651,60.016,59.191,58.232,57.219,56.222,55.284,54.41,53.572,52.749,51.947,51.214,50.629,50.281,50.232,50.518,51.15,52.13,53.435,54.983,56.679,58.447,60.211,61.91,63.511,64.976,66.265,67.338,68.178,68.812,69.275,69.592,
Botswana,BWA,"Life expectancy at birth, female (years)",SP.DYN.LE00.FE.IN,52.076,52.61,53.131,53.641,54.141,54.634,55.117,55.592,56.063,56.533,57.011,57.507,58.025,58.564,59.12,59.688,60.26,60.823,61.366,61.88,62.375,62.868,63.36,63.835,64.259,64.579,64.729,64.669,64.379,63.861,63.131,62.219,61.194,60.119,59.041,57.977,56.922,55.878,54.875,53.972,53.254,52.806,52.679,52.901,53.481,54.422,55.707,57.255,58.97,60.775,62.59,64.35,66.015,67.544,68.89,70.013,70.893,71.559,72.049,72.386,
Central African Republic,CAF,"Life expectancy at birth, male (years)",SP.DYN.LE00.MA.IN,34.811,35.255,35.709,36.18,36.674,37.202,37.776,38.397,39.064,39.771,40.512,41.282,42.064,42.842,43.599,44.321,44.999,45.628,46.201,46.706,47.134,47.476,47.735,47.912,48.008,48.026,47.974,47.858,47.685,47.458,47.167,46.792,46.332,45.799,45.219,44.628,44.064,43.566,43.164,42.88,42.727,42.704,42.787,42.953,43.193,43.5,43.868,44.291,44.763,45.273,45.82,46.406,47.029,47.678,48.338,48.985,49.594,50.152,50.649,51.081,
Central African Republic,CAF,"Life expectancy at birth, total (years)",SP.DYN.LE00.IN,36.249,36.715,37.19,37.683,38.201,38.754,39.355,40.005,40.703,41.444,42.223,43.036,43.866,44.695,45.504,46.275,46.992,47.648,48.233,48.737,49.153,49.476,49.713,49.872,49.955,49.966,49.912,49.797,49.624,49.397,49.104,48.728,48.267,47.731,47.143,46.53,45.922,45.353,44.857,44.461,44.19,44.061,44.063,44.182,44.413,44.744,45.158,45.636,46.161,46.719,47.312,47.95,48.638,49.371,50.129,50.881,51.593,52.24,52.805,53.283,
Central African Republic,CAF,"Life expectancy at birth, female (years)",SP.DYN.LE00.FE.IN,37.746,38.235,38.734,39.251,39.792,40.37,40.998,41.677,42.406,43.181,43.998,44.854,45.733,46.614,47.476,48.296,49.053,49.735,50.331,50.832,51.232,51.532,51.746,51.884,51.952,51.955,51.899,51.785,51.614,51.387,51.094,50.72,50.262,49.728,49.137,48.506,47.854,47.211,46.612,46.092,45.689,45.438,45.345,45.407,45.622,45.972,46.432,46.966,47.545,48.152,48.792,49.484,50.242,51.065,51.928,52.793,53.614,54.354,54.991,55.514,
Canada,CAN,"Life expectancy at birth, male (years)",SP.DYN.LE00.MA.IN,68.26,68.39,68.45,68.41,68.63,68.76,68.78,68.92,69.09,69.16,69.32,69.6,69.49,69.67,69.74,69.99,70.3,70.64,70.92,71.32,71.6,72,72.3,72.7,72.9,73.1,73.3,73.5,73.7,73.9,74.3,74.5,74.7,74.8,74.9,75.2,75.4,75.7,76,76.3,76.6,76.9,77.1,77.4,77.6,77.9,78.1,78.3,78.5,78.8,79.1,79.4,79.6,79.7,79.8,79.9,79.9,79.9,80,80,
Canada,CAN,"Life expectancy at birth, total (years)",SP.DYN.LE00.IN,71.13317073,71.34609756,71.36707317,71.38073171,71.77634146,71.87219512,72.00439024,72.20780488,72.35341463,72.50146341,72.7004878,73.02926829,72.93390244,73.16268293,73.23756098,73.52170732,73.85609756,74.21560976,74.5297561,74.86634146,75.07804878,75.46341463,75.76341463,76.06585366,76.21707317,76.36829268,76.5195122,76.7195122,76.9195122,77.1195122,77.42195122,77.62195122,77.72439024,77.82439024,77.82682927,78.02926829,78.1804878,78.43170732,78.63414634,78.88536585,79.13658537,79.33902439,79.4902439,79.74146341,79.89268293,80.19268293,80.34390244,80.54390244,80.69512195,80.99512195,81.24634146,81.44878049,81.64878049,81.74878049,81.8,81.9,81.9,81.9,82.04878049,82.04878049,
Canada,CAN,"Life expectancy at birth, female (years)",SP.DYN.LE00.FE.IN,74.15,74.45,74.43,74.5,75.08,75.14,75.39,75.66,75.78,76.01,76.25,76.63,76.55,76.83,76.91,77.23,77.59,77.97,78.32,78.59,78.73,79.1,79.4,79.6,79.7,79.8,79.9,80.1,80.3,80.5,80.7,80.9,80.9,81,80.9,81,81.1,81.3,81.4,81.6,81.8,81.9,82,82.2,82.3,82.6,82.7,82.9,83,83.3,83.5,83.6,83.8,83.9,83.9,84,84,84,84.2,84.2,
Central Europe and the Baltics,CEB,"Life expectancy at birth, male (years)",SP.DYN.LE00.MA.IN,65.4110454,65.77087459,65.48770999,66.11667081,66.46995576,66.65612983,66.83760084,66.48606339,66.64195521,66.31850305,66.46670168,66.36770299,66.87995882,66.96171907,67.24581641,67.0006537,67.07990595,66.90879958,66.76638622,66.78788941,66.33511101,66.82034203,66.90072923,66.74538125,66.67136584,66.6267136,66.91571049,66.92784924,67.15735758,66.91959615,66.69874396,66.57141695,66.6599162,66.77410272,66.74128619,66.88368829,67.30040177,67.49591455,67.9092568,68.22362683,68.85748513,69.25798793,69.35031414,69.50428167,69.85255327,69.93958107,70.194511,70.38906735,70.73230684,71.10965494,71.50428227,72.07624877,72.25416425,72.69735015,73.0252147,72.96127514,73.30950476,73.36927353,73.36106653,73.63730411,
Central Europe and the Baltics,CEB,"Life expectancy at birth, total (years)",SP.DYN.LE00.IN,67.82138864,68.26219834,68.00692564,68.69604737,69.05248454,69.2769976,69.52707193,69.27274219,69.5360253,69.2757342,69.44695506,69.48516575,69.92544126,70.06777719,70.30593937,70.17440869,70.3191489,70.24237315,70.14793211,70.23939699,69.8905098,70.37205018,70.45547332,70.38978517,70.34911486,70.31288347,70.56513604,70.61176333,70.86170823,70.73197226,70.65633134,70.5752213,70.73283713,70.84598662,70.86954394,71.02542143,71.33605802,71.51725807,71.89823768,72.18456107,72.71972472,73.09614819,73.24241549,73.38225278,73.73043493,73.84499514,74.09260273,74.25064872,74.57595268,74.93036393,75.29396578,75.88847488,75.9934886,76.35516299,76.67562361,76.57187776,76.96981142,76.94744264,76.97682268,77.14410292,
Central Europe and the Baltics,CEB,"Life expectancy at birth, female (years)",SP.DYN.LE00.FE.IN,70.36795639,70.89501917,70.66815719,71.42136555,71.77953459,72.0440899,72.36528171,72.21221648,72.59081967,72.39699751,72.59229979,72.77521087,73.14045362,73.34582759,73.53657494,73.52518651,73.73948522,73.7602277,73.71710075,73.88148787,73.64167518,74.11910389,74.20419259,74.23270397,74.22584508,74.19543891,74.406097,74.4885062,74.75981163,74.74527198,74.82279393,74.79191474,75.02438682,75.13747661,75.22154658,75.38990749,75.58505621,75.75070392,76.09827797,76.35486063,76.78687465,77.13920766,77.3415849,77.46569573,77.81359214,77.96003047,78.19983104,78.32055235,78.62583517,78.95474758,79.28443754,79.90358318,79.93197568,80.20648806,80.52004791,80.37288523,80.82329374,80.71344871,80.782109,80.83361216,
Switzerland,CHE,"Life expectancy at birth, male (years)",SP.DYN.LE00.MA.IN,68.65,68.84,68.44,68.29,69.19,69.47,69.56,69.7,69.8,69.72,70.03,70.16,70.62,70.98,71.17,71.49,71.6,71.96,71.88,72.31,72.23,72.42,72.79,72.68,73.35,73.48,73.66,73.9,73.89,74.07,73.94,74.1,74.45,74.9,75.15,75.3,75.94,76.26,76.3,76.8,76.9,77.4,77.8,78,78.6,78.7,79.1,79.4,79.7,79.8,80.1,80.5,80.6,80.7,81.1,80.8,81.7,81.6,81.9,81.9,
Switzerland,CHE,"Life expectancy at birth, total (years)",SP.DYN.LE00.IN,71.31341463,71.64487805,71.19609756,71.18756098,72.07780488,72.20170732,72.33560976,72.63658537,72.5902439,72.61268293,73.0202439,73.13073171,73.64439024,73.94097561,74.28707317,74.66560976,74.78536585,75.23804878,75.18731707,75.46609756,75.45926829,75.69317073,76.03390244,76.03121951,76.60853659,76.73365854,76.89902439,77.19756098,77.22658537,77.42121951,77.24243902,77.51463415,77.80609756,78.08536585,78.35,78.41707317,78.89609756,79.0795122,79.32439024,79.5804878,79.6804878,80.1804878,80.38536585,80.53658537,81.08780488,81.23658537,81.4902439,81.74146341,81.99268293,82.04390244,82.24634146,82.69512195,82.69756098,82.79756098,83.19756098,82.89756098,83.60243902,83.55121951,83.75365854,83.70487805,
Switzerland,CHE,"Life expectancy at birth, female (years)",SP.DYN.LE00.FE.IN,74.11,74.59,74.09,74.23,75.11,75.07,75.25,75.72,75.52,75.65,76.16,76.25,76.82,77.05,77.56,78,78.13,78.68,78.66,78.78,78.85,79.13,79.44,79.55,80.03,80.15,80.3,80.66,80.73,80.94,80.71,81.1,81.33,81.43,81.71,81.69,82,82.04,82.5,82.5,82.6,83.1,83.1,83.2,83.7,83.9,84,84.2,84.4,84.4,84.5,85,84.9,85,85.4,85.1,85.6,85.6,85.7,85.6,
Channel Islands,CHI,"Life expectancy at birth, male (years)",SP.DYN.LE00.MA.IN,67.811,67.871,67.934,68.006,68.091,68.189,68.293,68.396,68.495,68.589,68.681,68.776,68.88,68.997,69.132,69.289,69.47,69.675,69.898,70.137,70.383,70.631,70.873,71.105,71.328,71.539,71.737,71.931,72.129,72.342,72.586,72.882,73.235,73.644,74.1,74.581,75.063,75.518,75.928,76.284,76.587,76.845,77.079,77.307,77.537,77.776,78.027,78.287,78.552,78.822,79.092,79.36,79.621,79.873,80.113,80.341,80.559,80.769,80.974,81.173,
Channel Islands,CHI,"Life expectancy at birth, total (years)",SP.DYN.LE00.IN,70.739,70.833,70.928,71.03,71.143,71.265,71.391,71.512,71.623,71.726,71.823,71.919,72.02,72.133,72.261,72.409,72.58,72.773,72.983,73.208,73.439,73.668,73.89,74.101,74.3,74.486,74.66,74.829,75.004,75.192,75.41,75.673,75.988,76.351,76.755,77.184,77.616,78.028,78.406,78.742,79.037,79.3,79.548,79.795,80.045,80.298,80.553,80.802,81.041,81.268,81.483,81.688,81.883,82.071,82.252,82.429,82.6,82.766,82.928,83.086,
Channel Islands,CHI,"Life expectancy at birth, female (years)",SP.DYN.LE00.FE.IN,73.61,73.741,73.871,74.007,74.152,74.304,74.456,74.599,74.729,74.845,74.95,75.049,75.149,75.256,75.375,75.512,75.669,75.846,76.038,76.244,76.455,76.664,76.865,77.053,77.229,77.392,77.544,77.691,77.844,78.009,78.198,78.425,78.691,78.996,79.334,79.694,80.061,80.419,80.756,81.068,81.356,81.63,81.9,82.175,82.453,82.729,82.992,83.234,83.448,83.633,83.793,83.931,84.058,84.181,84.304,84.428,84.553,84.677,84.798,84.915,
Chile,CHL,"Life expectancy at birth, male (years)",SP.DYN.LE00.MA.IN,54.604,54.936,55.294,55.68,56.095,56.543,57.022,57.532,58.069,58.631,59.217,59.827,60.456,61.103,61.76,62.425,63.094,63.765,64.432,65.087,65.723,66.334,66.918,67.47,67.989,68.471,68.915,69.324,69.703,70.056,70.386,70.699,70.997,71.287,71.57,71.852,72.133,72.412,72.688,72.963,73.235,73.503,73.768,74.028,74.283,74.534,74.78,75.025,75.267,75.507,75.745,75.981,76.214,76.443,76.669,76.892,77.113,77.333,77.552,77.771,
Chile,CHL,"Life expectancy at birth, total (years)",SP.DYN.LE00.IN,57.219,57.616,58.031,58.467,58.927,59.415,59.931,60.474,61.044,61.637,62.254,62.895,63.555,64.231,64.917,65.609,66.307,67.005,67.698,68.378,69.033,69.655,70.239,70.782,71.282,71.737,72.148,72.524,72.872,73.198,73.509,73.808,74.1,74.386,74.671,74.957,75.244,75.53,75.813,76.092,76.366,76.634,76.894,77.146,77.391,77.63,77.865,78.099,78.33,78.558,78.779,78.986,79.176,79.349,79.504,79.646,79.779,79.909,80.042,80.181,
Chile,CHL,"Life expectancy at birth, female (years)",SP.DYN.LE00.FE.IN,60.056,60.519,60.991,61.477,61.979,62.502,63.047,63.617,64.209,64.825,65.463,66.125,66.808,67.505,68.212,68.925,69.643,70.36,71.07,71.762,72.422,73.038,73.604,74.117,74.577,74.983,75.343,75.668,75.97,76.258,76.538,76.818,77.097,77.376,77.657,77.943,78.232,78.521,78.808,79.089,79.364,79.628,79.881,80.123,80.355,80.579,80.8,81.021,81.242,81.458,81.661,81.841,81.99,82.106,82.191,82.25,82.293,82.333,82.381,82.442,
China,CHN,"Life expectancy at birth, male (years)",SP.DYN.LE00.MA.IN,42.433,42.767,43.473,44.596,46.116,47.956,49.992,52.062,54.022,55.794,57.331,58.635,59.77,60.791,61.709,62.532,63.265,63.912,64.481,64.982,65.426,65.823,66.175,66.486,66.761,66.995,67.178,67.306,67.384,67.425,67.446,67.468,67.511,67.592,67.724,67.916,68.173,68.483,68.831,69.207,69.595,69.981,70.351,70.697,71.013,71.297,71.551,71.788,72.017,72.244,72.476,72.72,72.976,73.242,73.517,73.793,74.061,74.315,74.549,74.761,
China,CHN,"Life expectancy at birth, total (years)",SP.DYN.LE00.IN,43.725,44.051,44.783,45.972,47.592,49.549,51.696,53.847,55.843,57.603,59.085,60.303,61.344,62.281,63.134,63.915,64.631,65.278,65.857,66.377,66.844,67.26,67.627,67.949,68.231,68.473,68.673,68.831,68.954,69.054,69.145,69.242,69.355,69.496,69.67,69.885,70.14,70.428,70.737,71.063,71.397,71.732,72.061,72.381,72.689,72.985,73.271,73.553,73.835,74.119,74.409,74.708,75.013,75.321,75.629,75.928,76.21,76.47,76.704,76.912,
China,CHN,"Life expectancy at birth, female (years)",SP.DYN.LE00.FE.IN,45.191,45.497,46.243,47.486,49.194,51.258,53.506,55.727,57.748,59.484,60.898,62.018,62.955,63.799,64.58,65.316,66.015,66.664,67.259,67.804,68.299,68.742,69.132,69.471,69.766,70.023,70.248,70.45,70.637,70.819,71.004,71.2,71.407,71.626,71.858,72.103,72.358,72.617,72.878,73.141,73.405,73.674,73.951,74.237,74.535,74.845,75.17,75.508,75.855,76.208,76.566,76.926,77.284,77.635,77.972,78.288,78.574,78.828,79.051,79.244,
Cote d'Ivoire,CIV,"Life expectancy at birth, male (years)",SP.DYN.LE00.MA.IN,35.648,36.399,37.134,37.847,38.54,39.22,39.898,40.585,41.289,42.012,42.754,43.513,44.279,45.039,45.783,46.498,47.177,47.812,48.399,48.934,49.418,49.857,50.256,50.618,50.939,51.212,51.428,51.578,51.655,51.656,51.571,51.389,51.118,50.775,50.377,49.946,49.501,49.066,48.67,48.341,48.107,47.987,47.982,48.092,48.317,48.66,49.12,49.677,50.307,50.986,51.689,52.396,53.091,53.756,54.375,54.935,55.428,55.864,56.251,56.593,
Cote d'Ivoire,CIV,"Life expectancy at birth, total (years)",SP.DYN.LE00.IN,36.095,36.948,37.78,38.583,39.358,40.115,40.873,41.647,42.449,43.276,44.123,44.979,45.824,46.64,47.418,48.147,48.825,49.456,50.041,50.579,51.072,51.525,51.94,52.314,52.645,52.922,53.139,53.286,53.357,53.35,53.254,53.062,52.779,52.423,52.013,51.569,51.109,50.657,50.242,49.891,49.635,49.495,49.475,49.572,49.788,50.12,50.561,51.091,51.682,52.313,52.964,53.62,54.271,54.906,55.508,56.065,56.567,57.017,57.422,57.783,
Cote d'Ivoire,CIV,"Life expectancy at birth, female (years)",SP.DYN.LE00.FE.IN,36.568,37.533,38.473,39.378,40.247,41.096,41.948,42.828,43.745,44.695,45.666,46.636,47.575,48.461,49.282,50.033,50.717,51.349,51.937,52.485,52.995,53.471,53.909,54.304,54.65,54.94,55.162,55.312,55.382,55.372,55.271,55.071,54.78,54.414,53.994,53.536,53.059,52.586,52.145,51.765,51.476,51.305,51.255,51.325,51.514,51.818,52.226,52.713,53.251,53.822,54.41,55.007,55.609,56.208,56.791,57.344,57.854,58.32,58.741,59.119,
Cameroon,CMR,"Life expectancy at birth, male (years)",SP.DYN.LE00.MA.IN,40.579,41.051,41.522,41.988,42.449,42.905,43.359,43.815,44.276,44.743,45.222,45.716,46.223,46.741,47.264,47.784,48.296,48.791,49.262,49.702,50.114,50.503,50.872,51.216,51.527,51.788,51.979,52.087,52.105,52.031,51.858,51.579,51.214,50.794,50.353,49.94,49.601,49.369,49.266,49.304,49.485,49.795,50.196,50.65,51.134,51.625,52.106,52.573,53.026,53.462,53.889,54.323,54.777,55.258,55.76,56.27,56.768,57.235,57.656,58.029,
Cameroon,CMR,"Life expectancy at birth, total (years)",SP.DYN.LE00.IN,41.785,42.255,42.721,43.182,43.639,44.095,44.555,45.025,45.509,46.008,46.523,47.053,47.593,48.135,48.675,49.205,49.719,50.213,50.682,51.123,51.537,51.933,52.312,52.67,52.997,53.273,53.476,53.591,53.611,53.536,53.362,53.088,52.738,52.343,51.936,51.554,51.238,51.009,50.885,50.878,50.993,51.222,51.536,51.908,52.321,52.76,53.215,53.681,54.153,54.627,55.101,55.581,56.073,56.576,57.083,57.583,58.063,58.511,58.921,59.292,
Cameroon,CMR,"Life expectancy at birth, female (years)",SP.DYN.LE00.FE.IN,43.011,43.477,43.939,44.395,44.847,45.301,45.766,46.251,46.759,47.289,47.84,48.406,48.978,49.546,50.102,50.64,51.154,51.645,52.112,52.552,52.969,53.372,53.763,54.136,54.481,54.774,54.992,55.117,55.141,55.065,54.891,54.624,54.293,53.928,53.558,53.214,52.922,52.697,52.551,52.495,52.538,52.676,52.894,53.174,53.508,53.889,54.313,54.777,55.271,55.786,56.312,56.844,57.377,57.904,58.418,58.908,59.367,59.795,60.192,60.561,
"Congo, Dem. Rep.",COD,"Life expectancy at birth, male (years)",SP.DYN.LE00.MA.IN,39.64,39.855,40.072,40.298,40.538,40.8,41.092,41.411,41.752,42.107,42.46,42.793,43.092,43.352,43.575,43.771,43.96,44.16,44.386,44.64,44.918,45.208,45.495,45.766,46.02,46.263,46.512,46.776,47.055,47.338,47.592,47.772,47.858,47.85,47.769,47.663,47.595,47.623,47.79,48.114,48.598,49.223,49.939,50.698,51.47,52.229,52.957,53.651,54.307,54.917,55.479,55.997,56.481,56.941,57.378,57.79,58.174,58.528,58.852,59.147,
"Congo, Dem. Rep.",COD,"Life expectancy at birth, total (years)",SP.DYN.LE00.IN,41.098,41.312,41.529,41.755,41.995,42.257,42.549,42.868,43.208,43.563,43.915,44.247,44.545,44.804,45.026,45.222,45.41,45.609,45.833,46.086,46.363,46.651,46.937,47.208,47.461,47.705,47.955,48.221,48.502,48.787,49.043,49.225,49.311,49.302,49.22,49.111,49.04,49.066,49.233,49.557,50.041,50.667,51.385,52.144,52.917,53.675,54.401,55.091,55.743,56.35,56.909,57.427,57.914,58.381,58.828,59.254,59.655,60.026,60.368,60.681,
"Congo, Dem. Rep.",COD,"Life expectancy at birth, female (years)",SP.DYN.LE00.FE.IN,42.465,42.681,42.9,43.127,43.367,43.63,43.922,44.242,44.584,44.94,45.295,45.63,45.93,46.192,46.415,46.612,46.8,47,47.225,47.479,47.757,48.047,48.335,48.608,48.864,49.112,49.365,49.634,49.918,50.206,50.464,50.648,50.735,50.727,50.646,50.539,50.469,50.496,50.665,50.991,51.478,52.106,52.825,53.586,54.359,55.116,55.84,56.527,57.175,57.778,58.335,58.853,59.346,59.821,60.282,60.726,61.147,61.539,61.901,62.233,
"Congo, Rep.",COG,"Life expectancy at birth, male (years)",SP.DYN.LE00.MA.IN,43.247,43.822,44.368,44.884,45.371,45.833,46.277,46.708,47.13,47.547,47.956,48.356,48.742,49.111,49.463,49.8,50.126,50.446,50.756,51.052,51.33,51.582,51.801,51.979,52.107,52.174,52.171,52.099,51.964,51.778,51.544,51.27,50.974,50.682,50.419,50.217,50.098,50.078,50.17,50.388,50.751,51.274,51.941,52.728,53.607,54.545,55.506,56.456,57.365,58.207,58.969,59.65,60.265,60.829,61.342,61.801,62.202,62.546,62.837,63.082,
"Congo, Rep.",COG,"Life expectancy at birth, total (years)",SP.DYN.LE00.IN,45.721,46.338,46.928,47.486,48.016,48.517,48.993,49.448,49.887,50.313,50.725,51.126,51.514,51.888,52.249,52.6,52.944,53.282,53.611,53.927,54.226,54.506,54.76,54.978,55.15,55.26,55.294,55.247,55.119,54.917,54.638,54.281,53.867,53.424,52.984,52.583,52.252,52.016,51.899,51.925,52.123,52.517,53.091,53.817,54.667,55.6,56.573,57.541,58.466,59.321,60.093,60.785,61.423,62.022,62.582,63.097,63.556,63.954,64.29,64.57,
"Congo, Rep.",COG,"Life expectancy at birth, female (years)",SP.DYN.LE00.FE.IN,48.351,49.006,49.634,50.233,50.802,51.339,51.846,52.323,52.775,53.205,53.617,54.013,54.397,54.77,55.135,55.494,55.85,56.202,56.544,56.874,57.192,57.499,57.788,58.049,58.269,58.427,58.503,58.486,58.368,58.15,57.821,57.373,56.826,56.215,55.578,54.957,54.391,53.918,53.574,53.393,53.416,53.673,54.149,54.813,55.633,56.562,57.548,58.537,59.482,60.354,61.141,61.851,62.515,63.153,63.765,64.339,64.86,65.316,65.703,66.023,
Colombia,COL,"Life expectancy at birth, male (years)",SP.DYN.LE00.MA.IN,55.205,55.754,56.278,56.781,57.27,57.749,58.222,58.688,59.146,59.599,60.047,60.491,60.929,61.36,61.785,62.205,62.625,63.045,63.461,63.868,64.256,64.616,64.938,65.218,65.454,65.64,65.772,65.858,65.917,65.966,66.036,66.16,66.356,66.631,66.986,67.406,67.869,68.341,68.795,69.215,69.594,69.931,70.24,70.533,70.813,71.085,71.354,71.621,71.887,72.154,72.422,72.689,72.95,73.205,73.45,73.686,73.91,74.124,74.33,74.528,
Colombia,COL,"Life expectancy at birth, total (years)",SP.DYN.LE00.IN,57.269,57.813,58.329,58.825,59.308,59.784,60.257,60.729,61.201,61.675,62.152,62.629,63.105,63.578,64.047,64.518,64.994,65.477,65.964,66.451,66.926,67.38,67.802,68.187,68.529,68.823,69.065,69.266,69.436,69.591,69.75,69.936,70.161,70.433,70.752,71.112,71.497,71.887,72.264,72.619,72.945,73.241,73.517,73.777,74.026,74.265,74.5,74.732,74.962,75.193,75.424,75.655,75.882,76.105,76.322,76.531,76.732,76.925,77.109,77.287,
Colombia,COL,"Life expectancy at birth, female (years)",SP.DYN.LE00.FE.IN,59.375,59.908,60.414,60.899,61.373,61.843,62.317,62.796,63.282,63.778,64.284,64.797,65.313,65.828,66.343,66.863,67.395,67.942,68.503,69.071,69.638,70.191,70.72,71.215,71.671,72.081,72.443,72.766,73.058,73.325,73.579,73.828,74.079,74.339,74.609,74.89,75.18,75.47,75.754,76.03,76.294,76.544,76.781,77.007,77.223,77.43,77.63,77.825,78.019,78.212,78.405,78.598,78.789,78.978,79.164,79.346,79.523,79.694,79.859,80.019,
Comoros,COM,"Life expectancy at birth, male (years)",SP.DYN.LE00.MA.IN,39.96,40.361,40.768,41.175,41.581,41.985,42.39,42.799,43.214,43.637,44.063,44.488,44.911,45.333,45.76,46.204,46.68,47.197,47.757,48.359,48.996,49.658,50.328,50.992,51.64,52.267,52.874,53.464,54.038,54.591,55.118,55.614,56.073,56.492,56.866,57.184,57.434,57.619,57.748,57.833,57.895,57.956,58.036,58.153,58.319,58.542,58.825,59.154,59.513,59.89,60.27,60.636,60.978,61.289,61.564,61.804,62.015,62.21,62.399,62.587,
Comoros,COM,"Life expectancy at birth, total (years)",SP.DYN.LE00.IN,41.447,41.846,42.245,42.644,43.043,43.446,43.858,44.283,44.724,45.179,45.642,46.103,46.557,47.001,47.441,47.887,48.356,48.86,49.406,49.992,50.615,51.265,51.925,52.58,53.221,53.843,54.446,55.033,55.605,56.154,56.677,57.168,57.623,58.038,58.407,58.722,58.972,59.16,59.294,59.388,59.46,59.529,59.617,59.738,59.904,60.126,60.407,60.734,61.094,61.475,61.862,62.24,62.595,62.922,63.214,63.471,63.7,63.912,64.118,64.321,
Comoros,COM,"Life expectancy at birth, female (years)",SP.DYN.LE00.FE.IN,42.999,43.392,43.781,44.168,44.557,44.956,45.374,45.817,46.285,46.776,47.279,47.779,48.266,48.733,49.185,49.631,50.089,50.576,51.103,51.67,52.276,52.91,53.557,54.201,54.833,55.449,56.048,56.632,57.201,57.747,58.266,58.753,59.202,59.611,59.975,60.286,60.536,60.728,60.87,60.975,61.06,61.142,61.24,61.367,61.537,61.758,62.037,62.363,62.724,63.109,63.503,63.892,64.263,64.606,64.917,65.195,65.444,65.675,65.9,66.121,
Cabo Verde,CPV,"Life expectancy at birth, male (years)",SP.DYN.LE00.MA.IN,47.24,47.419,47.681,48.037,48.487,49.01,49.574,50.146,50.707,51.259,51.832,52.474,53.218,54.072,55.017,56.004,56.969,57.85,58.602,59.211,59.68,60.038,60.338,60.625,60.92,61.235,61.576,61.927,62.275,62.617,62.942,63.236,63.495,63.719,63.914,64.097,64.289,64.507,64.76,65.046,65.35,65.648,65.918,66.144,66.326,66.472,66.598,66.728,66.878,67.056,67.268,67.511,67.773,68.045,68.319,68.588,68.846,69.089,69.316,69.526,
Cabo Verde,CPV,"Life expectancy at birth, total (years)",SP.DYN.LE00.IN,48.461,48.66,48.944,49.323,49.797,50.345,50.934,51.532,52.119,52.698,53.298,53.97,54.745,55.631,56.609,57.63,58.626,59.535,60.312,60.941,61.425,61.794,62.101,62.392,62.689,63.004,63.338,63.678,64.015,64.349,64.676,64.992,65.298,65.598,65.899,66.224,66.596,67.026,67.512,68.041,68.583,69.099,69.557,69.932,70.219,70.424,70.565,70.676,70.786,70.911,71.062,71.243,71.445,71.661,71.886,72.117,72.347,72.57,72.782,72.981,
Cabo Verde,CPV,"Life expectancy at birth, female (years)",SP.DYN.LE00.FE.IN,49.595,49.81,50.111,50.51,51.006,51.578,52.192,52.816,53.429,54.034,54.66,55.358,56.159,57.072,58.076,59.12,60.136,61.06,61.847,62.481,62.968,63.336,63.643,63.937,64.237,64.556,64.891,65.226,65.555,65.881,66.209,66.541,66.884,67.247,67.642,68.092,68.625,69.244,69.938,70.683,71.439,72.153,72.784,73.301,73.695,73.968,74.143,74.262,74.363,74.467,74.588,74.732,74.89,75.058,75.236,75.423,75.616,75.812,76.007,76.197,
Costa Rica,CRI,"Life expectancy at birth, male (years)",SP.DYN.LE00.MA.IN,58.901,59.466,60.011,60.529,61.018,61.476,61.905,62.315,62.718,63.128,63.564,64.045,64.579,65.167,65.803,66.475,67.168,67.855,68.518,69.139,69.71,70.224,70.689,71.111,71.492,71.834,72.138,72.411,72.658,72.888,73.106,73.319,73.529,73.739,73.95,74.163,74.374,74.579,74.774,74.959,75.13,75.286,75.428,75.559,75.68,75.794,75.905,76.015,76.128,76.245,76.367,76.492,76.62,76.751,76.886,77.029,77.185,77.354,77.539,77.739,
Costa Rica,CRI,"Life expectancy at birth, total (years)",SP.DYN.LE00.IN,60.381,61.018,61.638,62.236,62.807,63.348,63.862,64.358,64.847,65.339,65.844,66.378,66.943,67.541,68.17,68.825,69.501,70.182,70.853,71.501,72.113,72.678,73.193,73.657,74.07,74.429,74.738,75.006,75.243,75.456,75.654,75.844,76.028,76.211,76.394,76.579,76.765,76.948,77.124,77.293,77.452,77.601,77.74,77.871,77.996,78.117,78.239,78.362,78.491,78.626,78.769,78.919,79.074,79.234,79.398,79.565,79.738,79.914,80.095,80.279,
Costa Rica,CRI,"Life expectancy at birth, female (years)",SP.DYN.LE00.FE.IN,61.996,62.714,63.421,64.109,64.771,65.405,66.013,66.604,67.186,67.766,68.348,68.937,69.534,70.14,70.757,71.391,72.047,72.721,73.405,74.086,74.747,75.369,75.939,76.445,76.882,77.248,77.546,77.791,77.998,78.178,78.339,78.491,78.636,78.779,78.924,79.074,79.228,79.383,79.536,79.685,79.83,79.97,80.105,80.236,80.365,80.494,80.627,80.766,80.914,81.07,81.236,81.414,81.601,81.794,81.989,82.184,82.374,82.557,82.73,82.893,
Caribbean small states,CSS,"Life expectancy at birth, male (years)",SP.DYN.LE00.MA.IN,60.91992306,61.30226455,61.65479718,61.98295806,62.29059438,62.5781576,62.84322414,63.0857962,63.30871533,63.51787102,63.72277982,63.93353694,64.15764389,64.39744851,64.65318705,64.9213745,65.19373637,65.46100616,65.71707922,65.96107842,66.19428494,66.41816299,66.63778732,66.85541498,67.07133848,67.28806687,67.50972453,67.73584326,67.96342059,68.18655292,68.39617383,68.57972211,68.73063356,68.84817561,68.9371147,69.00539075,69.06393732,69.1253359,69.19712102,69.28222994,69.38098434,69.48973938,69.60290553,69.71493776,69.82615158,69.93665156,70.04766102,70.16034054,70.27481447,70.39083434,70.50810743,70.62711992,70.74764432,70.86861372,70.99058223,71.11102956,71.22763733,71.33997919,71.44739295,71.54975127,
Caribbean small states,CSS,"Life expectancy at birth, total (years)",SP.DYN.LE00.IN,62.74630572,63.12612953,63.47645324,63.80444039,64.1137962,64.40771857,64.6846643,64.94362496,65.18699358,65.41993137,65.64881537,65.88038941,66.1188858,66.36499881,66.61829172,66.87568199,67.13336877,67.38520559,67.62784621,67.86142352,68.08670901,68.30313108,68.51780596,68.71894169,68.92093805,69.12267545,69.32978327,69.54871511,69.76319261,69.98419355,70.19762945,70.39400583,70.58807357,70.71254412,70.83448841,70.93751467,71.02898551,71.1637653,71.21031083,71.31027893,71.41917942,71.53799942,71.71336257,71.79199379,71.923541,72.05570873,72.18703608,72.31605654,72.4407885,72.56174942,72.67940423,72.79529509,72.91180938,73.03013854,73.15059179,73.2730249,73.39595799,73.51748995,73.63710628,73.75473231,
Caribbean small states,CSS,"Life expectancy at birth, female (years)",SP.DYN.LE00.FE.IN,64.57304097,64.94566427,65.290142,65.61482019,65.92571069,66.22674548,66.51869132,66.79952918,67.06975333,67.33302371,67.59265353,67.85087944,68.10869122,68.36436323,68.61724619,68.866301,69.11004652,69.34756538,69.57953797,69.80568455,70.02582105,70.23836843,70.44271033,70.63886687,70.82889052,71.01660963,71.20954921,71.41000612,71.61893583,71.83482768,72.05096906,72.2597497,72.45383763,72.62977253,72.78771525,72.92966634,73.05898509,73.18127393,73.30085873,73.42089076,73.54476431,73.67521945,73.81315148,73.95705697,74.10745502,74.25974861,74.41012018,74.55484639,74.69107044,74.81846633,74.93834037,75.05253451,75.16550508,75.28049991,75.39876704,75.5210485,75.64681442,75.77467283,75.90319066,76.03260466,
Cuba,CUB,"Life expectancy at birth, male (years)",SP.DYN.LE00.MA.IN,62.271,62.894,63.527,64.169,64.814,65.454,66.079,66.682,67.256,67.798,68.307,68.79,69.252,69.699,70.129,70.542,70.933,71.297,71.629,71.926,72.182,72.391,72.554,72.675,72.758,72.806,72.823,72.816,72.8,72.787,72.796,72.843,72.935,73.076,73.263,73.491,73.748,74.018,74.284,74.538,74.776,74.996,75.204,75.403,75.591,75.766,75.923,76.062,76.183,76.285,76.368,76.434,76.485,76.528,76.565,76.604,76.647,76.699,76.763,76.84,
Cuba,CUB,"Life expectancy at birth, total (years)",SP.DYN.LE00.IN,63.834,64.446,65.066,65.695,66.327,66.956,67.573,68.171,68.744,69.29,69.809,70.306,70.787,71.255,71.707,72.138,72.543,72.915,73.249,73.543,73.794,74.004,74.175,74.315,74.427,74.511,74.566,74.595,74.607,74.615,74.638,74.696,74.801,74.957,75.164,75.412,75.686,75.964,76.23,76.475,76.699,76.905,77.105,77.303,77.499,77.688,77.864,78.019,78.15,78.256,78.338,78.4,78.446,78.485,78.521,78.561,78.607,78.662,78.726,78.802,
Cuba,CUB,"Life expectancy at birth, female (years)",SP.DYN.LE00.FE.IN,65.62,66.22,66.83,67.447,68.069,68.688,69.298,69.892,70.464,71.012,71.538,72.046,72.541,73.024,73.492,73.936,74.348,74.719,75.046,75.326,75.564,75.764,75.935,76.087,76.222,76.338,76.428,76.489,76.527,76.551,76.584,76.651,76.765,76.936,77.16,77.427,77.715,77.999,78.259,78.49,78.693,78.879,79.064,79.257,79.459,79.661,79.853,80.022,80.161,80.269,80.346,80.398,80.435,80.467,80.5,80.539,80.587,80.643,80.706,80.779,
Curacao,CUW,"Life expectancy at birth, male (years)",SP.DYN.LE00.MA.IN,,,,,,,,,,,,,,,,,,,,,,,,,,,,,,,,,,,,,,,,,,,,,,,71.1,71.9,71.7,72.4,,74.4,74.5,74.9,75,75.1,74.5,74.7,,,
Curacao,CUW,"Life expectancy at birth, total (years)",SP.DYN.LE00.IN,,,,,,,,,,,,,,,,,,,,,,,,,,,,,,,,,,,,,,,,,,,,,,,74.7097561,75.36341463,75.3097561,76.15609756,,77.47317073,77.52439024,77.82682927,77.97560976,78.07560976,77.7195122,78.01707317,,,
Curacao,CUW,"Life expectancy at birth, female (years)",SP.DYN.LE00.FE.IN,,,,,,,,,,,,,,,,,,,,,,,,,,,,,,,,,,,,,,,,,,,,,,,78.5,79,79.1,80.1,,80.7,80.7,80.9,81.1,81.2,81.1,81.5,,,
Cayman Islands,CYM,"Life expectancy at birth, male (years)",SP.DYN.LE00.MA.IN,,,,,,,,,,,,,,,,,,,,,,,,,,,,,,,,,,,,,,,,,,,,,,,,,,,79.8,,,,,,,,,,
Cayman Islands,CYM,"Life expectancy at birth, total (years)",SP.DYN.LE00.IN,,,,,,,,,,,,,,,,,,,,,,,,,,,,,,,,,,,,,,,,,,,,,,,,,,,82.1902439,,,,,,,,,,
Cayman Islands,CYM,"Life expectancy at birth, female (years)",SP.DYN.LE00.FE.IN,,,,,,,,,,,,,,,,,,,,,,,,,,,,,,,,,,,,,,,,,,,,,,,,,,,84.7,,,,,,,,,,
Cyprus,CYP,"Life expectancy at birth, male (years)",SP.DYN.LE00.MA.IN,67.625,67.957,68.279,68.592,68.895,69.189,69.474,69.752,70.022,70.286,70.542,70.792,71.036,71.273,71.504,71.728,71.947,72.16,72.368,72.571,72.769,72.963,73.151,73.335,73.515,73.691,73.863,74.031,74.195,74.355,74.513,74.667,74.818,74.967,75.112,75.255,75.396,75.534,75.67,75.803,75.933,76.059,76.18,76.299,76.416,76.535,76.659,76.79,76.93,77.081,77.243,77.415,77.596,77.782,77.973,78.165,78.356,78.547,78.735,78.921,
Cyprus,CYP,"Life expectancy at birth, total (years)",SP.DYN.LE00.IN,69.618,69.949,70.272,70.587,70.895,71.197,71.491,71.776,72.052,72.318,72.576,72.825,73.067,73.302,73.53,73.753,73.971,74.183,74.39,74.592,74.79,74.983,75.173,75.358,75.54,75.718,75.893,76.064,76.231,76.394,76.554,76.712,76.866,77.017,77.166,77.312,77.456,77.598,77.738,77.875,78.009,78.139,78.264,78.385,78.506,78.63,78.764,78.91,79.071,79.245,79.43,79.621,79.812,79.999,80.178,80.35,80.513,80.672,80.828,80.982,
Cyprus,CYP,"Life expectancy at birth, female (years)",SP.DYN.LE00.FE.IN,71.655,71.993,72.32,72.636,72.943,73.241,73.53,73.81,74.082,74.346,74.603,74.853,75.097,75.335,75.566,75.792,76.013,76.229,76.439,76.644,76.844,77.039,77.23,77.415,77.597,77.774,77.949,78.12,78.288,78.453,78.616,78.776,78.934,79.088,79.24,79.389,79.536,79.681,79.825,79.967,80.106,80.24,80.368,80.494,80.618,80.748,80.892,81.053,81.232,81.428,81.634,81.841,82.04,82.225,82.391,82.539,82.671,82.794,82.913,83.032,
Czech Republic,CZE,"Life expectancy at birth, male (years)",SP.DYN.LE00.MA.IN,67.5,67.62,66.86,67.28,67.44,67.09,67.18,67.03,66.47,65.85,66.05,66.16,66.84,66.53,66.75,67,67.04,67.11,67.2,67.33,66.8,67.21,67.32,67.05,67.34,67.5,67.49,67.87,68.1,68.1,67.54,68.23,68.54,69.28,69.48,69.67,70.3,70.42,71.1,71.4,71.7,72.1,72.1,72,72.6,72.9,73.5,73.7,74,74.2,74.4,74.8,75.1,75.2,75.8,75.7,76.1,76.1,76.2,76.3,
Czech Republic,CZE,"Life expectancy at birth, total (years)",SP.DYN.LE00.IN,70.34878049,70.51268293,69.78682927,70.30439024,70.4595122,70.16317073,70.38487805,70.26414634,69.84073171,69.36707317,69.4402439,69.67707317,70.17658537,70.02268293,70.08658537,70.41463415,70.53268293,70.57341463,70.64390244,70.7495122,70.27804878,70.72219512,70.80780488,70.59146341,70.83756098,71.04634146,70.99731707,71.44560976,71.64146341,71.67560976,71.38390244,71.89829268,72.27170732,72.76780488,72.97268293,73.07487805,73.71463415,73.82487805,74.51463415,74.66829268,74.96829268,75.17317073,75.22195122,75.17073171,75.72195122,75.92439024,76.52439024,76.72439024,76.97560976,77.07804878,77.42439024,77.87317073,78.07560976,78.17560976,78.82439024,78.57804878,79.02682927,78.97804878,79.02926829,79.12926829,
Czech Republic,CZE,"Life expectancy at birth, female (years)",SP.DYN.LE00.FE.IN,73.34,73.55,72.86,73.48,73.63,73.39,73.75,73.66,73.38,73.06,73,73.37,73.68,73.69,73.59,74,74.2,74.21,74.26,74.34,73.93,74.41,74.47,74.31,74.51,74.77,74.68,75.2,75.36,75.43,75.42,75.75,76.19,76.43,76.64,76.65,77.3,77.4,78.1,78.1,78.4,78.4,78.5,78.5,79,79.1,79.7,79.9,80.1,80.1,80.6,81.1,81.2,81.3,82,81.6,82.1,82,82,82.1,
Germany,DEU,"Life expectancy at birth, male (years)",SP.DYN.LE00.MA.IN,66.751,66.908,67.053,67.184,67.302,67.405,67.488,67.554,67.609,67.658,67.711,67.778,67.867,67.984,68.132,68.311,68.52,68.751,68.995,69.25,69.514,69.786,70.067,70.353,70.64,70.92,71.183,71.427,71.652,71.859,72.058,72.1,72.6,72.7,73.1,73.3,73.6,74,74.5,74.8,75,75.5,75.4,75.6,75.9,76.2,76.4,76.9,77.2,77.3,77.5,77.9,78.1,78.1,78.7,78.3,78.6,78.7,78.6,78.6,
Germany,DEU,"Life expectancy at birth, total (years)",SP.DYN.LE00.IN,69.31002439,69.508,69.69153659,69.85960976,70.01370732,70.15182927,70.27141463,70.374,70.46509756,70.55068293,70.63978049,70.74287805,70.867,71.01668293,71.19541463,71.40173171,71.63414634,71.88368293,72.14329268,72.40853659,72.67790244,72.95039024,73.227,73.50519512,73.78292683,74.05463415,74.31373171,74.55968293,74.7924878,75.01314634,75.2277561,75.3195122,75.8195122,75.87073171,76.27073171,76.42195122,76.67317073,77.07317073,77.47560976,77.72682927,77.92682927,78.32926829,78.22926829,78.3804878,78.6804878,78.93170732,79.13170732,79.53414634,79.73658537,79.83658537,79.98780488,80.43658537,80.53902439,80.4902439,81.0902439,80.64146341,80.9902439,80.99268293,80.89268293,80.94146341,
Germany,DEU,"Life expectancy at birth, female (years)",SP.DYN.LE00.FE.IN,71.997,72.238,72.462,72.669,72.861,73.036,73.194,73.335,73.464,73.588,73.715,73.856,74.017,74.201,74.412,74.647,74.904,75.173,75.449,75.725,76,76.273,76.545,76.815,77.083,77.346,77.601,77.849,78.09,78.325,78.556,78.7,79.2,79.2,79.6,79.7,79.9,80.3,80.6,80.8,81,81.3,81.2,81.3,81.6,81.8,82,82.3,82.4,82.5,82.6,83.1,83.1,83,83.6,83.1,83.5,83.4,83.3,83.4,
Djibouti,DJI,"Life expectancy at birth, male (years)",SP.DYN.LE00.MA.IN,42.732,43.165,43.592,44.013,44.434,44.873,45.354,45.888,46.477,47.11,47.76,48.392,48.975,49.489,49.93,50.308,50.649,50.983,51.335,51.712,52.111,52.523,52.929,53.311,53.664,53.982,54.266,54.523,54.753,54.958,55.13,55.262,55.353,55.407,55.43,55.43,55.415,55.399,55.397,55.42,55.484,55.598,55.763,55.98,56.249,56.565,56.915,57.293,57.694,58.125,58.612,59.191,59.876,60.659,61.516,62.399,63.245,64,64.629,65.116,
Djibouti,DJI,"Life expectancy at birth, total (years)",SP.DYN.LE00.IN,44.038,44.469,44.892,45.309,45.727,46.166,46.654,47.203,47.814,48.476,49.16,49.827,50.442,50.982,51.442,51.832,52.177,52.513,52.865,53.241,53.639,54.049,54.451,54.828,55.174,55.488,55.772,56.032,56.271,56.488,56.678,56.831,56.943,57.017,57.056,57.065,57.05,57.022,56.998,56.992,57.022,57.1,57.235,57.427,57.682,57.991,58.34,58.719,59.124,59.561,60.062,60.667,61.395,62.239,63.171,64.136,65.064,65.893,66.582,67.112,
Djibouti,DJI,"Life expectancy at birth, female (years)",SP.DYN.LE00.FE.IN,45.375,45.802,46.221,46.633,47.047,47.485,47.977,48.54,49.172,49.863,50.581,51.282,51.928,52.494,52.972,53.374,53.726,54.066,54.42,54.798,55.199,55.61,56.011,56.386,56.728,57.038,57.322,57.585,57.834,58.065,58.273,58.448,58.585,58.68,58.738,58.758,58.743,58.704,58.658,58.621,58.613,58.653,58.751,58.914,59.149,59.449,59.8,60.189,60.611,61.074,61.611,62.269,63.066,63.994,65.021,66.086,67.109,68.023,68.778,69.357,
Dominica,DMA,"Life expectancy at birth, male (years)",SP.DYN.LE00.MA.IN,,,,,,,,,,,,,,,,,,,,,,,70,,,,,70.5,,,,,72,,,,,74,,,,,74.5,,,,,,,,,,,,,,,,,,
Dominica,DMA,"Life expectancy at birth, total (years)",SP.DYN.LE00.IN,,,,,,,,,,,,,,,,,,,,,,,71.46341463,,,,,71.96341463,,,,,73.95121951,,,,,75.95121951,,,,,76.59756098,,,,,,,,,,,,,,,,,,
Dominica,DMA,"Life expectancy at birth, female (years)",SP.DYN.LE00.FE.IN,,,,,,,,,,,,,,,,,,,,,,,73,,,,,73.5,,,,,76,,,,,78,,,,,78.8,,,,,,,,,,,,,,,,,,
Denmark,DNK,"Life expectancy at birth, male (years)",SP.DYN.LE00.MA.IN,70.44,70.57,70.31,70.42,70.29,70.2,70.21,70.61,70.78,70.86,70.88,70.8,70.8,70.97,70.94,71.28,70.93,71.73,71.51,71.19,71.17,71.25,71.6,71.44,71.65,71.53,71.77,71.74,72.04,71.99,72.02,72.47,72.56,72.59,72.78,72.72,73.05,73.55,73.7,74,74.3,74.5,74.7,74.9,75.2,75.6,75.9,76,76.3,76.5,77.1,77.8,78.1,78.3,78.7,78.8,79,79.2,79.1,79.3,
Denmark,DNK,"Life expectancy at birth, total (years)",SP.DYN.LE00.IN,72.17658537,72.43829268,72.3197561,72.4004878,72.48512195,72.37073171,72.44414634,72.92219512,73.12146341,73.22097561,73.34341463,73.41463415,73.43902439,73.68219512,73.80829268,74.07512195,73.7397561,74.63243902,74.39292683,74.21926829,74.10170732,74.2304878,74.55121951,74.4204878,74.56219512,74.42756098,74.5797561,74.69121951,74.77170732,74.7997561,74.80536585,75.15780488,75.19414634,75.11682927,75.37512195,75.21268293,75.59146341,75.94512195,76.13902439,76.34146341,76.59268293,76.79268293,76.89512195,77.14390244,77.49268293,77.84390244,78.09512195,78.19512195,78.44634146,78.59756098,79.1,79.8,80.05121951,80.3,80.7,80.70243902,80.85365854,81.10243902,80.95365854,81.20243902,
Denmark,DNK,"Life expectancy at birth, female (years)",SP.DYN.LE00.FE.IN,74,74.4,74.43,74.48,74.79,74.65,74.79,75.35,75.58,75.7,75.93,76.16,76.21,76.53,76.82,77.01,76.69,77.68,77.42,77.4,77.18,77.36,77.65,77.55,77.62,77.47,77.53,77.79,77.64,77.75,77.73,77.98,77.96,77.77,78.1,77.83,78.26,78.46,78.7,78.8,79,79.2,79.2,79.5,79.9,80.2,80.4,80.5,80.7,80.8,81.2,81.9,82.1,82.4,82.8,82.7,82.8,83.1,82.9,83.2,
Dominican Republic,DOM,"Life expectancy at birth, male (years)",SP.DYN.LE00.MA.IN,50.283,50.979,51.664,52.336,52.995,53.64,54.269,54.882,55.479,56.057,56.618,57.159,57.682,58.186,58.671,59.135,59.575,59.992,60.387,60.762,61.118,61.458,61.785,62.103,62.415,62.723,63.03,63.336,63.641,63.942,64.239,64.528,64.806,65.072,65.325,65.565,65.793,66.011,66.225,66.436,66.65,66.873,67.105,67.348,67.6,67.859,68.118,68.374,68.621,68.858,69.087,69.309,69.529,69.75,69.97,70.189,70.403,70.609,70.805,70.991,
Dominican Republic,DOM,"Life expectancy at birth, total (years)",SP.DYN.LE00.IN,51.602,52.306,52.997,53.675,54.34,54.993,55.635,56.267,56.889,57.498,58.093,58.671,59.229,59.764,60.277,60.764,61.226,61.663,62.079,62.477,62.861,63.234,63.601,63.964,64.326,64.692,65.065,65.443,65.822,66.201,66.574,66.932,67.272,67.591,67.887,68.164,68.425,68.677,68.925,69.175,69.429,69.69,69.957,70.227,70.499,70.771,71.041,71.304,71.559,71.806,72.046,72.284,72.523,72.763,73.003,73.241,73.471,73.689,73.892,74.081,
Dominican Republic,DOM,"Life expectancy at birth, female (years)",SP.DYN.LE00.FE.IN,53.088,53.799,54.498,55.183,55.855,56.518,57.176,57.829,58.478,59.121,59.753,60.369,60.964,61.533,62.075,62.588,63.071,63.529,63.967,64.391,64.805,65.215,65.626,66.04,66.462,66.894,67.341,67.799,68.262,68.726,69.179,69.612,70.017,70.391,70.734,71.048,71.342,71.625,71.907,72.192,72.483,72.779,73.076,73.372,73.664,73.951,74.229,74.499,74.761,75.015,75.264,75.513,75.764,76.018,76.273,76.525,76.765,76.99,77.196,77.381,
Algeria,DZA,"Life expectancy at birth, male (years)",SP.DYN.LE00.MA.IN,45.44,45.883,46.325,46.764,47.198,47.62,48.023,48.408,48.781,49.152,49.529,49.921,50.344,50.814,51.351,51.986,52.751,53.649,54.669,55.79,56.983,58.211,59.426,60.584,61.651,62.593,63.388,64.05,64.598,65.045,65.413,65.731,66.028,66.333,66.664,67.033,67.441,67.873,68.32,68.78,69.253,69.744,70.25,70.765,71.281,71.784,72.261,72.702,73.102,73.456,73.766,74.036,74.278,74.502,74.713,74.917,75.115,75.307,75.494,75.676,
Algeria,DZA,"Life expectancy at birth, total (years)",SP.DYN.LE00.IN,46.141,46.599,47.056,47.509,47.958,48.394,48.811,49.21,49.597,49.982,50.372,50.773,51.201,51.676,52.218,52.866,53.661,54.609,55.7,56.909,58.198,59.519,60.813,62.029,63.13,64.087,64.884,65.545,66.097,66.554,66.938,67.27,67.575,67.877,68.194,68.54,68.919,69.323,69.745,70.183,70.64,71.116,71.605,72.101,72.594,73.072,73.521,73.936,74.311,74.644,74.938,75.199,75.436,75.661,75.878,76.09,76.298,76.499,76.693,76.88,
Algeria,DZA,"Life expectancy at birth, female (years)",SP.DYN.LE00.FE.IN,46.865,47.333,47.801,48.265,48.723,49.17,49.597,50.006,50.404,50.8,51.199,51.608,52.041,52.519,53.067,53.729,54.554,55.554,56.716,58.014,59.4,60.814,62.187,63.46,64.596,65.567,66.367,67.031,67.591,68.065,68.471,68.826,69.146,69.452,69.76,70.087,70.441,70.819,71.218,71.638,72.08,72.542,73.015,73.491,73.959,74.409,74.829,75.215,75.563,75.875,76.152,76.403,76.637,76.863,77.085,77.306,77.524,77.735,77.938,78.133,
East Asia & Pacific (excluding high income),EAP,"Life expectancy at birth, male (years)",SP.DYN.LE00.MA.IN,44.0058798,44.44327952,45.13300147,46.10829032,47.37500978,48.86934431,50.49317133,52.12735156,53.66388671,55.04906593,56.2542428,57.28794527,58.20135506,59.04164221,59.8202825,60.5446547,61.21956228,61.84215235,62.41127447,62.92639589,63.38881237,63.80725549,64.18891737,64.53625326,64.85207539,65.13516387,65.37823803,65.57771115,65.73593307,65.86095802,65.96433574,66.06015035,66.16273622,66.28559822,66.43944521,66.63183399,66.8678846,67.14097538,67.44162555,67.76396239,68.09790585,68.43445077,68.76329057,69.07798463,69.3741255,69.65026835,69.90629943,70.15032139,70.38770444,70.62160173,70.85679384,71.09862006,71.34769285,71.60299607,71.86314949,72.12184184,72.37156158,72.60701522,72.82214871,73.01585366,
East Asia & Pacific (excluding high income),EAP,"Life expectancy at birth, total (years)",SP.DYN.LE00.IN,45.61324211,46.05825631,46.77432867,47.79880996,49.13719285,50.71338482,52.41280084,54.10111599,55.65976263,57.03299284,58.19554169,59.16426029,60.00715611,60.78377472,61.51220955,62.20307596,62.86278102,63.48285698,64.05795014,64.58727736,65.06898345,65.50485645,65.90065529,66.25835611,66.58140362,66.8719652,67.12958977,67.35458513,67.55037493,67.72465375,67.88613844,68.04362509,68.20324328,68.37449277,68.56247875,68.77409377,69.01087448,69.27021865,69.54577635,69.83606727,70.13617325,70.44228545,70.74836533,71.05126632,71.34881739,71.64072952,71.92756969,72.21234651,72.49664016,72.78072417,73.06626429,73.35512056,73.64529838,73.93437855,74.22047338,74.49622774,74.75561089,74.99494391,75.21050112,75.40250587,
East Asia & Pacific (excluding high income),EAP,"Life expectancy at birth, female (years)",SP.DYN.LE00.FE.IN,47.40141937,47.84481403,48.57786129,49.64152605,51.04116108,52.69038403,54.45700299,56.19167018,57.76609646,59.12137981,60.2350765,61.13305273,61.89975809,62.60650127,63.27831475,63.93045729,64.57061612,65.1850023,65.76590493,66.30999076,66.81166751,67.26851248,67.68222789,68.0531477,68.38583228,68.68738908,68.96375159,69.22239709,69.46848217,69.70732758,69.9427839,70.17794094,70.41126281,70.64354276,70.87707157,71.1135629,71.3531801,71.59499667,71.83991231,72.08968691,72.34536105,72.61033039,72.88588351,73.17162261,73.46941521,73.77941387,74.10276318,74.43725986,74.77850469,75.12278366,75.46747063,75.80913153,76.1444545,76.46937691,76.77863247,77.06717057,77.32880701,77.56309627,77.77062691,77.95317258,
Early-demographic dividend,EAR,"Life expectancy at birth, male (years)",SP.DYN.LE00.MA.IN,44.68455504,45.33205259,45.91654356,46.43710152,47.0035318,47.558663,48.1520763,48.67458699,49.18162932,49.6761267,50.16447656,50.65225915,51.1429347,51.64068843,52.14461453,52.65200471,53.15731646,53.64826169,54.11841001,54.56325188,54.98367504,55.38817067,55.78634307,56.19263375,56.60976877,57.04098664,57.48109483,57.92641368,58.36839043,58.80543421,59.24200829,59.66613555,60.08241854,60.49308282,60.89050595,61.27106231,61.63648552,61.98392919,62.3208794,62.65130635,62.97409864,63.29582185,63.61576117,63.94029936,64.27030642,64.60863536,64.95814783,65.31523445,65.67791004,66.04259437,66.40178936,66.75318263,67.08982085,67.41053773,67.70924328,67.9850889,68.24125697,68.47721526,68.70041436,68.91140997,
Early-demographic dividend,EAR,"Life expectancy at birth, total (years)",SP.DYN.LE00.IN,45.09089808,45.74935975,46.34439402,46.87490936,47.45643711,48.02842029,48.64363722,49.18719749,49.71629388,50.23498277,50.74937089,51.26822371,51.7935434,52.33452505,52.88440767,53.44275702,54.00367522,54.55359138,55.08662524,55.59597795,56.07816374,56.53664535,56.97972307,57.41750882,57.85364748,58.29198523,58.73169803,59.17196661,59.60825715,60.04785655,60.49126279,60.92843936,61.36292616,61.7947182,62.21500072,62.61931898,63.0057222,63.37328621,63.72612031,64.06879148,64.40307724,64.73386604,65.0651669,65.40225897,65.74821736,66.10620881,66.48034464,66.86664715,67.26249961,67.66168986,68.05602104,68.43890413,68.80320526,69.1451634,69.46091897,69.74850623,70.01123507,70.2542347,70.48323834,70.70120132,
Early-demographic dividend,EAR,"Life expectancy at birth, female (years)",SP.DYN.LE00.FE.IN,45.57154731,46.24145892,46.84718825,47.3878793,47.98495257,48.57568579,49.21275408,49.77782356,50.32948418,50.87337215,51.4166289,51.96877762,52.53081273,53.11774913,53.71758583,54.332617,54.95539627,55.57341332,56.1790508,56.76255374,57.31705587,57.83799678,58.33048159,58.80161913,59.25420052,59.69282501,60.12152467,60.54657126,60.96714369,61.40279756,61.84812697,62.29553729,62.74809342,63.20148284,63.64569134,64.07394098,64.48155373,64.86733713,65.23495543,65.58689203,65.93059167,66.26879545,66.60944013,66.95944412,67.32271401,67.70238633,68.10473,68.52442328,68.95812548,69.39602273,69.82875762,70.24621642,70.64060774,71.00650147,71.33955252,71.63944893,71.90934045,72.15879015,72.39337051,72.61796952,
East Asia & Pacific,EAS,"Life expectancy at birth, male (years)",SP.DYN.LE00.MA.IN,46.60085622,47.08716374,47.72990848,48.65064415,49.77912442,51.07263853,52.53479533,53.96957776,55.3257197,56.55471941,57.6462823,58.63813147,59.49743798,60.27000427,61.025868,61.73229857,62.35875602,62.93133968,63.43662259,63.90063597,64.2877165,64.68578662,65.06493949,65.37606854,65.70033262,65.98657515,66.24181903,66.45467033,66.59774576,66.74075554,66.84192706,66.95576897,67.05048966,67.17859277,67.34367083,67.50759109,67.77342783,68.04680031,68.32517771,68.64118947,68.97625021,69.31711715,69.62792114,69.9349126,70.22746088,70.47949133,70.75130856,70.99829935,71.22518912,71.46827374,71.68022982,71.90004995,72.16342793,72.42380164,72.68107568,72.93734204,73.17531124,73.40565664,73.61110998,73.80698161,
East Asia & Pacific,EAS,"Life expectancy at birth, total (years)",SP.DYN.LE00.IN,48.42912109,48.92768911,49.59176155,50.55753933,51.74364988,53.10145295,54.62323858,56.09866197,57.47033552,58.69046374,59.73092969,60.6565772,61.44844569,62.14950271,62.84398971,63.51177584,64.12511664,64.7094247,65.23410202,65.72795866,66.14431562,66.56429509,66.95983016,67.28264845,67.61531432,67.90456531,68.1722705,68.40952569,68.5815835,68.77189409,68.92722262,69.09758693,69.24627377,69.41880344,69.61835012,69.79646699,70.06449976,70.32575167,70.5848518,70.85517128,71.17191877,71.48171716,71.77476486,72.06752825,72.36114457,72.62462075,72.9216443,73.20093388,73.4698955,73.75912516,74.01299917,74.26594882,74.56212909,74.84821672,75.12518901,75.39259466,75.63558325,75.86603308,76.06886392,76.26243391,
East Asia & Pacific,EAS,"Life expectancy at birth, female (years)",SP.DYN.LE00.FE.IN,50.43951581,50.94251259,51.61953607,52.62207272,53.85646289,55.27040025,56.84407436,58.35288754,59.73441278,60.94122734,61.92446954,62.77841062,63.49713807,64.11981577,64.74564036,65.36938817,65.96609477,66.56069465,67.10627617,67.63225351,68.08004452,68.52567825,68.94125635,69.27843891,69.62194259,69.91704255,70.2009473,70.46980499,70.68149527,70.93270208,71.15622388,71.39719165,71.61469168,71.84256885,72.08696441,72.28408168,72.55650204,72.80256885,73.03817451,73.25392246,73.54461195,73.8136236,74.08285548,74.3563401,74.64998841,74.92691169,75.25374452,75.57290561,75.8927011,76.23702824,76.54005392,76.83011176,77.16203102,77.4750228,77.76873513,78.04298805,78.28404544,78.50631648,78.6986051,78.88301504,
Europe & Central Asia (excluding high income),ECA,"Life expectancy at birth, male (years)",SP.DYN.LE00.MA.IN,59.82213465,60.32629956,60.69502616,61.02813254,61.2774244,61.44393312,61.55206754,61.6017325,61.68651367,61.7040005,61.76067033,61.90034071,61.95944641,62.06854604,62.08541054,61.87114719,61.82327014,61.71080439,61.76061904,61.65621164,61.77023522,61.99188655,62.37135933,62.53002359,62.5432455,63.11181176,64.08148222,64.27374519,64.28668686,64.11300577,63.85677027,63.68405559,62.90730877,61.53555247,60.9181052,60.99311534,61.73527426,62.60002322,62.97726939,62.70945087,62.69699335,62.86375544,62.96331861,63.09204992,63.41898894,63.53125468,64.28249477,64.86527828,65.2514473,65.99932211,66.41856361,67.08096401,67.53920182,68.03526939,68.27248163,68.69506372,69.11135979,69.65059101,69.81827242,70.1048872,
Europe & Central Asia (excluding high income),ECA,"Life expectancy at birth, total (years)",SP.DYN.LE00.IN,63.35144617,63.87016255,64.26198538,64.62411762,64.9194101,65.14097118,65.30708572,65.42255914,65.56320109,65.64656769,65.88965785,66.09253793,66.13508301,66.24396443,66.34804129,66.16633136,66.14751076,66.15351899,66.21906506,66.15935305,66.28412594,66.49741187,66.82982903,66.94961839,66.94509455,67.35601575,68.11571117,68.2877495,68.36124245,68.31357724,68.18032848,67.98074987,67.2387997,66.32487313,66.1036111,66.11231996,66.71447809,67.34365849,67.70727538,67.49924181,67.55779547,67.69915597,67.78110673,67.90584809,68.25261285,68.38942279,69.01877997,69.53270624,69.84921827,70.46219966,70.79417891,71.36997055,71.73476082,72.17342436,72.39365767,72.70711506,73.06201085,73.50941417,73.67542874,73.93540012,
Europe & Central Asia (excluding high income),ECA,"Life expectancy at birth, female (years)",SP.DYN.LE00.FE.IN,67.02828783,67.56164834,67.97734996,68.37091938,68.71506983,68.99544772,69.22401642,69.40965876,69.61195815,69.76591194,70.21493332,70.48591638,70.51101962,70.62006091,70.82122124,70.67703171,70.69181006,70.82865358,70.91217052,70.90108192,71.03804974,71.24916174,71.53115698,71.60848021,71.58352458,71.82204916,72.35530168,72.50709442,72.64962715,72.73951454,72.73920802,72.49345172,71.7847258,71.36791462,71.58128968,71.52459145,71.98308869,72.35721846,72.71057282,72.56742277,72.72061223,72.82903007,72.8990783,73.02627576,73.39518694,73.5567715,74.05142904,74.49180433,74.72450261,75.18745107,75.42375853,75.90379123,76.16316778,76.53557521,76.73396131,76.92489879,77.21018304,77.55471472,77.71630147,77.94593352,
Europe & Central Asia,ECS,"Life expectancy at birth, male (years)",SP.DYN.LE00.MA.IN,64.0876777,64.40878545,64.45421559,64.67829365,65.0274316,65.13701368,65.29818823,65.36710092,65.38077329,65.3199387,65.51046128,65.57694014,65.79520841,65.87115528,66.0227666,65.94769301,66.01782023,66.10632045,66.17657727,66.26212657,66.34346721,66.62033434,66.93569748,67.01034508,67.15491976,67.44089547,68.02518865,68.23876348,68.33772486,68.33433454,68.26597574,68.19044769,68.06994358,67.56387472,67.46813657,67.5878205,68.12136258,68.65549953,69.02053412,69.03171661,69.17635417,69.48439461,69.63491903,69.79210898,70.22405527,70.39827393,70.95263604,71.36283701,71.6982439,72.17308138,72.52873612,73.07110583,73.32405726,73.70552865,74.04888079,74.093661,74.47035853,74.74557508,74.86090369,75.02194906,
Europe & Central Asia,ECS,"Life expectancy at birth, total (years)",SP.DYN.LE00.IN,67.02654187,67.38864125,67.48004143,67.74718001,68.1418944,68.29079794,68.49867838,68.62062123,68.68901643,68.69425148,68.96923633,69.105678,69.30979424,69.404934,69.60873161,69.5832179,69.6839976,69.85636606,69.9454524,70.06396869,70.16834713,70.4327372,70.72309241,70.79233315,70.94291381,71.15577277,71.64146652,71.85869386,71.98607775,72.0491867,72.04945555,71.97959823,71.86397577,71.52110793,71.60006035,71.68063826,72.11524562,72.53165455,72.85293451,72.87508354,73.02937654,73.29341895,73.40800271,73.51599248,73.95912136,74.12110113,74.61886358,74.97698178,75.24343241,75.6430448,75.94401852,76.4599787,76.6233616,76.9556184,77.28278569,77.24067802,77.5955353,77.78843132,77.91015258,78.03128034,
Europe & Central Asia,ECS,"Life expectancy at birth, female (years)",SP.DYN.LE00.FE.IN,70.12956379,70.53231797,70.66937008,70.98098605,71.42329525,71.61382199,71.87118429,72.04902028,72.17572083,72.25026541,72.62054353,72.83039467,73.01957547,73.13357015,73.39589143,73.42328868,73.55716676,73.82058943,73.92965564,74.08401914,74.21220125,74.48195281,74.74467006,74.80634184,74.96238697,75.09230406,75.46753612,75.6885517,75.8491399,75.98649013,76.06229635,75.99048071,75.88344475,75.72767023,76.00301924,76.04578595,76.3766586,76.66340258,76.93994599,76.97428137,77.14878713,77.36560982,77.44611823,77.50782173,77.96495274,78.11590431,78.55039432,78.8529471,79.04228674,79.3570449,79.59833574,80.08338761,80.14780432,80.42529444,80.73422999,80.59451336,80.92346169,81.02544689,81.15176487,81.22850261,
Ecuador,ECU,"Life expectancy at birth, male (years)",SP.DYN.LE00.MA.IN,51.692,52.253,52.803,53.339,53.86,54.366,54.858,55.336,55.806,56.27,56.729,57.183,57.635,58.087,58.544,59.014,59.503,60.015,60.548,61.1,61.664,62.235,62.801,63.354,63.887,64.397,64.881,65.343,65.785,66.209,66.613,67.001,67.372,67.73,68.076,68.413,68.741,69.063,69.376,69.681,69.976,70.257,70.522,70.771,71.004,71.225,71.436,71.642,71.847,72.055,72.266,72.483,72.703,72.926,73.152,73.378,73.606,73.833,74.058,74.282,
Ecuador,ECU,"Life expectancy at birth, total (years)",SP.DYN.LE00.IN,52.982,53.547,54.098,54.635,55.158,55.669,56.174,56.676,57.181,57.69,58.203,58.718,59.232,59.745,60.258,60.774,61.298,61.834,62.382,62.942,63.512,64.089,64.669,65.246,65.814,66.371,66.911,67.436,67.943,68.431,68.899,69.347,69.777,70.189,70.587,70.972,71.348,71.716,72.075,72.425,72.761,73.078,73.371,73.641,73.887,74.112,74.319,74.514,74.705,74.895,75.089,75.289,75.495,75.707,75.923,76.143,76.365,76.584,76.8,77.01,
Ecuador,ECU,"Life expectancy at birth, female (years)",SP.DYN.LE00.FE.IN,54.295,54.864,55.418,55.956,56.481,57,57.519,58.048,58.591,59.149,59.722,60.303,60.886,61.465,62.038,62.606,63.169,63.731,64.295,64.864,65.44,66.026,66.621,67.224,67.831,68.438,69.04,69.632,70.209,70.768,71.304,71.817,72.308,72.78,73.233,73.672,74.098,74.516,74.923,75.318,75.696,76.048,76.37,76.658,76.914,77.14,77.339,77.521,77.694,77.863,78.036,78.217,78.407,78.604,78.81,79.021,79.233,79.442,79.645,79.838,
"Egypt, Arab Rep.",EGY,"Life expectancy at birth, male (years)",SP.DYN.LE00.MA.IN,46.822,47.325,47.787,48.22,48.631,49.016,49.36,49.658,49.916,50.153,50.402,50.705,51.088,51.567,52.141,52.794,53.495,54.205,54.894,55.552,56.184,56.811,57.456,58.13,58.827,59.524,60.19,60.801,61.342,61.813,62.233,62.63,63.036,63.469,63.931,64.408,64.876,65.307,65.68,65.991,66.241,66.444,66.619,66.787,66.957,67.138,67.332,67.537,67.747,67.962,68.178,68.391,68.596,68.791,68.974,69.144,69.302,69.453,69.599,69.742,
"Egypt, Arab Rep.",EGY,"Life expectancy at birth, total (years)",SP.DYN.LE00.IN,48.042,48.609,49.134,49.628,50.101,50.545,50.945,51.292,51.592,51.865,52.146,52.479,52.894,53.408,54.021,54.717,55.465,56.222,56.958,57.659,58.332,58.995,59.671,60.372,61.091,61.806,62.487,63.11,63.662,64.143,64.572,64.978,65.392,65.831,66.298,66.779,67.249,67.68,68.051,68.357,68.602,68.796,68.961,69.116,69.271,69.434,69.608,69.788,69.971,70.159,70.349,70.543,70.736,70.928,71.117,71.302,71.482,71.656,71.825,71.99,
"Egypt, Arab Rep.",EGY,"Life expectancy at birth, female (years)",SP.DYN.LE00.FE.IN,49.265,49.901,50.492,51.053,51.592,52.1,52.559,52.959,53.304,53.615,53.929,54.293,54.741,55.291,55.945,56.688,57.486,58.295,59.081,59.831,60.549,61.251,61.96,62.689,63.43,64.162,64.857,65.491,66.053,66.544,66.982,67.398,67.821,68.27,68.744,69.231,69.706,70.139,70.51,70.814,71.053,71.239,71.394,71.537,71.679,71.825,71.978,72.134,72.29,72.449,72.613,72.787,72.97,73.161,73.36,73.563,73.766,73.967,74.162,74.35,
Euro area,EMU,"Life expectancy at birth, male (years)",SP.DYN.LE00.MA.IN,66.63886894,66.95375178,66.86462933,66.97830882,67.38807546,67.44380931,67.69602745,67.79504999,67.80075372,67.75169846,68.1034265,68.1528623,68.4786059,68.55346396,68.82817847,68.91095016,69.14354702,69.45998648,69.6642115,69.96296823,70.14770623,70.41697898,70.76874003,70.84866976,71.17458398,71.3638106,71.69080603,71.95820735,72.14048874,72.34922993,72.50053897,72.57221116,72.91950788,73.07158275,73.37917957,73.55164117,73.86627912,74.29672681,74.55341652,74.80955526,75.09443338,75.46160024,75.60559783,75.72063272,76.27333583,76.45518008,76.88243288,77.17101711,77.45706053,77.67512433,77.93740652,78.41267184,78.49048265,78.82188104,79.26979916,78.99032963,79.3613319,79.43401136,79.55192551,79.59504958,
Euro area,EMU,"Life expectancy at birth, total (years)",SP.DYN.LE00.IN,69.29058096,69.66027108,69.61739228,69.78554513,70.24430599,70.3291237,70.60485703,70.74398969,70.79340931,70.79960134,71.1581516,71.26596769,71.60541093,71.70035162,72.02606201,72.16923442,72.4346683,72.79004211,73.01112086,73.33436589,73.52860665,73.81138516,74.15439701,74.22894199,74.58734665,74.75718784,75.05677777,75.34820613,75.5359304,75.76188342,75.91180793,76.02616244,76.38125681,76.48795159,76.79627393,76.95586062,77.21844944,77.58153598,77.79717886,78.0212365,78.27507038,78.59711255,78.68446787,78.70717949,79.27870164,79.42628302,79.8561324,80.09988192,80.30291579,80.50518151,80.74678096,81.23282485,81.22715818,81.51232872,81.9429827,81.5692291,81.95454532,81.93231636,82.0598817,82.03854822,
Euro area,EMU,"Life expectancy at birth, female (years)",SP.DYN.LE00.FE.IN,72.08048924,72.50731624,72.51183011,72.73669751,73.24649303,73.36203049,73.66254755,73.84364286,73.93918224,74.00335781,74.36931932,74.53825959,74.89233218,75.0082149,75.38784711,75.59451871,75.89425943,76.29017646,76.52905791,76.87827417,77.08250143,77.37963943,77.71333591,77.78225204,78.17403501,78.32286652,78.59318738,78.90950198,79.10330946,79.34892076,79.4980982,79.65828416,80.02246091,80.08297826,80.39327216,80.53891925,80.74568958,81.03841956,81.21079847,81.40111189,81.62231512,81.8982204,81.92629351,81.85165144,82.44316193,82.55598881,82.9885391,83.1854207,83.30086606,83.48538486,83.70554654,84.20334651,84.10993041,84.3464403,84.75973637,84.2866026,84.68666692,84.56483826,84.70282101,84.6122914,
Eritrea,ERI,"Life expectancy at birth, male (years)",SP.DYN.LE00.MA.IN,36.973,37.609,38.213,38.769,39.273,39.722,40.124,40.495,40.851,41.2,41.551,41.908,42.271,42.637,43.007,43.376,43.738,44.087,44.419,44.734,45.033,45.319,45.598,45.876,46.157,46.442,46.727,47.013,47.306,47.615,47.959,48.358,48.823,49.354,49.943,50.568,51.197,51.803,52.373,52.908,53.427,53.966,54.557,55.216,55.939,56.709,57.493,58.255,58.965,59.611,60.191,60.712,61.198,61.666,62.121,62.565,62.994,63.404,63.79,64.153,
Eritrea,ERI,"Life expectancy at birth, total (years)",SP.DYN.LE00.IN,38.419,39.075,39.693,40.259,40.768,41.221,41.63,42.015,42.394,42.773,43.156,43.545,43.934,44.316,44.691,45.054,45.404,45.739,46.059,46.364,46.654,46.927,47.187,47.441,47.695,47.956,48.23,48.522,48.841,49.192,49.588,50.04,50.545,51.1,51.696,52.316,52.938,53.548,54.137,54.707,55.273,55.864,56.5,57.191,57.932,58.707,59.487,60.243,60.952,61.602,62.193,62.732,63.238,63.726,64.201,64.664,65.111,65.538,65.941,66.321,
Eritrea,ERI,"Life expectancy at birth, female (years)",SP.DYN.LE00.FE.IN,39.907,40.585,41.219,41.796,42.31,42.768,43.186,43.587,43.99,44.402,44.823,45.247,45.664,46.063,46.442,46.799,47.137,47.458,47.765,48.061,48.342,48.603,48.845,49.072,49.296,49.53,49.79,50.088,50.433,50.832,51.286,51.794,52.344,52.923,53.524,54.135,54.748,55.359,55.968,56.576,57.195,57.842,58.526,59.252,60.01,60.786,61.558,62.304,63.008,63.661,64.262,64.82,65.348,65.858,66.355,66.838,67.303,67.745,68.162,68.555,
Spain,ESP,"Life expectancy at birth, male (years)",SP.DYN.LE00.MA.IN,66.68,67.1,67.08,67.13,67.79,68.18,68.46,68.57,68.85,68.36,69.32,68.84,70.14,69.84,70.16,70.47,70.75,71.21,71.32,71.77,72.32,72.47,73.1,72.87,73.11,73.04,73.33,73.45,73.43,73.36,73.34,73.42,73.81,74.01,74.36,74.41,74.54,75.17,75.3,75.4,75.6,76.1,76.3,76.4,76.7,77,77.7,77.8,78.2,78.5,78.7,79.5,79.5,80.2,80.4,80.1,80.5,80.6,80.7,80.9,
Spain,ESP,"Life expectancy at birth, total (years)",SP.DYN.LE00.IN,69.10926829,69.4804878,69.51902439,69.68121951,70.3997561,70.80926829,71.05512195,71.25292683,71.53780488,71.05756098,72.02731707,71.6302439,72.81804878,72.61073171,72.9697561,73.31878049,73.64268293,74.13195122,74.29560976,74.81878049,75.34926829,75.52853659,76.13414634,75.90902439,76.29536585,76.2595122,76.5104878,76.72804878,76.74707317,76.81365854,76.83756098,76.97121951,77.41,77.54658537,77.90146341,77.98073171,78.1204878,78.60414634,78.66585366,78.71707317,78.96585366,79.36829268,79.56829268,79.6195122,79.87073171,80.17073171,80.82195122,80.87317073,81.17560976,81.47560976,81.62682927,82.47560976,82.42682927,83.07804878,83.22926829,82.83170732,83.32926829,83.28292683,83.43170732,83.48536585,
Spain,ESP,"Life expectancy at birth, female (years)",SP.DYN.LE00.FE.IN,71.66,71.98,72.08,72.36,73.14,73.57,73.78,74.07,74.36,73.89,74.87,74.56,75.63,75.52,75.92,76.31,76.68,77.2,77.42,78.02,78.53,78.74,79.32,79.1,79.64,79.64,79.85,80.17,80.23,80.44,80.51,80.7,81.19,81.26,81.62,81.73,81.88,82.21,82.2,82.2,82.5,82.8,83,83,83.2,83.5,84.1,84.1,84.3,84.6,84.7,85.6,85.5,86.1,86.2,85.7,86.3,86.1,86.3,86.2,
Estonia,EST,"Life expectancy at birth, male (years)",SP.DYN.LE00.MA.IN,63.979,64.433,64.802,65.096,65.327,65.503,65.629,65.707,65.74,65.732,65.681,65.579,65.426,65.228,64.999,64.754,64.511,64.285,64.097,63.962,63.911,64.1,64.2,64.4,64.4,64.6,65.5,66.4,66.6,65.6,64.5,64.3,63.4,62.3,60.5,61.3,64.1,64.2,63.7,64.6,65.1,64.6,65.1,66,66.3,67.3,67.35,67.4,68.6,69.8,70.6,71.4,71.4,72.8,72.4,73.2,73.3,73.8,74,74.4,
Estonia,EST,"Life expectancy at birth, total (years)",SP.DYN.LE00.IN,67.90290244,68.36080488,68.74102439,69.05356098,69.30992683,69.51763415,69.68119512,69.80212195,69.88292683,69.92809756,69.93709756,69.90534146,69.83282927,69.72458537,69.59021951,69.44131707,69.29002439,69.14695122,69.02626829,68.93858537,68.90563415,68.97804878,69.12682927,69.37560976,69.27804878,69.3804878,70.08536585,70.64390244,70.69756098,70.03902439,69.47560976,69.37317073,68.86341463,67.9097561,66.5,67.54390244,69.61219512,69.8097561,69.35853659,70.06341463,70.41707317,70.25853659,70.90487805,71.31707317,71.9097561,72.56829268,72.69146341,72.81463415,73.77073171,74.82439024,75.42926829,76.22926829,76.32682927,77.14146341,77.03414634,77.5902439,77.64146341,78.09268293,78.24390244,78.49756098,
Estonia,EST,"Life expectancy at birth, female (years)",SP.DYN.LE00.FE.IN,72.023,72.485,72.877,73.209,73.492,73.733,73.936,74.102,74.233,74.334,74.406,74.448,74.46,74.446,74.411,74.363,74.308,74.252,74.202,74.164,74.15,74.1,74.3,74.6,74.4,74.4,74.9,75.1,75,74.7,74.7,74.7,74.6,73.8,72.8,74.1,75.4,75.7,75.3,75.8,76,76.2,77,76.9,77.8,78.1,78.3,78.5,79.2,80.1,80.5,81.3,81.5,81.7,81.9,82.2,82.2,82.6,82.7,82.8,
Ethiopia,ETH,"Life expectancy at birth, male (years)",SP.DYN.LE00.MA.IN,36.974,37.614,38.225,38.79,39.3,39.754,40.155,40.517,40.851,41.161,41.451,41.723,41.976,42.205,42.405,42.555,42.629,42.621,42.542,42.417,42.296,42.237,42.283,42.462,42.777,43.207,43.712,44.235,44.734,45.195,45.616,46.013,46.415,46.848,47.317,47.82,48.343,48.878,49.423,49.984,50.588,51.263,52.027,52.885,53.83,54.846,55.912,56.991,58.046,59.05,59.976,60.804,61.534,62.176,62.73,63.207,63.622,63.997,64.35,64.694,
Ethiopia,ETH,"Life expectancy at birth, total (years)",SP.DYN.LE00.IN,38.419,39.082,39.711,40.29,40.81,41.267,41.668,42.026,42.355,42.659,42.944,43.213,43.465,43.693,43.894,44.044,44.116,44.103,44.016,43.881,43.747,43.675,43.712,43.885,44.199,44.633,45.147,45.682,46.194,46.667,47.099,47.504,47.911,48.344,48.81,49.303,49.81,50.32,50.835,51.366,51.941,52.595,53.349,54.211,55.174,56.223,57.334,58.467,59.581,60.645,61.627,62.505,63.281,63.961,64.547,65.048,65.482,65.872,66.24,66.597,
Ethiopia,ETH,"Life expectancy at birth, female (years)",SP.DYN.LE00.FE.IN,39.909,40.596,41.246,41.84,42.37,42.832,43.232,43.588,43.912,44.212,44.492,44.758,45.008,45.236,45.437,45.587,45.657,45.64,45.546,45.401,45.256,45.175,45.204,45.373,45.687,46.125,46.648,47.194,47.72,48.207,48.651,49.065,49.478,49.913,50.376,50.858,51.345,51.828,52.311,52.806,53.348,53.976,54.717,55.58,56.559,57.639,58.796,59.983,61.155,62.277,63.315,64.244,65.065,65.783,66.399,66.926,67.378,67.784,68.165,68.536,
European Union,EUU,"Life expectancy at birth, male (years)",SP.DYN.LE00.MA.IN,66.47031784,66.80177152,66.65959379,66.90368589,67.28146986,67.37729582,67.61176582,67.6026408,67.65818691,67.55275011,67.86550386,67.86525279,68.24900574,68.32604802,68.60282789,68.61473958,68.80224355,69.003678,69.11782571,69.34669666,69.36822596,69.70073474,69.98314761,70.01028809,70.23445944,70.34601135,70.63016853,70.83373953,71.03630758,71.15861928,71.23463486,71.28273404,71.58371377,71.75433615,72.01000857,72.16117348,72.47482141,72.84604976,73.1558095,73.42230203,73.80534617,74.20017486,74.33978247,74.46833379,74.97959979,75.16231001,75.55966959,75.83802138,76.1273658,76.3726896,76.66619292,77.16597042,77.26728106,77.62548817,78.04610285,77.82403199,78.18751443,78.26046776,78.34928504,78.44805167,
European Union,EUU,"Life expectancy at birth, total (years)",SP.DYN.LE00.IN,69.02086667,69.41221193,69.3183617,69.61285156,70.03084269,70.15715475,70.4281534,70.47360286,70.58413377,70.53345856,70.85825951,70.93889885,71.31306985,71.42220837,71.72633537,71.80784337,72.03444171,72.29552283,72.43370427,72.69805228,72.7512685,73.08963183,73.3665907,73.41116511,73.66931174,73.7741909,74.03804963,74.26640101,74.46848553,74.62942778,74.7306625,74.81690015,75.13184321,75.26122166,75.52910362,75.67686843,75.92796867,76.24551915,76.51451716,76.74858194,77.0784478,77.42548338,77.53272154,77.59066196,78.1157576,78.27264114,78.66892325,78.90203604,79.12549885,79.35722831,79.62942605,80.13777291,80.15688817,80.46374092,80.87044756,80.56680714,80.94986464,80.93083864,81.03490546,81.06384682,
European Union,EUU,"Life expectancy at birth, female (years)",SP.DYN.LE00.FE.IN,71.70794301,72.16173918,72.1175384,72.46494794,72.92456386,73.08282855,73.39189136,73.49417497,73.66287114,73.66944789,74.00711476,74.17219185,74.53647856,74.67913371,75.01222526,75.16677,75.43427118,75.75728776,75.920875,76.22216885,76.3085563,76.65303367,76.92396116,76.98660652,77.27973479,77.37684053,77.61879485,77.87306151,78.07508599,78.27781064,78.40606712,78.53341834,78.86402836,78.95094404,79.23256135,79.37650877,79.56097894,79.82272875,80.04917149,80.24962768,80.52373182,80.8215588,80.89544868,80.87927394,81.41954279,81.55065355,81.94625146,82.13220974,82.28648109,82.50312503,82.75298335,83.27060815,83.2031454,83.45555383,83.84805248,83.45855083,83.86244967,83.74699944,83.86778373,83.82208779,
Fragile and conflict affected situations,FCS,"Life expectancy at birth, male (years)",SP.DYN.LE00.MA.IN,39.49556074,40.02043846,40.53961874,41.05245818,41.55793626,42.05642102,42.54684613,43.02898192,43.50234658,43.96657078,44.42261397,44.87219405,45.31477926,45.74749204,46.16582336,46.56242144,46.92841515,47.26163165,47.56473588,47.84365735,48.10911733,48.37368149,48.64696613,48.93439687,49.23466637,49.5404858,49.84056104,50.12072458,50.37095432,50.58956822,50.84828699,51.01223792,51.16196453,51.30949537,51.46203787,51.62762319,51.81155227,52.01842277,52.2514416,52.51815871,52.82650541,53.1824109,53.58269227,54.02013036,54.48779719,54.97553293,55.47344243,55.97085248,56.45846092,56.92812378,57.37687795,57.80962722,58.23206422,58.64573936,59.04430094,59.42210219,59.7739876,60.1004739,60.40529365,60.69379977,
Fragile and conflict affected situations,FCS,"Life expectancy at birth, total (years)",SP.DYN.LE00.IN,40.98057586,41.50508661,42.02394416,42.53628039,43.04192662,43.54010937,44.03158114,44.51566858,44.99283563,45.46206844,45.9236838,46.37799816,46.82396213,47.25876433,47.68016095,48.08411025,48.46579871,48.82512401,49.16503069,49.48932449,49.80331452,50.18236811,50.49112177,50.80128561,51.1110409,51.41531975,51.7060927,51.9771515,52.21621196,52.42863803,52.67947272,52.84098901,52.98600328,53.12523558,53.26698484,53.41824071,53.58502051,53.77128128,53.97811928,54.21627858,54.49780062,54.8302065,55.21199109,55.63842435,56.10280396,56.5966202,57.11004197,57.6301199,58.14518313,58.64454018,59.12058102,59.57662201,60.01624452,60.44007285,60.84346476,61.22104656,61.57030792,61.892848,62.19424904,62.48008834,
Fragile and conflict affected situations,FCS,"Life expectancy at birth, female (years)",SP.DYN.LE00.FE.IN,42.53734176,43.05999001,43.57724822,44.08790538,44.5913451,45.08819973,45.5788849,46.06408479,46.54364686,47.01746826,47.48375231,47.94157945,48.3890822,48.82532159,49.24821843,49.65848293,50.05700532,50.44614317,50.82814088,51.20468934,51.57530567,51.93798056,52.2895894,52.62701328,52.94760852,53.24743184,53.52450674,53.77731789,54.00550927,54.20961444,54.45391671,54.61397496,54.75721064,54.89193297,55.02637811,55.1667406,55.31819198,55.4856644,55.67431927,55.89226532,56.15161299,56.46235027,56.82721997,57.24376318,57.70775069,58.21127342,58.74409133,59.29072641,59.83680828,60.36804411,60.87391425,61.3533541,61.80956419,62.24283869,62.64931739,63.02655749,63.37138666,63.68811528,63.98380675,64.26599742,
Finland,FIN,"Life expectancy at birth, male (years)",SP.DYN.LE00.MA.IN,65.41,65.61,65.09,65.52,65.66,65.29,65.96,65.93,65.87,65.64,66.16,65.92,66.6,66.97,66.93,67.42,67.53,67.96,68.58,68.97,69.24,69.61,70.22,70.24,70.48,70.14,70.56,70.67,70.66,70.88,70.94,71.33,71.67,72.11,72.82,72.79,73.03,73.42,73.52,73.74,74.1,74.6,74.9,75.1,75.3,75.5,75.8,75.8,76.3,76.5,76.7,77.3,77.7,78,78.4,78.7,78.6,78.9,79.1,79.2,
Finland,FIN,"Life expectancy at birth, total (years)",SP.DYN.LE00.IN,68.8197561,68.84414634,68.57780488,69.01268293,69.22097561,68.97780488,69.47707317,69.66658537,69.61634146,69.50341463,70.1795122,70.01756098,70.70731707,71.22365854,71.13487805,71.67365854,71.81292683,72.3502439,72.89707317,73.15536585,73.44,73.74658537,74.29804878,74.20097561,74.51902439,74.22292683,74.56,74.59195122,74.57707317,74.79219512,74.81317073,75.22756098,75.45536585,75.70512195,76.39560976,76.4095122,76.69341463,76.87853659,77.09073171,77.29121951,77.46585366,77.96585366,78.1195122,78.36829268,78.71463415,78.81707317,79.21463415,79.26341463,79.56829268,79.7195122,79.87073171,80.47073171,80.62682927,80.97560976,81.1804878,81.4804878,81.42926829,81.63170732,81.73414634,81.78536585,
Finland,FIN,"Life expectancy at birth, female (years)",SP.DYN.LE00.FE.IN,72.4,72.24,72.24,72.68,72.96,72.85,73.17,73.59,73.55,73.56,74.4,74.32,75.02,75.69,75.55,76.14,76.31,76.96,77.43,77.55,77.85,78.09,78.58,78.36,78.76,78.51,78.76,78.71,78.69,78.9,78.88,79.32,79.43,79.48,80.15,80.21,80.54,80.51,80.84,81.02,81,81.5,81.5,81.8,82.3,82.3,82.8,82.9,83,83.1,83.2,83.8,83.7,84.1,84.1,84.4,84.4,84.5,84.5,84.5,
Fiji,FJI,"Life expectancy at birth, male (years)",SP.DYN.LE00.MA.IN,59.641,59.897,60.102,60.269,60.405,60.508,60.57,60.585,60.557,60.5,60.436,60.392,60.385,60.431,60.536,60.697,60.907,61.144,61.389,61.633,61.871,62.102,62.328,62.55,62.76,62.952,63.115,63.248,63.347,63.414,63.449,63.454,63.437,63.413,63.39,63.389,63.427,63.51,63.639,63.81,64.007,64.212,64.403,64.565,64.693,64.788,64.862,64.93,65.004,65.088,65.178,65.269,65.351,65.419,65.473,65.517,65.555,65.594,65.641,65.698,
Fiji,FJI,"Life expectancy at birth, total (years)",SP.DYN.LE00.IN,60.811,61.172,61.478,61.741,61.967,62.157,62.302,62.401,62.456,62.481,62.492,62.512,62.555,62.633,62.752,62.913,63.11,63.327,63.552,63.776,63.997,64.217,64.436,64.651,64.857,65.041,65.19,65.299,65.365,65.391,65.379,65.336,65.278,65.218,65.17,65.15,65.175,65.246,65.36,65.512,65.687,65.863,66.022,66.152,66.247,66.313,66.362,66.413,66.477,66.559,66.655,66.759,66.859,66.95,67.03,67.103,67.175,67.252,67.341,67.444,
Fiji,FJI,"Life expectancy at birth, female (years)",SP.DYN.LE00.FE.IN,62.369,62.859,63.283,63.646,63.957,64.216,64.424,64.585,64.708,64.804,64.887,64.97,65.062,65.169,65.298,65.451,65.626,65.815,66.009,66.206,66.405,66.61,66.819,67.028,67.228,67.403,67.535,67.616,67.643,67.619,67.551,67.451,67.338,67.232,67.147,67.098,67.097,67.141,67.226,67.343,67.48,67.616,67.736,67.83,67.895,67.938,67.972,68.013,68.073,68.157,68.262,68.378,68.496,68.609,68.715,68.818,68.925,69.043,69.178,69.331,
France,FRA,"Life expectancy at birth, male (years)",SP.DYN.LE00.MA.IN,66.6,66.8,66.9,67.1,67.2,67.3,67.4,67.6,67.7,67.8,68,68.2,68.4,68.6,68.8,69,69.2,69.4,69.7,69.9,70.1,70.3,70.5,70.8,71,71.3,71.6,71.8,72.1,72.3,72.6,72.8,73.1,73.3,73.6,73.8,74.1,74.5,74.8,75,75.3,75.5,75.7,75.7,76.7,76.7,77.3,77.6,77.8,78,78.2,78.7,78.7,79,79.5,79.2,79.5,79.6,79.7,79.7,
France,FRA,"Life expectancy at birth, total (years)",SP.DYN.LE00.IN,69.86829268,70.11707317,70.31463415,70.51463415,70.66341463,70.81219512,70.96097561,71.16097561,71.3097561,71.45853659,71.65853659,71.90731707,72.10731707,72.35609756,72.60487805,72.85365854,73.10243902,73.35121951,73.60243902,73.85121951,74.05121951,74.3,74.5,74.8,75,75.3,75.6,75.8,76.1,76.34878049,76.6,76.84878049,77.1,77.3,77.64878049,77.75121951,77.95365854,78.30487805,78.60487805,78.75609756,79.05609756,79.15853659,79.26097561,79.11463415,80.16341463,80.16341463,80.81219512,81.11219512,81.21463415,81.41463415,81.66341463,82.11463415,81.96829268,82.2195122,82.7195122,82.32195122,82.57317073,82.57560976,82.72439024,82.57804878,
France,FRA,"Life expectancy at birth, female (years)",SP.DYN.LE00.FE.IN,73.3,73.6,73.9,74.1,74.3,74.5,74.7,74.9,75.1,75.3,75.5,75.8,76,76.3,76.6,76.9,77.2,77.5,77.7,78,78.2,78.5,78.7,79,79.2,79.5,79.8,80,80.3,80.6,80.8,81.1,81.3,81.5,81.9,81.9,82,82.3,82.6,82.7,83,83,83,82.7,83.8,83.8,84.5,84.8,84.8,85,85.3,85.7,85.4,85.6,86.1,85.6,85.8,85.7,85.9,85.6,
Faroe Islands,FRO,"Life expectancy at birth, male (years)",SP.DYN.LE00.MA.IN,,,,,,,,,,,,,,72.4,,,,,73.4,,,,,,,,71.8,72.1,72.3,72.5,72.8,73,73.2,73.5,73.8,74.1,74.4,74.8,75.1,75.5,75.8,76.1,76.4,76.6,76.8,77.1,77.3,77.6,77.7,77.9,78.2,78.4,78.7,79,79.3,79.6,79.8,80.1,80.3,80.6,
Faroe Islands,FRO,"Life expectancy at birth, total (years)",SP.DYN.LE00.IN,,,,,,,,,,,,,,74.49756098,,,,,75.98536585,,,,,,,,75.21463415,75.46585366,75.71463415,75.91463415,76.16585366,76.41463415,76.61463415,76.86585366,77.11707317,77.36829268,77.57073171,77.82439024,78.02682927,78.2804878,78.43414634,78.63658537,78.83902439,78.9902439,79.1902439,79.44146341,79.6902439,79.94146341,80.13902439,80.38780488,80.63902439,80.88780488,81.0902439,81.34146341,81.59268293,81.84390244,82.04390244,82.29512195,82.49512195,82.74634146,
Faroe Islands,FRO,"Life expectancy at birth, female (years)",SP.DYN.LE00.FE.IN,,,,,,,,,,,,,,76.7,,,,,78.7,,,,,,,,78.8,79,79.3,79.5,79.7,80,80.2,80.4,80.6,80.8,80.9,81,81.1,81.2,81.2,81.3,81.4,81.5,81.7,81.9,82.2,82.4,82.7,83,83.2,83.5,83.6,83.8,84,84.2,84.4,84.6,84.8,85,
"Micronesia, Fed. Sts.",FSM,"Life expectancy at birth, male (years)",SP.DYN.LE00.MA.IN,52.742,53.194,53.649,54.108,54.568,55.027,55.482,55.93,56.372,56.804,57.231,57.655,58.078,58.5,58.916,59.32,59.703,60.06,60.385,60.673,60.924,61.137,61.317,61.471,61.604,61.723,61.835,61.944,62.052,62.162,62.269,62.37,62.459,62.534,62.597,62.653,62.709,62.771,62.846,62.938,63.053,63.193,63.355,63.534,63.726,63.926,64.128,64.326,64.516,64.695,64.865,65.03,65.193,65.358,65.523,65.686,65.842,65.986,66.117,66.232,
"Micronesia, Fed. Sts.",FSM,"Life expectancy at birth, total (years)",SP.DYN.LE00.IN,54.513,54.954,55.396,55.838,56.279,56.717,57.153,57.585,58.012,58.434,58.851,59.265,59.675,60.079,60.473,60.85,61.206,61.535,61.834,62.1,62.331,62.528,62.693,62.834,62.955,63.064,63.169,63.273,63.38,63.492,63.605,63.715,63.814,63.901,63.978,64.049,64.121,64.202,64.298,64.413,64.55,64.71,64.888,65.08,65.282,65.489,65.697,65.901,66.099,66.29,66.471,66.646,66.817,66.986,67.152,67.315,67.471,67.618,67.755,67.883,
"Micronesia, Fed. Sts.",FSM,"Life expectancy at birth, female (years)",SP.DYN.LE00.FE.IN,56.594,57.019,57.442,57.862,58.278,58.69,59.099,59.508,59.916,60.322,60.728,61.134,61.538,61.936,62.322,62.688,63.027,63.334,63.604,63.838,64.034,64.193,64.323,64.431,64.524,64.611,64.697,64.787,64.883,64.987,65.096,65.205,65.309,65.405,65.495,65.582,65.672,65.772,65.886,66.017,66.168,66.338,66.524,66.721,66.926,67.136,67.346,67.556,67.761,67.959,68.15,68.332,68.507,68.678,68.843,69.003,69.158,69.308,69.454,69.596,
Gabon,GAB,"Life expectancy at birth, male (years)",SP.DYN.LE00.MA.IN,38.235,38.621,39.098,39.683,40.38,41.177,42.049,42.957,43.867,44.761,45.629,46.469,47.293,48.112,48.925,49.735,50.543,51.35,52.155,52.956,53.757,54.567,55.381,56.185,56.96,57.675,58.298,58.806,59.187,59.435,59.556,59.566,59.494,59.365,59.195,58.977,58.694,58.341,57.931,57.498,57.088,56.751,56.531,56.457,56.548,56.817,57.26,57.841,58.513,59.244,59.995,60.734,61.44,62.09,62.665,63.153,63.552,63.879,64.152,64.382,
Gabon,GAB,"Life expectancy at birth, total (years)",SP.DYN.LE00.IN,39.694,40.082,40.56,41.149,41.849,42.651,43.528,44.442,45.357,46.255,47.125,47.967,48.793,49.612,50.425,51.234,52.041,52.848,53.652,54.452,55.252,56.061,56.873,57.674,58.444,59.153,59.767,60.266,60.633,60.865,60.965,60.944,60.833,60.659,60.439,60.175,59.854,59.479,59.066,58.646,58.264,57.968,57.791,57.759,57.885,58.181,58.641,59.229,59.904,60.637,61.4,62.168,62.924,63.648,64.318,64.913,65.418,65.839,66.187,66.467,
Gabon,GAB,"Life expectancy at birth, female (years)",SP.DYN.LE00.FE.IN,41.188,41.579,42.06,42.65,43.352,44.155,45.032,45.944,46.855,47.749,48.613,49.449,50.267,51.08,51.887,52.69,53.493,54.296,55.098,55.895,56.693,57.498,58.306,59.1,59.862,60.561,61.163,61.648,62,62.214,62.291,62.241,62.093,61.875,61.608,61.299,60.944,60.55,60.136,59.734,59.386,59.133,59.004,59.016,59.182,59.507,59.984,60.581,61.26,61.998,62.774,63.577,64.395,65.208,65.991,66.713,67.346,67.883,68.323,68.669,
United Kingdom,GBR,"Life expectancy at birth, male (years)",SP.DYN.LE00.MA.IN,68.2,68,68,67.9,68.6,68.6,68.5,69.1,68.7,68.6,68.9,69.2,69.1,69.3,69.5,69.7,69.8,70.2,70.2,70.3,70.7,71.1,71.3,71.5,71.9,71.8,72.1,72.5,72.6,72.9,73.1,73.4,73.8,73.8,74.3,74.3,74.6,74.65,74.8,75,75.4,75.7,75.9,76.3,76.6,77,77.2,77.4,77.6,78.1,78.5,79,79.1,79.2,79.5,79.2,79.4,79.5,79.5,79.4,
United Kingdom,GBR,"Life expectancy at birth, total (years)",SP.DYN.LE00.IN,71.12682927,70.87804878,70.92682927,70.82682927,71.62439024,71.62439024,71.57317073,72.12439024,71.72439024,71.72195122,71.97317073,72.27317073,72.12439024,72.32439024,72.52439024,72.72439024,72.77560976,73.22439024,73.17560976,73.27560976,73.67560976,74.02682927,74.17804878,74.37804878,74.77804878,74.62926829,74.92926829,75.2804878,75.3804878,75.58292683,75.8804878,76.08292683,76.43414634,76.38536585,76.88536585,76.83658537,77.08780488,77.21097561,77.1902439,77.3902439,77.74146341,77.99268293,78.14390244,78.44634146,78.74634146,79.04878049,79.24878049,79.44878049,79.6,80.05121951,80.40243902,80.95121951,80.90487805,81.00487805,81.30487805,80.95609756,81.15609756,81.25609756,81.25609756,81.20487805,
United Kingdom,GBR,"Life expectancy at birth, female (years)",SP.DYN.LE00.FE.IN,74.2,73.9,74,73.9,74.8,74.8,74.8,75.3,74.9,75,75.2,75.5,75.3,75.5,75.7,75.9,75.9,76.4,76.3,76.4,76.8,77.1,77.2,77.4,77.8,77.6,77.9,78.2,78.3,78.4,78.8,78.9,79.2,79.1,79.6,79.5,79.7,79.9,79.7,79.9,80.2,80.4,80.5,80.7,81,81.2,81.4,81.6,81.7,82.1,82.4,83,82.8,82.9,83.2,82.8,83,83.1,83.1,83.1,
Georgia,GEO,"Life expectancy at birth, male (years)",SP.DYN.LE00.MA.IN,59.686,60.086,60.488,60.892,61.294,61.688,62.069,62.432,62.775,63.098,63.408,63.714,64.024,64.336,64.646,64.937,65.187,65.382,65.518,65.599,65.646,65.685,65.741,65.83,65.951,66.095,66.238,66.354,66.422,66.437,66.393,66.29,66.146,65.983,65.821,65.69,65.624,65.635,65.724,65.88,66.072,66.251,66.38,66.437,66.426,66.373,66.323,66.325,66.413,66.593,66.861,67.193,67.552,67.903,68.228,68.517,68.764,68.98,69.174,69.349,
Georgia,GEO,"Life expectancy at birth, total (years)",SP.DYN.LE00.IN,63.651,64.058,64.469,64.881,65.291,65.694,66.084,66.455,66.805,67.136,67.452,67.766,68.082,68.401,68.718,69.014,69.266,69.461,69.592,69.665,69.7,69.726,69.768,69.844,69.954,70.088,70.226,70.339,70.407,70.425,70.386,70.29,70.156,70.003,69.849,69.718,69.635,69.613,69.654,69.756,69.902,70.065,70.22,70.349,70.451,70.538,70.635,70.765,70.946,71.18,71.46,71.773,72.097,72.412,72.707,72.973,73.207,73.414,73.6,73.767,
Georgia,GEO,"Life expectancy at birth, female (years)",SP.DYN.LE00.FE.IN,67.365,67.765,68.168,68.573,68.977,69.373,69.756,70.12,70.464,70.788,71.098,71.406,71.718,72.033,72.346,72.639,72.888,73.078,73.204,73.271,73.299,73.317,73.351,73.419,73.523,73.655,73.794,73.915,73.996,74.032,74.018,73.956,73.862,73.753,73.642,73.545,73.474,73.439,73.444,73.495,73.595,73.742,73.926,74.137,74.37,74.622,74.889,75.17,75.46,75.754,76.048,76.338,76.623,76.898,77.16,77.402,77.621,77.816,77.989,78.14,
Ghana,GHA,"Life expectancy at birth, male (years)",SP.DYN.LE00.MA.IN,45.53,45.935,46.324,46.696,47.048,47.373,47.66,47.905,48.113,48.291,48.454,48.62,48.804,49.019,49.27,49.552,49.854,50.163,50.469,50.773,51.083,51.411,51.768,52.161,52.59,53.058,53.57,54.11,54.659,55.194,55.677,56.068,56.348,56.512,56.568,56.531,56.432,56.314,56.221,56.182,56.228,56.38,56.63,56.966,57.375,57.838,58.328,58.817,59.282,59.711,60.101,60.458,60.799,61.137,61.474,61.806,62.13,62.437,62.724,62.991,
Ghana,GHA,"Life expectancy at birth, total (years)",SP.DYN.LE00.IN,45.843,46.279,46.696,47.093,47.469,47.823,48.155,48.469,48.768,49.057,49.34,49.625,49.912,50.206,50.507,50.811,51.113,51.409,51.698,51.984,52.277,52.585,52.92,53.286,53.685,54.127,54.622,55.159,55.717,56.271,56.776,57.182,57.462,57.605,57.62,57.528,57.366,57.187,57.045,56.972,57.002,57.158,57.425,57.785,58.225,58.719,59.234,59.741,60.216,60.645,61.03,61.381,61.72,62.064,62.416,62.772,63.124,63.463,63.78,64.074,
Ghana,GHA,"Life expectancy at birth, female (years)",SP.DYN.LE00.FE.IN,46.148,46.615,47.059,47.48,47.879,48.264,48.646,49.033,49.432,49.843,50.26,50.674,51.076,51.455,51.811,52.139,52.44,52.719,52.987,53.251,53.52,53.804,54.11,54.442,54.805,55.214,55.687,56.216,56.78,57.353,57.88,58.301,58.58,58.701,58.673,58.522,58.292,58.05,57.856,57.749,57.764,57.925,58.212,58.601,59.074,59.601,60.144,60.671,61.156,61.586,61.966,62.31,62.648,62.999,63.366,63.747,64.13,64.503,64.852,65.177,
Gibraltar,GIB,"Life expectancy at birth, male (years)",SP.DYN.LE00.MA.IN,,,,,,,,,,,,,,,,,,,,,,,,,,,,,,,,,,,,,,,,,,,,,,,,,,,,,,,,,,,,,
Gibraltar,GIB,"Life expectancy at birth, total (years)",SP.DYN.LE00.IN,,,,,,,,,,,,,,,,,,,,,,,,,,,,,,,,,,,,,,,,,,,,,,,,,,,,,,,,,,,,,
Gibraltar,GIB,"Life expectancy at birth, female (years)",SP.DYN.LE00.FE.IN,,,,,,,,,,,,,,,,,,,,,,,,,,,,,,,,,,,,,,,,,,,,,,,,,,,,,,,,,,,,,
Guinea,GIN,"Life expectancy at birth, male (years)",SP.DYN.LE00.MA.IN,33.762,33.966,34.156,34.332,34.498,34.656,34.806,34.956,35.115,35.293,35.503,35.758,36.062,36.419,36.832,37.294,37.795,38.325,38.881,39.463,40.09,40.784,41.558,42.411,43.331,44.304,45.309,46.313,47.282,48.186,48.993,49.681,50.248,50.697,51.031,51.245,51.339,51.339,51.281,51.206,51.166,51.217,51.386,51.689,52.13,52.694,53.346,54.038,54.725,55.386,56.016,56.622,57.222,57.824,58.423,59.003,59.546,60.04,60.477,60.855,
Guinea,GIN,"Life expectancy at birth, total (years)",SP.DYN.LE00.IN,34.89,35.086,35.266,35.432,35.588,35.74,35.89,36.048,36.222,36.421,36.655,36.932,37.255,37.624,38.041,38.502,39,39.527,40.082,40.667,41.3,42.002,42.783,43.64,44.558,45.52,46.503,47.474,48.399,49.247,49.987,50.593,51.066,51.413,51.64,51.744,51.727,51.616,51.456,51.295,51.203,51.255,51.484,51.901,52.499,53.238,54.052,54.864,55.614,56.279,56.861,57.387,57.905,58.447,59.016,59.598,60.17,60.706,61.185,61.602,
Guinea,GIN,"Life expectancy at birth, female (years)",SP.DYN.LE00.FE.IN,36.067,36.252,36.42,36.573,36.718,36.861,37.011,37.175,37.363,37.583,37.841,38.141,38.481,38.859,39.277,39.732,40.218,40.733,41.278,41.857,42.486,43.186,43.963,44.814,45.72,46.663,47.618,48.552,49.429,50.22,50.891,51.416,51.798,52.047,52.172,52.171,52.046,51.829,51.571,51.326,51.182,51.229,51.506,52.02,52.753,53.643,54.597,55.513,56.317,56.98,57.514,57.963,58.402,58.883,59.417,59.993,60.585,61.153,61.666,62.117,
"Gambia, The",GMB,"Life expectancy at birth, male (years)",SP.DYN.LE00.MA.IN,30.851,31.131,31.465,31.866,32.343,32.901,33.542,34.254,35.021,35.831,36.673,37.534,38.404,39.275,40.136,40.985,41.824,42.656,43.484,44.303,45.109,45.899,46.668,47.407,48.109,48.757,49.338,49.848,50.291,50.675,51.015,51.332,51.645,51.973,52.326,52.709,53.122,53.553,53.99,54.427,54.859,55.281,55.69,56.084,56.461,56.82,57.161,57.487,57.801,58.104,58.392,58.663,58.915,59.151,59.377,59.602,59.836,60.088,60.362,60.656,
"Gambia, The",GMB,"Life expectancy at birth, total (years)",SP.DYN.LE00.IN,32.054,32.336,32.67,33.07,33.543,34.097,34.735,35.445,36.211,37.023,37.868,38.734,39.61,40.485,41.352,42.205,43.047,43.882,44.712,45.533,46.341,47.133,47.903,48.645,49.348,49.998,50.577,51.082,51.518,51.892,52.221,52.528,52.834,53.157,53.508,53.889,54.296,54.715,55.133,55.547,55.956,56.359,56.761,57.159,57.553,57.939,58.313,58.671,59.012,59.334,59.637,59.917,60.178,60.426,60.667,60.91,61.166,61.44,61.735,62.05,
"Gambia, The",GMB,"Life expectancy at birth, female (years)",SP.DYN.LE00.FE.IN,33.293,33.58,33.917,34.318,34.792,35.345,35.982,36.692,37.461,38.277,39.128,40.001,40.884,41.766,42.639,43.497,44.344,45.183,46.018,46.843,47.655,48.453,49.231,49.979,50.69,51.345,51.926,52.43,52.858,53.221,53.538,53.832,54.128,54.446,54.794,55.173,55.575,55.982,56.382,56.771,57.153,57.536,57.927,58.328,58.738,59.15,59.554,59.942,60.306,60.645,60.957,61.242,61.508,61.764,62.017,62.275,62.548,62.84,63.151,63.481,
Guinea-Bissau,GNB,"Life expectancy at birth, male (years)",SP.DYN.LE00.MA.IN,35.694,35.947,36.216,36.501,36.801,37.114,37.435,37.76,38.085,38.406,38.722,39.033,39.341,39.648,39.952,40.254,40.553,40.849,41.141,41.428,41.706,41.974,42.229,42.475,42.712,42.944,43.177,43.414,43.661,43.918,44.184,44.456,44.731,45.008,45.292,45.593,45.922,46.286,46.687,47.123,47.584,48.055,48.524,48.98,49.422,49.855,50.291,50.743,51.218,51.716,52.232,52.76,53.288,53.803,54.299,54.765,55.198,55.597,55.965,56.305,
Guinea-Bissau,GNB,"Life expectancy at birth, total (years)",SP.DYN.LE00.IN,37.478,37.752,38.042,38.349,38.671,39.004,39.343,39.679,40.01,40.333,40.649,40.961,41.276,41.597,41.925,42.263,42.612,42.97,43.333,43.697,44.056,44.402,44.733,45.046,45.342,45.627,45.907,46.19,46.481,46.783,47.095,47.411,47.726,48.038,48.348,48.658,48.973,49.301,49.642,49.999,50.368,50.744,51.123,51.501,51.883,52.275,52.691,53.136,53.612,54.113,54.628,55.144,55.645,56.117,56.556,56.959,57.328,57.673,58.003,58.322,
Guinea-Bissau,GNB,"Life expectancy at birth, female (years)",SP.DYN.LE00.FE.IN,39.344,39.64,39.952,40.281,40.625,40.98,41.335,41.682,42.018,42.343,42.659,42.974,43.298,43.636,43.992,44.369,44.767,45.182,45.606,46.035,46.459,46.869,47.26,47.629,47.978,48.312,48.639,48.968,49.307,49.655,50.013,50.373,50.729,51.074,51.406,51.72,52.017,52.298,52.568,52.834,53.098,53.366,53.642,53.934,54.246,54.592,54.982,55.416,55.889,56.391,56.904,57.405,57.876,58.304,58.686,59.024,59.329,59.62,59.913,60.213,
Equatorial Guinea,GNQ,"Life expectancy at birth, male (years)",SP.DYN.LE00.MA.IN,35.16,35.492,35.822,36.15,36.476,36.801,37.126,37.452,37.78,38.11,38.434,38.744,39.038,39.322,39.611,39.931,40.319,40.791,41.352,41.988,42.671,43.355,43.999,44.573,45.065,45.482,45.842,46.181,46.529,46.902,47.31,47.757,48.235,48.73,49.237,49.747,50.251,50.74,51.205,51.638,52.03,52.373,52.671,52.932,53.162,53.372,53.575,53.784,54.009,54.259,54.54,54.855,55.198,55.56,55.935,56.315,56.692,57.059,57.41,57.743,
Equatorial Guinea,GNQ,"Life expectancy at birth, total (years)",SP.DYN.LE00.IN,36.535,36.872,37.208,37.542,37.874,38.205,38.536,38.866,39.195,39.525,39.848,40.156,40.448,40.732,41.021,41.344,41.738,42.218,42.788,43.435,44.127,44.819,45.466,46.039,46.528,46.938,47.293,47.63,47.981,48.36,48.775,49.229,49.708,50.2,50.694,51.184,51.659,52.112,52.538,52.93,53.279,53.581,53.84,54.064,54.263,54.449,54.638,54.842,55.07,55.329,55.622,55.945,56.288,56.642,57.001,57.359,57.713,58.061,58.402,58.735,
Equatorial Guinea,GNQ,"Life expectancy at birth, female (years)",SP.DYN.LE00.FE.IN,37.962,38.303,38.643,38.981,39.319,39.655,39.99,40.323,40.655,40.986,41.31,41.618,41.912,42.198,42.491,42.82,43.22,43.708,44.286,44.942,45.64,46.335,46.983,47.554,48.037,48.442,48.792,49.128,49.481,49.865,50.287,50.747,51.231,51.721,52.208,52.683,53.136,53.561,53.953,54.307,54.618,54.879,55.098,55.285,55.452,55.615,55.795,56.003,56.248,56.533,56.855,57.203,57.562,57.919,58.266,58.603,58.932,59.259,59.587,59.918,
Greece,GRC,"Life expectancy at birth, male (years)",SP.DYN.LE00.MA.IN,65.9,66.274,66.603,66.874,67.087,67.258,67.416,67.591,67.805,68.061,68.349,68.649,68.935,69.189,69.41,69.602,69.782,69.968,70.174,70.404,70.653,70.909,71.159,71.4,71.634,71.879,72.158,72.484,72.861,74.2,74.5,74.6,74.7,75,75.2,75,75.1,75.6,75.4,75.5,75.4,75.9,76.3,76.5,76.6,76.8,77,77,77.5,77.7,77.9,78,78,78.7,78.8,78.5,78.9,78.8,79.3,79.5,
Greece,GRC,"Life expectancy at birth, total (years)",SP.DYN.LE00.IN,68.16390244,68.54863415,68.89226829,69.18570732,69.42943902,69.638,69.83746341,70.05246341,70.30256098,70.58929268,70.90363415,71.22656098,71.535,71.81485366,72.06463415,72.29370732,72.51956098,72.76165854,73.03107317,73.32936585,73.64714634,73.9694878,74.279,74.56585366,74.82912195,75.0785122,75.32970732,75.59814634,75.8912439,76.68780488,76.93902439,77.13658537,77.38292683,77.3902439,77.63902439,77.58536585,77.68536585,78.13658537,77.83902439,77.98780488,77.88780488,78.38780488,78.64146341,78.84146341,79.03902439,79.23902439,79.43902439,79.43902439,79.93902439,80.18780488,80.38780488,80.73170732,80.63414634,81.28536585,81.38536585,81.03658537,81.38780488,81.28780488,81.78780488,81.93902439,
Greece,GRC,"Life expectancy at birth, female (years)",SP.DYN.LE00.FE.IN,70.541,70.937,71.296,71.613,71.889,72.137,72.38,72.637,72.925,73.244,73.586,73.933,74.265,74.572,74.852,75.12,75.394,75.695,76.031,76.401,76.791,77.183,77.555,77.89,78.184,78.438,78.66,78.868,79.073,79.3,79.5,79.8,80.2,79.9,80.2,80.3,80.4,80.8,80.4,80.6,80.5,81,81.1,81.3,81.6,81.8,82,82,82.5,82.8,83,83.6,83.4,84,84.1,83.7,84,83.9,84.4,84.5,
Grenada,GRD,"Life expectancy at birth, male (years)",SP.DYN.LE00.MA.IN,60.206,60.579,60.939,61.287,61.622,61.945,62.255,62.551,62.834,63.105,63.365,63.619,63.868,64.11,64.346,64.568,64.773,64.954,65.111,65.245,65.356,65.445,65.52,65.591,65.67,65.774,65.92,66.116,66.363,66.659,66.997,67.363,67.739,68.108,68.457,68.781,69.076,69.347,69.598,69.824,70.025,70.197,70.342,70.459,70.547,70.605,70.631,70.626,70.594,70.541,70.473,70.396,70.317,70.242,70.176,70.125,70.09,70.07,70.064,70.073,
Grenada,GRD,"Life expectancy at birth, total (years)",SP.DYN.LE00.IN,62.231,62.657,63.064,63.451,63.817,64.161,64.484,64.789,65.077,65.352,65.619,65.88,66.139,66.395,66.649,66.895,67.13,67.347,67.545,67.723,67.879,68.012,68.128,68.234,68.341,68.462,68.612,68.798,69.024,69.292,69.598,69.937,70.295,70.659,71.015,71.356,71.673,71.964,72.226,72.455,72.648,72.805,72.929,73.023,73.088,73.123,73.125,73.096,73.038,72.96,72.867,72.768,72.669,72.579,72.503,72.445,72.408,72.388,72.384,72.397,
Grenada,GRD,"Life expectancy at birth, female (years)",SP.DYN.LE00.FE.IN,63.895,64.365,64.812,65.231,65.624,65.988,66.324,66.636,66.93,67.211,67.484,67.755,68.029,68.305,68.585,68.865,69.144,69.413,69.669,69.908,70.127,70.318,70.486,70.636,70.776,70.917,71.072,71.253,71.465,71.714,72.003,72.332,72.693,73.071,73.455,73.832,74.19,74.519,74.813,75.064,75.269,75.428,75.55,75.64,75.701,75.732,75.731,75.698,75.639,75.558,75.463,75.361,75.258,75.162,75.08,75.017,74.973,74.949,74.941,74.953,
Greenland,GRL,"Life expectancy at birth, male (years)",SP.DYN.LE00.MA.IN,,,,,,,,,,,,,,,,,,,60,60.35,59.84,59.47,60.1,60.5,60.53,60.58,61,61.02,60.68,60.77,61.4,61.7,62.04,62.8,63.34,63.41,63.26,63.12,63.44,63.94,64.3,65.12,65.47,65.85,66.08,66.65,67.09,67.89,67.75,68.18,68.54,68.56,69.06,69.65,69.375,69.1,68.8,68.32,,,
Greenland,GRL,"Life expectancy at birth, total (years)",SP.DYN.LE00.IN,,,,,,,,,,,,,,,,,,,63.41463415,63.95487805,63.4497561,63.07487805,63.19268293,63.3,63.46658537,63.83365854,64.24878049,64.65414634,64.58243902,64.66756098,65.06829268,65.03170732,65.19609756,65.58536585,65.90097561,65.64414634,65.76731707,65.79804878,66.15707317,66.40341463,66.96341463,67.60780488,68.16268293,68.43536585,68.80682927,69.22073171,69.51926829,69.98268293,70.21341463,70.46780488,70.85707317,71.06243902,71.29902439,71.8304878,71.53841463,71.24634146,70.84878049,70.62243902,,,
Greenland,GRL,"Life expectancy at birth, female (years)",SP.DYN.LE00.FE.IN,,,,,,,,,,,,,,,,,,,67,67.74,67.24,66.86,66.44,66.24,66.55,67.25,67.66,68.47,68.68,68.76,68.92,68.53,68.51,68.51,68.59,67.99,68.4,68.61,69.01,68.99,69.76,70.22,70.99,71.15,71.67,71.92,72.07,72.18,72.8,72.87,73.29,73.69,73.65,74.12,73.81,73.5,73,73.04,,,
Guatemala,GTM,"Life expectancy at birth, male (years)",SP.DYN.LE00.MA.IN,46.08,46.552,47.037,47.536,48.05,48.583,49.135,49.702,50.277,50.852,51.414,51.951,52.454,52.919,53.346,53.735,54.095,54.435,54.77,55.107,55.452,55.812,56.186,56.573,56.973,57.385,57.802,58.222,58.642,59.064,59.495,59.945,60.419,60.919,61.444,61.987,62.541,63.096,63.64,64.162,64.652,65.1,65.506,65.875,66.211,66.527,66.836,67.153,67.487,67.842,68.219,68.615,69.018,69.416,69.804,70.172,70.515,70.83,71.119,71.382,
Guatemala,GTM,"Life expectancy at birth, total (years)",SP.DYN.LE00.IN,46.702,47.219,47.75,48.295,48.856,49.434,50.032,50.646,51.267,51.889,52.501,53.091,53.652,54.181,54.676,55.14,55.577,56,56.418,56.84,57.272,57.719,58.183,58.661,59.154,59.661,60.176,60.694,61.214,61.735,62.261,62.799,63.352,63.921,64.502,65.09,65.678,66.257,66.817,67.351,67.849,68.304,68.717,69.092,69.437,69.762,70.082,70.409,70.75,71.108,71.481,71.861,72.236,72.596,72.935,73.25,73.541,73.81,74.063,74.302,
Guatemala,GTM,"Life expectancy at birth, female (years)",SP.DYN.LE00.FE.IN,47.354,47.92,48.499,49.094,49.704,50.333,50.981,51.643,52.313,52.986,53.65,54.296,54.919,55.515,56.084,56.627,57.149,57.659,58.167,58.68,59.205,59.746,60.303,60.876,61.465,62.069,62.683,63.304,63.927,64.549,65.171,65.796,66.424,67.054,67.682,68.3,68.903,69.484,70.039,70.561,71.046,71.489,71.892,72.263,72.608,72.938,73.266,73.603,73.952,74.315,74.683,75.047,75.394,75.712,76.001,76.262,76.498,76.721,76.937,77.151,
Guam,GUM,"Life expectancy at birth, male (years)",SP.DYN.LE00.MA.IN,59.12,59.617,60.107,60.587,61.056,61.514,61.96,62.395,62.82,63.235,63.64,64.035,64.42,64.795,65.16,65.515,65.859,66.192,66.515,66.828,67.132,67.428,67.717,68,68.277,68.548,68.81,69.063,69.308,69.548,69.788,70.032,70.283,70.546,70.822,71.114,71.426,71.754,72.094,72.438,72.781,73.112,73.426,73.716,73.981,74.218,74.427,74.614,74.787,74.95,75.109,75.269,75.433,75.604,75.784,75.976,76.178,76.39,76.607,76.828,
Guam,GUM,"Life expectancy at birth, total (years)",SP.DYN.LE00.IN,60.97,61.481,61.986,62.482,62.968,63.443,63.907,64.361,64.805,65.239,65.662,66.074,66.473,66.86,67.235,67.599,67.951,68.292,68.624,68.947,69.262,69.567,69.864,70.151,70.431,70.701,70.96,71.209,71.45,71.687,71.925,72.167,72.42,72.685,72.967,73.267,73.589,73.93,74.283,74.646,75.011,75.373,75.726,76.065,76.387,76.687,76.966,77.227,77.474,77.71,77.941,78.173,78.408,78.649,78.895,79.144,79.391,79.631,79.859,80.074,
Guam,GUM,"Life expectancy at birth, female (years)",SP.DYN.LE00.FE.IN,63.438,63.939,64.437,64.933,65.423,65.908,66.386,66.857,67.318,67.769,68.206,68.628,69.034,69.424,69.798,70.156,70.499,70.83,71.149,71.46,71.762,72.058,72.347,72.63,72.907,73.178,73.439,73.69,73.934,74.173,74.413,74.656,74.91,75.176,75.459,75.762,76.086,76.428,76.785,77.154,77.532,77.916,78.301,78.685,79.062,79.43,79.783,80.124,80.452,80.768,81.076,81.383,81.692,82.003,82.313,82.614,82.894,83.146,83.365,83.55,
Guyana,GUY,"Life expectancy at birth, male (years)",SP.DYN.LE00.MA.IN,57.748,57.946,58.147,58.347,58.544,58.734,58.908,59.063,59.195,59.303,59.387,59.449,59.495,59.529,59.556,59.58,59.602,59.624,59.646,59.669,59.688,59.701,59.704,59.699,59.691,59.687,59.697,59.73,59.791,59.884,60.008,60.163,60.34,60.533,60.741,60.961,61.196,61.447,61.711,61.986,62.266,62.545,62.82,63.088,63.346,63.595,63.838,64.079,64.321,64.566,64.817,65.078,65.347,65.621,65.893,66.155,66.394,66.605,66.783,66.927,
Guyana,GUY,"Life expectancy at birth, total (years)",SP.DYN.LE00.IN,60.26,60.441,60.623,60.805,60.984,61.157,61.317,61.462,61.588,61.697,61.789,61.868,61.938,62.005,62.072,62.14,62.211,62.283,62.355,62.427,62.498,62.565,62.626,62.684,62.741,62.801,62.869,62.95,63.046,63.159,63.287,63.427,63.576,63.73,63.891,64.064,64.255,64.468,64.705,64.964,65.242,65.532,65.828,66.122,66.412,66.694,66.972,67.247,67.521,67.792,68.059,68.321,68.575,68.819,69.049,69.262,69.454,69.624,69.774,69.906,
Guyana,GUY,"Life expectancy at birth, female (years)",SP.DYN.LE00.FE.IN,62.936,63.104,63.272,63.439,63.604,63.763,63.911,64.045,64.165,64.273,64.371,64.465,64.562,64.666,64.779,64.901,65.03,65.163,65.297,65.431,65.565,65.701,65.839,65.98,66.122,66.264,66.403,66.535,66.661,66.78,66.889,66.985,67.07,67.15,67.234,67.336,67.471,67.648,67.871,68.138,68.444,68.776,69.119,69.457,69.785,70.097,70.397,70.691,70.981,71.265,71.537,71.791,72.023,72.23,72.413,72.574,72.717,72.847,72.972,73.095,
High income,HIC,"Life expectancy at birth, male (years)",SP.DYN.LE00.MA.IN,65.73819147,66.09234521,66.03046234,66.17390194,66.52795704,66.61076774,66.83305607,67.02468816,66.8451457,67.06325745,67.39022217,67.65585722,67.95443281,68.13452736,68.56137797,68.88320723,69.14052237,69.44259952,69.56398853,69.83732707,69.87595811,70.22541684,70.56959329,70.68477461,70.95257196,71.09725478,71.37004201,71.63966989,71.76792697,72.00674271,72.12985825,72.3028866,72.56431749,72.68963966,72.9638888,73.07097084,73.52361229,73.90198958,74.11749316,74.33568161,74.65498187,74.99115592,75.14458895,75.31543597,75.73768731,75.85810195,76.17723935,76.43857131,76.62968278,76.93755589,77.15016408,77.40470298,77.57352566,77.78152102,78.05399617,77.96124985,78.09888565,78.18014581,78.28480654,78.39881394,
High income,HIC,"Life expectancy at birth, total (years)",SP.DYN.LE00.IN,68.55283391,68.93566882,68.90964775,69.1146758,69.51013331,69.61589768,69.87736249,70.10269958,70.044283,70.24216208,70.55858961,70.84332123,71.13794608,71.31110961,71.7216712,72.06920945,72.33011295,72.68365527,72.8384681,73.163402,73.18839849,73.54512385,73.8768257,73.97715294,74.25649857,74.38446747,74.63306312,74.90200421,75.01939753,75.26611563,75.42823488,75.60293479,75.86404838,75.93920415,76.21968046,76.28550749,76.65692833,76.990857,77.17261878,77.31647249,77.59380137,77.8955535,78.03379056,78.16090897,78.57473342,78.67339638,78.98345688,79.21851477,79.36598888,79.64658691,79.82621319,80.06776615,80.18677394,80.36478186,80.62339128,80.49851928,80.64386433,80.68436436,80.78733976,80.88736686,
High income,HIC,"Life expectancy at birth, female (years)",SP.DYN.LE00.FE.IN,71.50511982,71.91894285,71.93086094,72.20049594,72.63969766,72.77036032,73.07362772,73.33500883,73.40357177,73.58239945,73.88899652,74.19520491,74.48514478,74.65116092,75.04591759,75.42186942,75.68773327,76.09593975,76.28765545,76.66784912,76.67989006,77.04484339,77.36468476,77.44892828,77.74128981,77.85229885,78.07597612,78.34564545,78.45221703,78.70843273,78.91312379,79.09075961,79.35059433,79.3722051,79.65987408,79.68456843,79.96957302,80.25732748,80.40251311,80.46830075,80.70154754,80.96694787,81.09077818,81.17142235,81.57809384,81.65688978,81.96017654,82.17149756,82.27579498,82.5306467,82.67727353,82.90742912,82.97430582,83.12089602,83.36602039,83.20743536,83.36254002,83.36020708,83.46204574,83.54772037,
"Hong Kong SAR, China",HKG,"Life expectancy at birth, male (years)",SP.DYN.LE00.MA.IN,63.409,63.999,64.565,65.1,65.599,66.058,66.475,66.857,67.212,67.547,67.867,67.8,67.7,68.5,69.1,70.1,69.6,70.1,70.6,70.6,71.6,72.3,72.6,72.3,73.2,73.8,74.1,74.2,74.4,74.2,74.6,75.2,74.8,75.3,75.7,76,76.7,77.2,77.4,77.7,78,78.4,78.5,78.5,79,78.8,79.4,79.4,79.4,79.8,80.1,80.3,80.7,81.1,81.2,81.4,81.3,81.9,82.3,82.2,
"Hong Kong SAR, China",HKG,"Life expectancy at birth, total (years)",SP.DYN.LE00.IN,66.96168293,67.5487561,68.10597561,68.62585366,69.10436585,69.54287805,69.94621951,70.32578049,70.69053659,71.04456098,71.3865122,71.45853659,71.45609756,72.1097561,72.61219512,73.36829268,72.8195122,73.3195122,73.57560976,73.67317073,74.67317073,75.32439024,75.42926829,75.27560976,76.02926829,76.43414634,76.68536585,76.88292683,77.08292683,77.02926829,77.3804878,77.88292683,77.67804878,78.03170732,78.52926829,78.68292683,79.62682927,80.12682927,80.13170732,80.38292683,80.87804878,81.42439024,81.42682927,81.37804878,81.82926829,81.62926829,82.37560976,82.32682927,82.37560976,82.77560976,82.97804878,83.42195122,83.4804878,83.83170732,83.9804878,84.27804878,84.22682927,84.6804878,84.93414634,85.07804878,
"Hong Kong SAR, China",HKG,"Life expectancy at birth, female (years)",SP.DYN.LE00.FE.IN,70.692,71.276,71.824,72.328,72.785,73.202,73.591,73.968,74.343,74.717,75.082,75.3,75.4,75.9,76.3,76.8,76.2,76.7,76.7,76.9,77.9,78.5,78.4,78.4,79,79.2,79.4,79.7,79.9,80,80.3,80.7,80.7,80.9,81.5,81.5,82.7,83.2,83,83.2,83.9,84.6,84.5,84.4,84.8,84.6,85.5,85.4,85.5,85.9,86,86.7,86.4,86.7,86.9,87.3,87.3,87.6,87.7,88.1,
Honduras,HND,"Life expectancy at birth, male (years)",SP.DYN.LE00.MA.IN,44.621,45.279,45.931,46.569,47.187,47.782,48.354,48.913,49.47,50.03,50.601,51.191,51.804,52.441,53.105,53.795,54.511,55.245,55.993,56.75,57.517,58.3,59.095,59.897,60.693,61.464,62.189,62.856,63.457,63.992,64.469,64.902,65.312,65.714,66.115,66.517,66.919,67.309,67.68,68.031,68.361,68.667,68.954,69.224,69.48,69.728,69.971,70.212,70.454,70.698,70.945,71.193,71.44,71.683,71.919,72.148,72.366,72.573,72.771,72.96,
Honduras,HND,"Life expectancy at birth, total (years)",SP.DYN.LE00.IN,46.274,46.953,47.625,48.285,48.926,49.548,50.151,50.742,51.33,51.921,52.522,53.14,53.778,54.439,55.124,55.834,56.567,57.317,58.08,58.851,59.632,60.427,61.236,62.05,62.859,63.643,64.382,65.062,65.679,66.229,66.723,67.175,67.605,68.028,68.45,68.871,69.284,69.676,70.041,70.378,70.689,70.976,71.249,71.511,71.77,72.026,72.285,72.544,72.803,73.061,73.317,73.569,73.814,74.051,74.278,74.495,74.701,74.898,75.088,75.27,
Honduras,HND,"Life expectancy at birth, female (years)",SP.DYN.LE00.FE.IN,48.039,48.733,49.42,50.095,50.756,51.401,52.031,52.653,53.272,53.894,54.525,55.172,55.836,56.52,57.226,57.953,58.701,59.464,60.238,61.02,61.812,62.617,63.435,64.259,65.077,65.871,66.621,67.313,67.943,68.507,69.017,69.487,69.937,70.381,70.824,71.262,71.684,72.077,72.433,72.754,73.043,73.31,73.565,73.818,74.074,74.338,74.609,74.884,75.157,75.427,75.69,75.944,76.185,76.413,76.628,76.829,77.019,77.201,77.378,77.551,
Heavily indebted poor countries (HIPC),HPC,"Life expectancy at birth, male (years)",SP.DYN.LE00.MA.IN,38.58086664,39.01358904,39.43747952,39.85132436,40.25532055,40.65137113,41.04142475,41.42868123,41.81553309,42.20326045,42.59323854,42.98646986,43.38126575,43.77481468,44.16435489,44.54583135,44.91508688,45.27003971,45.61129233,45.9392759,46.25805452,46.57250572,46.88386546,47.19048144,47.48710131,47.75893983,47.98782549,48.16175095,48.27881501,48.35184689,48.406265,48.47296642,48.57554097,48.71896034,48.8930861,49.09433473,49.32867357,49.60417058,49.92783013,50.30545772,50.74270393,51.24326808,51.80424805,52.4183801,53.07571863,53.76565719,54.47796614,55.19989125,55.91771541,56.61906723,57.29378398,57.9358856,58.54505758,59.12111172,59.65908497,60.15418193,60.60341696,61.01006493,61.37882081,61.71426917,
Heavily indebted poor countries (HIPC),HPC,"Life expectancy at birth, total (years)",SP.DYN.LE00.IN,39.77965707,40.2214023,40.6523158,41.0710324,41.4781836,41.87598999,42.26877567,42.66053712,43.05454868,43.45174678,43.85300943,44.25842597,44.66456609,45.06776336,45.46575644,45.85421773,46.22904975,46.58948201,46.93633055,47.27141475,47.59881904,47.92442601,48.25027717,48.57393366,48.88997049,49.18322501,49.43485582,49.63176685,49.77107121,49.86464075,49.93684831,50.01768733,50.13036459,50.28053801,50.45924323,50.66226985,50.89472214,51.16403683,51.47749269,51.84219216,52.26410061,52.74934234,53.29664728,53.90032259,54.5520779,55.24228463,55.96161697,56.69696411,57.43356861,58.15822389,58.85894745,59.52887102,60.16656535,60.77033533,61.33431413,61.85295289,62.32328464,62.74867177,63.13499116,63.48645533,
Heavily indebted poor countries (HIPC),HPC,"Life expectancy at birth, female (years)",SP.DYN.LE00.FE.IN,41.01261651,41.46304305,41.9008921,42.32390041,42.73328913,43.13236555,43.52674444,43.92252473,44.32314436,44.7298833,45.14268424,45.56030662,45.97803684,46.39161358,46.79798554,47.19323815,47.57371537,47.939309,48.29214128,48.63425869,48.97092126,49.30886063,49.64999662,49.9919571,50.32876337,50.64500262,50.9208683,51.14291723,51.30720304,51.42432296,51.51734993,51.61501727,51.7408154,51.90066665,52.08611393,52.29227659,52.52262203,52.78447174,53.08527051,53.43236735,53.83421044,54.29810454,54.82517282,55.41216807,56.05186506,56.7366465,57.45870217,58.20369872,58.95601774,59.70133039,60.42669757,61.12348732,61.78916097,62.41979883,63.00901562,63.55099967,64.04147844,64.48572463,64.88916616,65.25702815,
Croatia,HRV,"Life expectancy at birth, male (years)",SP.DYN.LE00.MA.IN,62.095,62.396,62.678,62.943,63.192,63.434,63.674,63.918,64.166,64.416,64.66,64.887,65.088,65.259,65.401,66.68,67.27,67.52,67.09,66.92,66.39,66.72,66.79,66.47,66.36,67.13,67.78,67.88,67.82,68.23,68.59,68.6,66.9,67.22,67.54,67.86,68.18,68.3,68.6,68.92,69.12,71.03,71.21,71.17,72.13,71.83,72.51,72.33,72.4,72.9,73.5,73.8,73.9,74.2,74.6,74.3,74.9,74.9,74.9,75.4,
Croatia,HRV,"Life expectancy at birth, total (years)",SP.DYN.LE00.IN,64.60865854,65.0155122,65.4082439,65.78787805,66.15443902,66.51204878,66.86278049,67.20873171,67.54892683,67.88136585,68.2004878,68.50163415,68.77873171,69.0292439,69.25270732,70.00195122,70.45536585,70.74439024,70.53878049,70.42731707,70.17536585,70.34439024,70.48268293,70.27487805,70.21853659,70.88609756,71.41902439,71.4702439,71.48829268,71.84463415,72.1704878,72.18536585,71.24146341,71.52243902,71.80341463,72.08439024,72.36536585,72.49512195,72.31707317,72.64195122,72.80780488,74.51292683,74.71731707,74.61390244,75.5202439,75.24463415,75.83682927,75.70560976,75.91219512,76.16829268,76.47560976,76.77560976,76.92439024,77.12682927,77.47804878,77.27560976,78.02195122,77.82682927,78.07073171,78.42439024,
Croatia,HRV,"Life expectancy at birth, female (years)",SP.DYN.LE00.FE.IN,67.248,67.766,68.275,68.775,69.265,69.744,70.211,70.664,71.101,71.52,71.918,72.297,72.654,72.988,73.297,73.49,73.8,74.13,74.16,74.11,74.15,74.15,74.36,74.27,74.27,74.83,75.24,75.24,75.34,75.64,75.93,75.95,75.8,76.04,76.28,76.52,76.76,76.9,76.22,76.55,76.68,78.17,78.4,78.23,79.08,78.83,79.33,79.25,79.6,79.6,79.6,79.9,80.1,80.2,80.5,80.4,81.3,80.9,81.4,81.6,
Haiti,HTI,"Life expectancy at birth, male (years)",SP.DYN.LE00.MA.IN,40.315,40.681,41.045,41.422,41.822,42.252,42.711,43.193,43.689,44.197,44.715,45.244,45.781,46.319,46.853,47.372,47.866,48.329,48.758,49.152,49.514,49.849,50.165,50.472,50.774,51.074,51.372,51.669,51.961,52.251,52.54,52.829,53.117,53.406,53.692,53.973,54.242,54.497,54.74,54.976,55.215,55.469,55.748,56.055,56.391,56.748,57.115,57.477,57.828,58.165,58.495,58.831,59.182,59.555,59.947,60.35,60.752,61.139,61.5,61.831,
Haiti,HTI,"Life expectancy at birth, total (years)",SP.DYN.LE00.IN,41.762,42.182,42.591,43,43.414,43.837,44.267,44.7,45.134,45.573,46.027,46.508,47.019,47.559,48.119,48.683,49.232,49.746,50.215,50.635,51.009,51.347,51.668,51.987,52.309,52.637,52.97,53.302,53.628,53.949,54.265,54.58,54.894,55.209,55.523,55.829,56.121,56.393,56.648,56.891,57.131,57.382,57.655,57.959,58.292,58.652,59.028,59.408,59.782,60.148,60.511,60.879,61.26,61.658,62.069,62.485,62.896,63.29,63.66,64.001,
Haiti,HTI,"Life expectancy at birth, female (years)",SP.DYN.LE00.FE.IN,43.262,43.74,44.198,44.639,45.068,45.483,45.88,46.26,46.627,46.993,47.378,47.807,48.29,48.829,49.414,50.024,50.627,51.192,51.699,52.142,52.526,52.866,53.189,53.517,53.859,54.215,54.582,54.951,55.311,55.663,56.007,56.348,56.689,57.031,57.371,57.703,58.016,58.306,58.573,58.821,59.061,59.308,59.575,59.871,60.201,60.561,60.945,61.34,61.738,62.134,62.531,62.934,63.346,63.77,64.201,64.632,65.052,65.454,65.832,66.182,
Hungary,HUN,"Life expectancy at birth, male (years)",SP.DYN.LE00.MA.IN,65.93,66.78,65.7,66.64,67.02,66.72,67.52,66.89,66.64,66.7,66.35,66.15,66.85,66.64,66.37,66.29,66.7,66.77,66.15,66.23,65.53,65.51,65.67,65.12,65.06,65.06,65.31,65.7,66.16,65.33,65.14,65.06,64.6,64.55,64.86,65.26,66.08,66.4,66.15,66.36,67.1,68.2,68.3,68.3,68.6,68.6,69,69.2,69.8,70.1,70.5,71.2,71.6,72.2,72.3,72.3,72.6,72.5,72.7,72.9,
Hungary,HUN,"Life expectancy at birth, total (years)",SP.DYN.LE00.IN,68.00317073,68.93609756,67.86585366,68.87414634,69.38097561,69.07121951,69.82243902,69.40707317,69.2302439,69.31463415,69.16463415,69.05243902,69.66463415,69.51804878,69.24804878,69.29,69.57317073,69.84804878,69.39390244,69.61536585,69.06170732,69.13926829,69.35780488,68.97365854,69.02585366,68.97219512,69.17341463,69.65121951,70.02341463,69.46170732,69.31560976,69.37707317,69.11707317,69.10121951,69.4697561,69.79170732,70.32878049,70.70243902,70.55780488,70.67707317,71.24634146,72.24878049,72.34878049,72.3,72.64878049,72.64878049,73.09756098,73.15121951,73.70243902,73.90487805,74.20731707,74.85853659,75.06341463,75.56585366,75.76341463,75.56829268,76.06341463,75.81707317,76.06585366,76.02195122,
Hungary,HUN,"Life expectancy at birth, female (years)",SP.DYN.LE00.FE.IN,70.18,71.2,70.14,71.22,71.86,71.54,72.24,72.05,71.95,72.06,72.12,72.1,72.62,72.54,72.27,72.44,72.59,73.08,72.8,73.17,72.77,72.95,73.23,73.02,73.19,73.08,73.23,73.8,74.08,73.8,73.7,73.91,73.86,73.88,74.31,74.55,74.79,75.22,75.186,75.21,75.6,76.5,76.6,76.5,76.9,76.9,77.4,77.3,77.8,77.9,78.1,78.7,78.7,79.1,79.4,79,79.7,79.3,79.6,79.3,
IBRD only,IBD,"Life expectancy at birth, male (years)",SP.DYN.LE00.MA.IN,47.18738251,47.70257231,48.28747897,48.9982784,49.825578,50.75149857,51.71936026,52.6801688,53.61994931,54.47021538,55.25527699,55.96945316,56.6449012,57.27691331,57.87532218,58.39497761,58.89845532,59.34161717,59.75738641,60.11770407,60.44928292,60.79039691,61.12347937,61.42223581,61.70348764,62.04659755,62.43803922,62.73566103,63.00638716,63.23477723,63.44744358,63.65931379,63.81657204,63.92337602,64.10739264,64.36686261,64.70367106,65.05533067,65.37734482,65.63479084,65.92443602,66.23471749,66.53119518,66.82225672,67.12575136,67.40278049,67.73288907,68.04570886,68.34351357,68.67248495,68.97741734,69.30012188,69.59865396,69.89653736,70.16624516,70.43156113,70.68775988,70.93671662,71.13924297,71.34298626,
IBRD only,IBD,"Life expectancy at birth, total (years)",SP.DYN.LE00.IN,48.67617738,49.19620642,49.79469375,50.53221847,51.39514382,52.36459459,53.37470328,54.36898116,55.32969002,56.18374736,56.97620193,57.6760371,58.3212893,58.93404097,59.52944586,60.05280941,60.57554864,61.05872235,61.51072437,61.91521548,62.29169015,62.66839505,63.02718998,63.34288472,63.63221838,63.96461175,64.33965514,64.6390561,64.92530373,65.18221326,65.42952682,65.67127348,65.85186724,66.02417192,66.2682262,66.53929782,66.87267383,67.21096099,67.52044439,67.77014615,68.05279988,68.34253309,68.62365833,68.90498179,69.20975702,69.49575494,69.83303198,70.16360358,70.4833814,70.83252216,71.16154065,71.50942365,71.82726387,72.14220282,72.42729011,72.69619558,72.95509526,73.20066055,73.405003,73.60672776,
IBRD only,IBD,"Life expectancy at birth, female (years)",SP.DYN.LE00.FE.IN,50.3556432,50.87649321,51.48431353,52.24421559,53.1381763,54.14858923,55.19790908,56.22343016,57.20369196,58.06039653,58.86412409,59.54893314,60.16015457,60.75004101,61.34150182,61.86789269,62.41067539,62.93964873,63.43321243,63.88877587,64.31768987,64.73722889,65.12572259,65.46052187,65.75768992,66.0727477,66.42106356,66.71864179,67.02099823,67.31103825,67.59902916,67.87320073,68.08389435,68.3366155,68.65435925,68.93779763,69.26526575,69.58176965,69.87458522,70.11226409,70.38481372,70.64692632,70.9076715,71.1765988,71.48171747,71.77718343,72.12070628,72.47131436,72.81513129,73.18536904,73.53935359,73.91273473,74.24897208,74.58035136,74.87840971,75.1466935,75.40424901,75.64024675,75.84297146,76.03840988,
IDA & IBRD total,IBT,"Life expectancy at birth, male (years)",SP.DYN.LE00.MA.IN,46.12943144,46.63648028,47.20600325,47.88358372,48.65508233,49.50437808,50.38321532,51.2479832,52.08801718,52.84803784,53.55033078,54.19323368,54.80484255,55.38350366,55.93787421,56.43081214,56.91473267,57.35126585,57.76561625,58.13230134,58.47120507,58.81363282,59.1464414,59.44700686,59.72790531,60.05299655,60.40962969,60.68175705,60.92373959,61.1259911,61.30871238,61.4934334,61.62712325,61.72638654,61.89151673,62.12187301,62.41912067,62.73532655,63.02521706,63.27317356,63.55388603,63.85483115,64.15257051,64.45530903,64.77529603,65.08123892,65.43230564,65.77221548,66.09998054,66.44816469,66.77227675,67.10528961,67.41574023,67.72196626,68.00237132,68.27398802,68.53232743,68.77847069,68.9827608,69.18165899,
IDA & IBRD total,IBT,"Life expectancy at birth, total (years)",SP.DYN.LE00.IN,47.53034419,48.04028607,48.62026272,49.31943926,50.11973045,51.00421387,51.91719624,52.80880542,53.66552311,54.42847811,55.13714394,55.76891467,56.35657077,56.92046084,57.47354247,57.97054826,58.47104915,58.94101001,59.38568198,59.78967664,60.16702183,60.54319346,60.8999708,61.21707231,61.50750522,61.82669256,62.17268725,62.44921831,62.70609272,62.93381536,63.14700355,63.3574784,63.51046933,63.66231253,63.8743504,64.11160518,64.40281108,64.70530268,64.98045142,65.21839875,65.49050578,65.77258118,66.0563861,66.35003374,66.67064009,66.9841648,67.34309408,67.70021694,68.04949523,68.41907615,68.7681399,69.1268154,69.45797859,69.78232002,70.07865467,70.35621205,70.6189889,70.86448792,71.07188358,71.27078068,
IDA & IBRD total,IBT,"Life expectancy at birth, female (years)",SP.DYN.LE00.FE.IN,49.10439768,49.61345888,50.19995353,50.91670188,51.74152162,52.65863125,53.60273673,54.51899798,55.39094105,56.15566811,56.87376312,57.49382737,58.05439772,58.60083973,59.15208365,59.65276234,60.1704788,60.67844712,61.15746885,61.60392823,62.02542334,62.43617557,62.81947989,63.15519371,63.45488406,63.76272488,64.0898224,64.36752683,64.64056454,64.8977924,65.14658337,65.38509208,65.56257276,65.77940476,66.04916513,66.29383717,66.57671045,66.85812902,67.11508974,67.33898268,67.59933425,67.85593562,68.12053898,68.40226811,68.72179451,69.04237169,69.40794077,69.78347385,70.15550477,70.54689244,70.92161422,71.30595301,71.65694561,71.9986284,72.30845247,72.58840975,72.85187709,73.09142848,73.29857341,73.49376558,
IDA total,IDA,"Life expectancy at birth, male (years)",SP.DYN.LE00.MA.IN,40.78122051,41.31646723,41.84509136,42.36532613,42.87363286,43.36044838,43.8141033,44.22863499,44.60325627,44.94191514,45.25717619,45.56632719,45.88668042,46.23118075,46.60793287,47.02322546,47.47763748,47.95779388,48.44462902,48.92117038,49.37545202,49.80392539,50.2099542,50.59433837,50.95317923,51.27781725,51.5591312,51.7959313,51.99200763,52.16722041,52.31703215,52.46838965,52.63088494,52.80879062,53.00617763,53.22837333,53.4766198,53.74278286,54.03143845,54.34974313,54.69091081,55.0694486,55.48456447,55.94110821,56.4297325,56.94448865,57.4732513,58.00945742,58.53872244,59.0476653,59.53080624,59.98919515,60.4253191,60.84379482,61.24351616,61.62123833,61.97306716,62.29817993,62.59813707,62.87575157,
IDA total,IDA,"Life expectancy at birth, total (years)",SP.DYN.LE00.IN,41.74048385,42.27606129,42.80489969,43.32504593,43.83270171,44.31844716,44.77166069,45.18656084,45.56346111,45.90699489,46.22970304,46.54904546,46.8816022,47.23900768,47.62897502,48.05642672,48.52135254,49.01078863,49.50721572,49.9957163,50.46491285,50.9472526,51.37486679,51.7776031,52.15779231,52.50460335,52.80886634,53.07147645,53.28768205,53.48405519,53.65478641,53.8197348,53.99285715,54.17534202,54.37370193,54.59264156,54.83491708,55.09572513,55.3721091,55.68036017,56.01427659,56.38874243,56.80357121,57.2602471,57.75465066,58.27971638,58.82737849,59.38766879,59.94540415,60.48822214,61.00702034,61.50004542,61.96788628,62.41385382,62.83665693,63.23268056,63.59918453,63.93676168,64.24817977,64.53630894,
IDA total,IDA,"Life expectancy at birth, female (years)",SP.DYN.LE00.FE.IN,42.78479338,43.31957926,43.84728445,44.36567414,44.87087479,45.35394551,45.80472839,46.21897414,46.59721375,46.94514784,47.2751483,47.60519664,47.95059357,48.32312259,48.7282275,49.16951844,49.64584138,50.14474312,50.65003091,51.14897115,51.63173857,52.09507078,52.54032066,52.96667888,53.36956532,53.73959954,54.06859158,54.35426991,54.59885857,54.81973668,55.01462608,55.19547219,55.3787416,55.57189989,55.77321468,55.99061893,56.22730833,56.48004593,56.74990365,57.05070156,57.37769313,57.74635358,58.15620105,58.61297417,59.11138863,59.6455988,60.21237442,60.79701505,61.38444953,61.9622882,62.51924245,63.04800342,63.54864849,64.02264981,64.46793628,64.88263333,65.2626182,65.6112022,65.9323813,66.23039298,
IDA blend,IDB,"Life expectancy at birth, male (years)",SP.DYN.LE00.MA.IN,42.20302208,42.86663769,43.50958486,44.13024499,44.72809464,45.30505304,45.86427832,46.40815434,46.93954756,47.45723581,47.95976413,48.44437944,48.90975099,49.35431686,49.77817826,50.18597928,50.58326209,50.97392693,51.35913598,51.73803197,52.10428943,52.4487655,52.7626391,53.03736393,53.26676342,53.44672866,53.57660806,53.66366884,53.71640701,53.742735,53.75154795,53.73699271,53.71148222,53.68251728,53.65968286,53.65383776,53.67257229,53.71952096,53.79806567,53.91312552,54.07964805,54.30551815,54.59129009,54.93387656,55.32804599,55.76527983,56.23491064,56.72202236,57.21059391,57.68785125,58.15157113,58.59237883,59.00831384,59.40730119,59.78608451,60.14063532,60.46401247,60.75579051,61.0159081,61.24878351,
IDA blend,IDB,"Life expectancy at birth, total (years)",SP.DYN.LE00.IN,43.25096152,43.90891557,44.5469386,45.16226649,45.75418076,46.32412532,46.87547943,47.41093214,47.93459365,48.44561524,48.94363305,49.42738885,49.89566738,50.3467082,50.78215771,51.20568926,51.6217214,52.03214692,52.43706181,52.83411948,53.21638728,53.5764864,53.91036981,54.19441461,54.43980766,54.63700348,54.78513767,54.894344,54.95959734,55.00013268,55.01988204,55.00931873,54.98689414,54.9456636,54.90935476,54.88442815,54.88165486,54.90899442,54.95880885,55.04928879,55.19353906,55.39921755,55.67027371,55.99178942,56.37096256,56.79777194,57.26156366,57.74881487,58.24290389,58.73064721,59.20835377,59.66462167,60.09325422,60.50417686,60.89369396,61.25627871,61.58796584,61.8891292,62.16186739,62.40899722,
IDA blend,IDB,"Life expectancy at birth, female (years)",SP.DYN.LE00.FE.IN,44.41815738,45.06811857,45.69853438,46.305998,46.88913839,47.44933381,47.98992925,48.51523464,49.02843518,49.53073689,50.02139512,50.50252081,50.97175618,51.42961576,51.87672147,52.31613905,52.75186858,53.18329951,53.60890276,54.02536578,54.42516779,54.80086256,55.14459829,55.45022603,55.71286446,55.92790018,56.0955415,56.22069972,56.30967655,56.36795226,56.40113202,56.39655363,56.36944437,56.32543604,56.27428926,56.22880257,56.20057062,56.196056,56.22196951,56.28395025,56.40234561,56.58194818,56.82491478,57.1272822,57.48627524,57.8962159,58.34867106,58.83107107,59.326598,59.82108241,60.31087436,60.77977176,61.220469,61.64220729,62.04051345,62.41156275,62.75094793,63.06126289,63.34656445,63.6103436,
Indonesia,IDN,"Life expectancy at birth, male (years)",SP.DYN.LE00.MA.IN,44.475,45.098,45.713,46.322,46.927,47.533,48.146,48.767,49.395,50.03,50.667,51.301,51.925,52.534,53.127,53.704,54.267,54.822,55.369,55.91,56.44,56.957,57.458,57.941,58.405,58.853,59.286,59.708,60.123,60.533,60.941,61.352,61.765,62.176,62.58,62.965,63.317,63.63,63.901,64.137,64.349,64.554,64.771,65.011,65.28,65.579,65.899,66.228,66.554,66.872,67.182,67.485,67.784,68.081,68.371,68.651,68.914,69.156,69.375,69.572,
Indonesia,IDN,"Life expectancy at birth, total (years)",SP.DYN.LE00.IN,46.664,47.276,47.877,48.468,49.051,49.629,50.208,50.789,51.374,51.963,52.553,53.14,53.72,54.288,54.843,55.386,55.92,56.448,56.971,57.488,57.995,58.489,58.966,59.423,59.863,60.287,60.7,61.107,61.512,61.915,62.32,62.727,63.131,63.529,63.919,64.291,64.637,64.954,65.244,65.513,65.772,66.037,66.321,66.631,66.969,67.334,67.717,68.105,68.485,68.853,69.205,69.542,69.866,70.179,70.481,70.768,71.035,71.282,71.509,71.716,
Indonesia,IDN,"Life expectancy at birth, female (years)",SP.DYN.LE00.FE.IN,49.009,49.604,50.185,50.752,51.306,51.851,52.389,52.925,53.461,53.999,54.536,55.072,55.602,56.124,56.639,57.145,57.647,58.144,58.639,59.128,59.608,60.074,60.522,60.951,61.362,61.76,62.15,62.539,62.932,63.328,63.727,64.126,64.519,64.901,65.271,65.625,65.959,66.276,66.58,66.879,67.185,67.51,67.864,68.249,68.665,69.107,69.565,70.025,70.474,70.905,71.311,71.69,72.047,72.383,72.698,72.992,73.264,73.515,73.748,73.967,
IDA only,IDX,"Life expectancy at birth, male (years)",SP.DYN.LE00.MA.IN,40.10344634,40.57812991,41.05269587,41.52540115,41.99141424,42.43578937,42.83988261,43.19365066,43.49430011,43.74776968,43.97282203,44.19609739,44.44379645,44.73576266,45.08411077,45.49624205,45.97072159,46.48633017,47.01475345,47.53161937,48.02239557,48.4863609,48.93288897,49.36739525,49.78703646,50.18085693,50.53541432,50.84530092,51.11208432,51.36190943,51.58299514,51.81959885,52.07889894,52.36312659,52.67328112,53.01180108,53.37685243,53.75463727,54.15048564,54.57254961,55.00283157,55.45896928,55.93945642,56.45329283,56.98931674,57.54315229,58.10205094,58.66372068,59.21456891,59.74077584,60.23557602,60.70477334,61.1526046,61.58245038,61.99419763,62.38487088,62.75210249,63.09485368,63.41553134,63.7161263,
IDA only,IDX,"Life expectancy at birth, total (years)",SP.DYN.LE00.IN,41.03665865,41.51555748,41.9936539,42.46947735,42.93793286,43.38461469,43.79245182,44.15160129,44.46034235,44.72541567,44.96494175,45.20494892,45.47034963,45.77905489,46.14182263,46.56446556,47.04523826,47.56456472,48.09698518,48.62193282,49.12607927,49.66597084,50.13292902,50.58894673,51.03081465,51.4475448,51.82581688,52.16174241,52.45130353,52.72426962,52.96972745,53.22280033,53.4942192,53.78934224,54.10551634,54.44662332,54.81152281,55.1892793,55.57932575,55.99687799,56.42591493,56.88471824,57.37109348,57.89454677,58.44586124,59.01959152,59.60906289,60.20615863,60.79641651,61.36779782,61.90905118,62.42255008,62.91158488,63.37674492,63.81780447,64.23192906,64.61689789,64.97338955,65.30456203,65.61334387,
IDA only,IDX,"Life expectancy at birth, female (years)",SP.DYN.LE00.FE.IN,42.04125696,42.52363501,43.00437937,43.48190518,43.95133299,44.39908712,44.8089206,45.17256004,45.48906118,45.76574766,46.02057741,46.27864582,46.56337209,46.89174946,47.27165376,47.70722816,48.19526439,48.71815697,49.25318834,49.78346681,50.29825014,50.7963748,51.28375305,51.76239379,52.22808578,52.66926309,53.07360508,53.43522751,53.75428965,54.05401209,54.32777776,54.60027973,54.88782047,55.19860599,55.52509149,55.8727091,56.2405467,56.62071962,57.0115077,57.43056991,57.86075622,58.32262075,58.8143857,59.34665274,59.91309221,60.50797418,61.13072623,61.76570535,62.39876228,63.01836905,63.61023751,64.17061802,64.70234913,65.2037974,65.67388249,66.11145871,66.51245574,66.88052629,67.21967299,67.53455164,
Isle of Man,IMN,"Life expectancy at birth, male (years)",SP.DYN.LE00.MA.IN,,,,,,,,,,,,,,,,,,,,,,,,,,,,,,,,,,,73.7,,,,,,,,74.6,,,,,,,,,,,,,,,,,,
Isle of Man,IMN,"Life expectancy at birth, total (years)",SP.DYN.LE00.IN,,,,,,,,,,,,,,,,,,,,,,,,,,,,,,,,,,,76.52926829,,,,,,,,77.96585366,,,,,,,,,,,,,,,,,,
Isle of Man,IMN,"Life expectancy at birth, female (years)",SP.DYN.LE00.FE.IN,,,,,,,,,,,,,,,,,,,,,,,,,,,,,,,,,,,79.5,,,,,,,,81.5,,,,,,,,,,,,,,,,,,
India,IND,"Life expectancy at birth, male (years)",SP.DYN.LE00.MA.IN,42.266,42.872,43.477,44.081,44.685,45.29,45.898,46.509,47.123,47.737,48.35,48.958,49.558,50.146,50.719,51.275,51.812,52.33,52.828,53.305,53.758,54.182,54.577,54.949,55.302,55.647,55.994,56.352,56.727,57.122,57.536,57.967,58.405,58.843,59.277,59.703,60.121,60.531,60.936,61.335,61.729,62.121,62.511,62.902,63.293,63.689,64.091,64.499,64.91,65.32,65.723,66.115,66.488,66.84,67.167,67.468,67.745,68,68.239,68.464,
India,IND,"Life expectancy at birth, total (years)",SP.DYN.LE00.IN,41.422,42.027,42.637,43.252,43.873,44.5,45.136,45.779,46.428,47.081,47.737,48.398,49.061,49.722,50.374,51.012,51.63,52.222,52.786,53.319,53.814,54.268,54.686,55.074,55.441,55.801,56.169,56.553,56.963,57.4,57.865,58.353,58.851,59.349,59.84,60.32,60.783,61.233,61.669,62.093,62.505,62.907,63.304,63.699,64.095,64.5,64.918,65.35,65.794,66.244,66.693,67.13,67.545,67.931,68.286,68.607,68.897,69.165,69.416,69.656,
India,IND,"Life expectancy at birth, female (years)",SP.DYN.LE00.FE.IN,40.529,41.133,41.748,42.375,43.015,43.669,44.335,45.012,45.698,46.393,47.099,47.818,48.55,49.29,50.029,50.759,51.466,52.142,52.779,53.371,53.912,54.397,54.835,55.237,55.616,55.988,56.373,56.782,57.226,57.707,58.226,58.774,59.337,59.9,60.454,60.991,61.503,61.992,62.46,62.906,63.334,63.745,64.145,64.543,64.943,65.357,65.793,66.253,66.735,67.231,67.73,68.218,68.68,69.106,69.491,69.835,70.142,70.425,70.692,70.95,
Not classified,INX,"Life expectancy at birth, male (years)",SP.DYN.LE00.MA.IN,,,,,,,,,,,,,,,,,,,,,,,,,,,,,,,,,,,,,,,,,,,,,,,,,,,,,,,,,,,,,
Not classified,INX,"Life expectancy at birth, total (years)",SP.DYN.LE00.IN,,,,,,,,,,,,,,,,,,,,,,,,,,,,,,,,,,,,,,,,,,,,,,,,,,,,,,,,,,,,,
Not classified,INX,"Life expectancy at birth, female (years)",SP.DYN.LE00.FE.IN,,,,,,,,,,,,,,,,,,,,,,,,,,,,,,,,,,,,,,,,,,,,,,,,,,,,,,,,,,,,,
Ireland,IRL,"Life expectancy at birth, male (years)",SP.DYN.LE00.MA.IN,67.977,68.109,68.217,68.31,68.393,68.469,68.536,68.591,68.636,68.673,68.709,68.75,68.802,68.868,68.953,69.061,69.194,69.349,69.523,69.712,69.913,70.12,70.331,70.541,70.75,70.957,71.168,71.384,71.606,71.832,72.053,72.256,72.439,72.601,72.749,72.9,73.1,73.4,73.4,73.4,74,74.5,75,75.7,76.1,76.7,76.9,77.3,77.9,77.8,78.5,78.6,78.7,78.9,79.3,79.6,79.8,80.4,80.5,80.4,
Ireland,IRL,"Life expectancy at birth, total (years)",SP.DYN.LE00.IN,69.7965122,69.97826829,70.13407317,70.27292683,70.40129268,70.52314634,70.63843902,70.74514634,70.84429268,70.93787805,71.03143902,71.12853659,71.2322439,71.34556098,71.47202439,71.61660976,71.78278049,71.969,72.17373171,72.39346341,72.6232439,72.85609756,73.08807317,73.31368293,73.53146341,73.74236585,73.95141463,74.16253659,74.37770732,74.59590244,74.80909756,75.00526829,75.18095122,75.33612195,75.47680488,75.61756098,75.83170732,75.98536585,76.1804878,76.08292683,76.53658537,77.13414634,77.63414634,78.13902439,78.53902439,78.94390244,79.24146341,79.64146341,80.09512195,80.1902439,80.74390244,80.74634146,80.84634146,80.94878049,81.34878049,81.45365854,81.65365854,82.15609756,82.25609756,82.30243902,
Ireland,IRL,"Life expectancy at birth, female (years)",SP.DYN.LE00.FE.IN,71.707,71.941,72.147,72.334,72.51,72.68,72.846,73.007,73.163,73.316,73.47,73.626,73.784,73.947,74.117,74.3,74.501,74.72,74.957,75.209,75.469,75.729,75.983,76.225,76.452,76.667,76.874,77.08,77.288,77.498,77.703,77.892,78.06,78.208,78.341,78.471,78.7,78.7,79.1,78.9,79.2,79.9,80.4,80.7,81.1,81.3,81.7,82.1,82.4,82.7,83.1,83,83.1,83.1,83.5,83.4,83.6,84,84.1,84.3,
"Iran, Islamic Rep.",IRN,"Life expectancy at birth, male (years)",SP.DYN.LE00.MA.IN,45.706,46.167,46.618,47.061,47.502,47.954,48.431,48.941,49.494,50.092,50.783,51.625,52.603,53.651,54.669,55.412,55.588,55.073,53.88,52.143,50.178,48.402,47.201,46.845,47.424,48.922,51.187,53.866,56.626,59.281,61.654,63.627,65.223,66.473,67.378,67.975,68.338,68.575,68.78,69.001,69.257,69.536,69.798,70.023,70.226,70.438,70.698,71.03,71.443,71.934,72.476,73.035,73.566,74.038,74.435,74.755,75.007,75.217,75.409,75.593,
"Iran, Islamic Rep.",IRN,"Life expectancy at birth, total (years)",SP.DYN.LE00.IN,44.947,45.512,46.069,46.621,47.172,47.729,48.298,48.888,49.503,50.148,50.855,51.661,52.559,53.513,54.463,55.264,55.744,55.827,55.514,54.882,54.114,53.453,53.126,53.287,53.983,55.196,56.828,58.665,60.516,62.272,63.837,65.153,66.243,67.137,67.84,68.377,68.791,69.139,69.471,69.813,70.176,70.553,70.921,71.265,71.592,71.917,72.257,72.626,73.027,73.457,73.905,74.352,74.776,75.162,75.502,75.796,76.047,76.271,76.479,76.677,
"Iran, Islamic Rep.",IRN,"Life expectancy at birth, female (years)",SP.DYN.LE00.FE.IN,44.147,44.817,45.486,46.154,46.822,47.492,48.164,48.841,49.526,50.224,50.943,51.693,52.475,53.289,54.132,54.997,55.877,56.759,57.634,58.492,59.328,60.139,60.929,61.697,62.44,63.155,63.838,64.489,65.109,65.698,66.259,66.792,67.302,67.794,68.274,68.747,69.219,69.691,70.167,70.646,71.129,71.615,72.101,72.58,73.049,73.502,73.934,74.344,74.73,75.092,75.431,75.753,76.06,76.357,76.645,76.922,77.187,77.436,77.668,77.885,
Iraq,IRQ,"Life expectancy at birth, male (years)",SP.DYN.LE00.MA.IN,48.478,49.757,50.993,52.186,53.33,54.408,55.403,56.301,57.094,57.786,58.417,59.041,59.678,60.308,60.882,61.237,61.171,60.597,59.53,58.079,56.497,55.111,54.202,53.949,54.396,55.474,57.001,58.681,60.266,61.639,62.735,63.562,64.217,64.782,65.267,65.683,66.035,66.321,66.539,66.69,66.753,66.704,66.538,66.274,65.949,65.625,65.378,65.26,65.302,65.508,65.857,66.302,66.771,67.207,67.581,67.878,68.101,68.277,68.429,68.565,
Iraq,IRQ,"Life expectancy at birth, total (years)",SP.DYN.LE00.IN,48.022,49.222,50.409,51.58,52.73,53.839,54.885,55.85,56.723,57.5,58.201,58.856,59.484,60.086,60.644,61.078,61.291,61.238,60.933,60.435,59.882,59.448,59.275,59.454,60.002,60.877,61.979,63.147,64.246,65.212,66.011,66.653,67.191,67.668,68.089,68.446,68.731,68.936,69.06,69.108,69.082,68.983,68.827,68.636,68.437,68.266,68.157,68.13,68.19,68.34,68.567,68.848,69.148,69.437,69.7,69.929,70.122,70.294,70.454,70.604,
Iraq,IRQ,"Life expectancy at birth, female (years)",SP.DYN.LE00.FE.IN,47.561,48.68,49.815,50.963,52.114,53.25,54.344,55.374,56.323,57.184,57.951,58.623,59.221,59.77,60.289,60.809,61.357,61.949,62.59,63.276,63.994,64.719,65.419,66.071,66.667,67.206,67.699,68.162,68.612,69.05,69.483,69.912,70.331,70.726,71.087,71.389,71.604,71.721,71.742,71.679,71.555,71.405,71.264,71.162,71.111,71.115,71.162,71.23,71.302,71.372,71.442,71.519,71.609,71.719,71.847,71.993,72.152,72.318,72.486,72.652,
Iceland,ISL,"Life expectancy at birth, male (years)",SP.DYN.LE00.MA.IN,71.15,70.84,71.4,70.16,70.81,71.42,70.32,71.11,71.64,71.23,70.69,70.79,72.09,71.49,71.18,72.33,73.86,73.32,73.82,73.7,73.51,73.38,74.55,73.27,74.84,74.9,75.42,74.9,74.4,76.18,75.49,74.87,76.77,77.12,77.13,75.96,76.49,76.3,77.7,77.4,77.8,78.3,78.6,79.5,78.9,79.6,79.5,79.6,80,79.8,79.8,80.7,81.6,80.5,81.3,81.2,80.4,81.1,81.3,81,
Iceland,ISL,"Life expectancy at birth, total (years)",SP.DYN.LE00.IN,73.42317073,73.50341463,73.72195122,73.04292683,73.54170732,73.86878049,73.3004878,73.78317073,74.00585366,73.77634146,73.93390244,73.5704878,74.45585366,74.45097561,74.51170732,75.57878049,76.97219512,76.37365854,76.64926829,76.77317073,76.84658537,76.52146341,77.03780488,76.84560976,77.57658537,77.60243902,77.99073171,77.33902439,77.08292683,78.14097561,78.03634146,77.99195122,78.7602439,78.93463415,79.24707317,77.98439024,78.77780488,78.88536585,79.60243902,79.35121951,79.65365854,80.6902439,80.50243902,80.96341463,80.99756098,81.50243902,81.15853659,81.45365854,81.6097561,81.75121951,81.89756098,82.35853659,82.91707317,82.06097561,82.86097561,82.46829268,82.20487805,82.66097561,82.86097561,82.56097561,
Iceland,ISL,"Life expectancy at birth, female (years)",SP.DYN.LE00.FE.IN,75.81,76.3,76.16,76.07,76.41,76.44,76.43,76.59,76.49,76.45,77.34,76.49,76.94,77.56,78.01,78.99,80.24,79.58,79.62,80,80.35,79.82,79.65,80.6,80.45,80.44,80.69,79.9,79.9,80.2,80.71,81.27,80.85,80.84,81.47,80.11,81.18,81.6,81.6,81.4,81.6,83.2,82.5,82.5,83.2,83.5,82.9,83.4,83.3,83.8,84.1,84.1,84.3,83.7,84.5,83.8,84.1,84.3,84.5,84.2,
Israel,ISR,"Life expectancy at birth, male (years)",SP.DYN.LE00.MA.IN,,70.47,70.6,,,,70.91,69.9,69.32,69.19,69.55,70.08,70.2,70.23,70.13,70.25,71.2,71.3,71.5,71.8,72.1,72.7,72.5,72.8,73.1,73.5,73.2,73.6,73.9,74.6,74.9,75.1,74.7,75.3,75.5,75.5,76.3,76,76.1,77,77.1,77.7,77.5,77.6,78,78.2,78.7,78.7,79,79.6,79.7,79.9,79.9,80.3,80.3,80.1,80.7,80.6,80.9,81,
Israel,ISR,"Life expectancy at birth, total (years)",SP.DYN.LE00.IN,,72.00658537,72.11219512,,,,72.28560976,71.5097561,71.05658537,70.9704878,71.21341463,71.71902439,71.07804878,71.69341463,71.66170732,72.04512195,72.95609756,72.95853659,73.20731707,73.50731707,73.87560976,74.26097561,74.1097561,74.45853659,74.80731707,75.20731707,74.95609756,75.25853659,74.43658537,76.30731707,76.60731707,76.75853659,76.50487805,77.15365854,77.40243902,77.45121951,78.10487805,78,78.14878049,78.65853659,78.95365854,79.40731707,79.45121951,79.64878049,80.14634146,80.15121951,80.55365854,80.50487805,80.95121951,81.40487805,81.60243902,81.65609756,81.70487805,82.05609756,82.15365854,82.05121951,82.40731707,82.55121951,82.80243902,82.80487805,
Israel,ISR,"Life expectancy at birth, female (years)",SP.DYN.LE00.FE.IN,,73.62,73.7,,,,73.73,73.2,72.88,72.84,72.96,73.44,72,73.23,73.27,73.93,74.8,74.7,75,75.3,75.74,75.9,75.8,76.2,76.6,77,76.8,77,75,78.1,78.4,78.5,78.4,79.1,79.4,79.5,80,80.1,80.3,80.4,80.9,81.2,81.5,81.8,82.4,82.2,82.5,82.4,83,83.3,83.6,83.5,83.6,83.9,84.1,84.1,84.2,84.6,84.8,84.7,
Italy,ITA,"Life expectancy at birth, male (years)",SP.DYN.LE00.MA.IN,66.68,67.17,66.54,66.57,67.58,67.44,68.17,68.22,67.98,67.89,68.71,68.88,69.09,69.08,69.71,69.54,69.87,70.15,70.42,70.71,70.67,71.11,71.6,71.45,72.17,72.3,72.6,73,73.2,73.6,73.8,73.8,74.2,74.6,74.8,75,75.4,75.8,76,76.4,76.9,77.2,77.4,77.3,78,78.1,78.6,78.8,78.9,79.1,79.5,79.7,79.8,80.3,80.7,80.3,81,80.8,81.2,81.1,
Italy,ITA,"Life expectancy at birth, total (years)",SP.DYN.LE00.IN,69.12390244,69.7602439,69.1497561,69.24804878,70.31170732,70.17170732,70.92609756,70.95658537,70.78,70.81195122,71.55878049,71.80682927,72.07536585,72.02634146,72.73439024,72.64731707,72.99195122,73.36463415,73.69317073,74.00268293,73.94317073,74.35390244,74.81463415,74.6402439,75.3895122,75.47073171,75.77073171,76.2195122,76.37073171,76.8195122,76.97073171,77.0195122,77.4195122,77.72195122,77.92195122,78.17073171,78.52195122,78.82439024,78.97560976,79.42439024,79.77804878,80.12682927,80.22926829,79.98292683,80.7804878,80.78292683,81.28292683,81.43414634,81.48536585,81.63658537,82.03658537,82.18780488,82.23902439,82.6902439,83.0902439,82.54390244,83.24390244,82.94634146,83.34634146,83.19756098,
Italy,ITA,"Life expectancy at birth, female (years)",SP.DYN.LE00.FE.IN,71.69,72.48,71.89,72.06,73.18,73.04,73.82,73.83,73.72,73.88,74.55,74.88,75.21,75.12,75.91,75.91,76.27,76.74,77.13,77.46,77.38,77.76,78.19,77.99,78.77,78.8,79.1,79.6,79.7,80.2,80.3,80.4,80.8,81,81.2,81.5,81.8,82,82.1,82.6,82.8,83.2,83.2,82.8,83.7,83.6,84.1,84.2,84.2,84.3,84.7,84.8,84.8,85.2,85.6,84.9,85.6,85.2,85.6,85.4,
Jamaica,JAM,"Life expectancy at birth, male (years)",SP.DYN.LE00.MA.IN,63.181,63.585,63.952,64.296,64.625,64.942,65.245,65.53,65.799,66.058,66.321,66.603,66.912,67.25,67.615,67.997,68.382,68.753,69.099,69.413,69.696,69.95,70.188,70.419,70.65,70.893,71.159,71.448,71.755,72.067,72.365,72.621,72.817,72.942,72.998,72.996,72.955,72.903,72.861,72.837,72.835,72.848,72.864,72.871,72.866,72.846,72.809,72.759,72.7,72.639,72.582,72.539,72.514,72.51,72.531,72.574,72.635,72.708,72.787,72.868,
Jamaica,JAM,"Life expectancy at birth, total (years)",SP.DYN.LE00.IN,64.77,65.133,65.465,65.784,66.1,66.42,66.74,67.051,67.349,67.636,67.917,68.2,68.491,68.791,69.099,69.41,69.718,70.015,70.294,70.553,70.793,71.012,71.217,71.416,71.614,71.823,72.056,72.317,72.601,72.903,73.204,73.485,73.727,73.918,74.053,74.133,74.167,74.172,74.164,74.152,74.142,74.139,74.14,74.142,74.146,74.148,74.143,74.129,74.103,74.071,74.038,74.012,74.001,74.01,74.042,74.098,74.175,74.267,74.368,74.475,
Jamaica,JAM,"Life expectancy at birth, female (years)",SP.DYN.LE00.FE.IN,66.326,66.641,66.933,67.225,67.53,67.856,68.199,68.545,68.881,69.204,69.512,69.803,70.08,70.342,70.592,70.83,71.057,71.274,71.485,71.689,71.885,72.071,72.247,72.415,72.582,72.758,72.959,73.19,73.452,73.741,74.046,74.354,74.647,74.91,75.132,75.304,75.421,75.49,75.519,75.518,75.498,75.472,75.451,75.442,75.451,75.473,75.501,75.526,75.54,75.544,75.543,75.542,75.551,75.576,75.621,75.687,75.774,75.878,75.993,76.118,
Jordan,JOR,"Life expectancy at birth, male (years)",SP.DYN.LE00.MA.IN,52.456,53.152,53.844,54.533,55.219,55.899,56.574,57.243,57.904,58.555,59.199,59.835,60.464,61.084,61.693,62.285,62.854,63.397,63.913,64.4,64.863,65.306,65.735,66.154,66.561,66.954,67.329,67.678,67.999,68.292,68.555,68.79,69.003,69.199,69.381,69.555,69.723,69.886,70.048,70.209,70.37,70.531,70.692,70.849,71.004,71.156,71.307,71.456,71.604,71.749,71.888,72.018,72.137,72.247,72.346,72.441,72.533,72.628,72.73,72.839,
Jordan,JOR,"Life expectancy at birth, total (years)",SP.DYN.LE00.IN,52.651,53.438,54.22,54.995,55.765,56.526,57.279,58.022,58.752,59.468,60.171,60.864,61.545,62.215,62.869,63.502,64.108,64.683,65.224,65.731,66.207,66.656,67.086,67.5,67.899,68.283,68.649,68.992,69.311,69.604,69.872,70.113,70.331,70.529,70.712,70.885,71.053,71.219,71.386,71.556,71.73,71.907,72.083,72.256,72.427,72.595,72.763,72.931,73.099,73.266,73.428,73.581,73.722,73.851,73.969,74.078,74.184,74.292,74.405,74.526,
Jordan,JOR,"Life expectancy at birth, female (years)",SP.DYN.LE00.FE.IN,52.926,53.807,54.679,55.542,56.395,57.238,58.069,58.885,59.685,60.467,61.231,61.98,62.713,63.43,64.128,64.802,65.445,66.055,66.629,67.166,67.668,68.139,68.584,69.007,69.409,69.792,70.153,70.49,70.803,71.091,71.355,71.593,71.81,72.007,72.19,72.365,72.537,72.71,72.887,73.071,73.26,73.453,73.645,73.833,74.017,74.198,74.377,74.558,74.739,74.921,75.099,75.267,75.424,75.566,75.697,75.817,75.934,76.052,76.175,76.306,
Japan,JPN,"Life expectancy at birth, male (years)",SP.DYN.LE00.MA.IN,65.31,65.91,66.19,67.18,67.63,67.68,68.45,68.74,69.06,69.19,69.36,70.4,71.17,71.66,72.55,73.35,73.73,74.03,73.97,74.04,73.56,73.79,74.24,74.22,74.58,74.87,75.25,75.63,75.57,75.94,75.91,76.13,76.11,76.24,76.57,76.39,77.01,77.19,77.16,77.4,77.72,78.1,78.1,78.36,78.64,78.53,79,79.19,79.29,79.59,79.55,79.44,79.94,80.21,80.5,80.75,80.98,81.09,81.25,81.41,
Japan,JPN,"Life expectancy at birth, total (years)",SP.DYN.LE00.IN,67.66609756,68.31,68.59487805,69.65804878,70.13243902,70.20195122,70.98658537,71.27658537,71.61121951,71.83878049,71.9502439,72.88292683,73.50658537,73.75756098,74.39390244,75.05731707,75.45682927,75.89829268,76.03829268,76.33756098,76.09170732,76.41439024,76.92292683,76.96146341,77.36536585,77.6504878,78.06463415,78.48365854,78.39926829,78.81804878,78.83682927,79.10073171,79.15390244,79.29365854,79.68707317,79.53634146,80.2002439,80.42414634,80.50146341,80.57073171,81.07609756,81.41707317,81.56341463,81.76,82.0302439,81.92512195,82.32195122,82.50707317,82.58756098,82.93146341,82.84268293,82.59121951,83.09609756,83.33195122,83.58780488,83.79390244,83.98487805,84.0997561,84.21097561,84.35634146,
Japan,JPN,"Life expectancy at birth, female (years)",SP.DYN.LE00.FE.IN,70.14,70.83,71.12,72.26,72.76,72.85,73.65,73.94,74.29,74.62,74.67,75.49,75.96,75.96,76.33,76.85,77.27,77.86,78.21,78.75,78.75,79.17,79.74,79.84,80.29,80.57,81.02,81.48,81.37,81.84,81.91,82.22,82.35,82.5,82.96,82.84,83.55,83.82,84.01,83.9,84.6,84.9,85.2,85.33,85.59,85.49,85.81,85.99,86.05,86.44,86.3,85.9,86.41,86.61,86.83,86.99,87.14,87.26,87.32,87.45,
Kazakhstan,KAZ,"Life expectancy at birth, male (years)",SP.DYN.LE00.MA.IN,53.231,53.645,54.062,54.481,54.898,55.31,55.712,56.099,56.468,56.815,57.135,57.423,57.683,57.918,58.137,58.347,58.56,58.784,59.028,59.296,61.6,61.95,62.3,63.15,64,64,64.45,64.9,64.8,63.9,63.8,62.6,62.4,60.1,59.7,58,58,58.4,59,60.6,60.2,60.5,60.7,60.5,60.6,60.3,60.6,60.7,61.9,63.55,63.55,63.85,64.74,65.91,66.9,67.49,67.99,68.72,68.84,68.82,
Kazakhstan,KAZ,"Life expectancy at birth, total (years)",SP.DYN.LE00.IN,58.36758537,58.78158537,59.19956098,59.61953659,60.038,60.45195122,60.85541463,61.24339024,61.61287805,61.95987805,62.27939024,62.56690244,62.82592683,63.06092683,63.27992683,63.49187805,63.70926829,63.94009756,64.19190244,64.46673171,66.62439024,66.70609756,66.78780488,67.66219512,68.53658537,68.53658537,68.91341463,69.2902439,68.84878049,68.2902439,68.33658537,67.6,67.4,65.4,64.9,63.5,63.6,64,64.5,65.63,65.45,65.76,65.95,65.74,66.06,65.86,66.15,66.34,67.11,68.39,68.45,68.69,69.52,70.62,71.44,71.97,72.41,72.95,73.15,73.18,
Kazakhstan,KAZ,"Life expectancy at birth, female (years)",SP.DYN.LE00.FE.IN,63.761,64.175,64.594,65.015,65.435,65.851,66.256,66.645,67.015,67.362,67.681,67.968,68.226,68.461,68.68,68.894,69.116,69.354,69.614,69.896,71.9,71.7,71.5,72.4,73.3,73.3,73.6,73.9,73.1,72.9,73.1,72.4,72.3,70.8,70.3,69.4,69.7,69.9,70.4,70.9,71.2,71.3,71.6,71.5,72,71.8,72,72.3,72.4,73.25,73.41,73.57,74.29,75.23,75.82,76.26,76.61,76.92,77.19,77.3,
Kenya,KEN,"Life expectancy at birth, male (years)",SP.DYN.LE00.MA.IN,44.995,45.598,46.193,46.773,47.338,47.889,48.433,48.977,49.528,50.085,50.649,51.218,51.785,52.346,52.898,53.447,54.003,54.566,55.125,55.665,56.162,56.593,56.935,57.167,57.274,57.239,57.054,56.731,56.288,55.741,55.095,54.352,53.532,52.672,51.815,50.995,50.242,49.586,49.069,48.734,48.657,48.905,49.483,50.364,51.502,52.819,54.217,55.592,56.864,57.982,58.933,59.74,60.466,61.158,61.822,62.452,63.031,63.539,63.965,64.313,
Kenya,KEN,"Life expectancy at birth, total (years)",SP.DYN.LE00.IN,46.76,47.417,48.058,48.674,49.261,49.821,50.364,50.902,51.446,51.998,52.557,53.118,53.674,54.218,54.749,55.273,55.802,56.337,56.872,57.393,57.881,58.316,58.676,58.94,59.093,59.12,59.01,58.773,58.422,57.967,57.406,56.736,55.973,55.151,54.31,53.486,52.709,52.014,51.448,51.059,50.921,51.101,51.606,52.41,53.475,54.732,56.093,57.463,58.76,59.932,60.959,61.851,62.659,63.419,64.135,64.798,65.393,65.909,66.342,66.699,
Kenya,KEN,"Life expectancy at birth, female (years)",SP.DYN.LE00.FE.IN,48.658,49.371,50.063,50.717,51.327,51.897,52.438,52.97,53.506,54.05,54.6,55.151,55.692,56.217,56.724,57.221,57.719,58.222,58.729,59.227,59.703,60.139,60.516,60.813,61.014,61.106,61.078,60.937,60.69,60.341,59.88,59.297,58.605,57.831,57.014,56.189,55.386,54.647,54.022,53.563,53.345,53.434,53.837,54.535,55.497,56.667,57.969,59.315,60.624,61.844,62.944,63.923,64.815,65.647,66.415,67.111,67.721,68.244,68.684,69.049,
Kyrgyz Republic,KGZ,"Life expectancy at birth, male (years)",SP.DYN.LE00.MA.IN,52.011,52.449,52.889,53.331,53.772,54.206,54.63,55.039,55.43,55.799,56.141,56.451,56.732,56.989,57.229,57.459,57.687,57.923,58.177,58.456,58.775,59.149,59.574,60.038,60.522,60.997,61.425,61.779,62.042,64.2,64.2,64.6,64.2,62.9,61.6,61.4,62.3,62.6,63.1,64.9,64.9,65,64.4,64.5,64.3,64.2,63.5,63.7,64.5,65.2,65.3,65.7,66.1,66.3,66.5,66.7,67,67.2,67.4,67.6,
Kyrgyz Republic,KGZ,"Life expectancy at birth, total (years)",SP.DYN.LE00.IN,56.12807317,56.56412195,57.00265854,57.44319512,57.8822439,58.31526829,58.73829268,59.14631707,59.53585366,59.90387805,60.24490244,60.55441463,60.83541463,61.09290244,61.33290244,61.56485366,61.7972439,62.04007317,62.30090244,62.5857561,62.90378049,63.26363415,63.65887805,64.0775122,64.50492683,64.91895122,65.29378049,65.61119512,65.85858537,67.90731707,68.29756098,68.55121951,68.10243902,67.19268293,66.03902439,65.7902439,66.54390244,66.89268293,67.05121951,68.65609756,68.55853659,68.70731707,68.15609756,68.25609756,68.15365854,67.95609756,67.69512195,67.89512195,68.45121951,69.10243902,69.3,69.60243902,70.00243902,70.20243902,70.40243902,70.65121951,70.95121951,71.2,71.4,71.6,
Kyrgyz Republic,KGZ,"Life expectancy at birth, female (years)",SP.DYN.LE00.FE.IN,60.451,60.885,61.322,61.761,62.198,62.63,63.052,63.459,63.847,64.214,64.554,64.863,65.144,65.402,65.642,65.876,66.113,66.363,66.631,66.922,67.239,67.584,67.948,68.319,68.687,69.037,69.356,69.635,69.866,71.8,72.6,72.7,72.2,71.7,70.7,70.4,71,71.4,71.2,72.6,72.4,72.6,72.1,72.2,72.2,71.9,72.1,72.3,72.6,73.2,73.5,73.7,74.1,74.3,74.5,74.8,75.1,75.4,75.6,75.8,
Cambodia,KHM,"Life expectancy at birth, male (years)",SP.DYN.LE00.MA.IN,39.613,39.705,39.835,39.994,40.15,40.306,40.468,40.581,40.547,40.249,39.319,37.325,34.187,30.088,25.398,20.926,17.657,16.286,17.162,20.253,25.118,30.987,36.847,41.889,45.743,48.263,49.589,50.23,50.623,50.916,51.213,51.55,51.882,52.192,52.519,52.908,53.387,53.958,54.616,55.361,56.186,57.078,58.007,58.941,59.858,60.738,61.567,62.342,63.062,63.72,64.313,64.842,65.315,65.742,66.127,66.474,66.785,67.062,67.312,67.538,
Cambodia,KHM,"Life expectancy at birth, total (years)",SP.DYN.LE00.IN,41.242,41.366,41.526,41.71,41.893,42.083,42.298,42.486,42.55,42.369,41.566,39.699,36.676,32.667,28.04,23.595,20.317,18.907,19.725,22.744,27.536,33.342,39.157,44.173,48.025,50.563,51.916,52.587,52.999,53.302,53.595,53.916,54.228,54.514,54.82,55.189,55.653,56.212,56.862,57.604,58.432,59.335,60.283,61.241,62.186,63.088,63.927,64.697,65.394,66.014,66.56,67.043,67.48,67.888,68.273,68.637,68.977,69.289,69.57,69.823,
Cambodia,KHM,"Life expectancy at birth, female (years)",SP.DYN.LE00.FE.IN,42.932,43.093,43.284,43.497,43.708,43.934,44.202,44.466,44.632,44.58,43.936,42.262,39.456,35.674,31.262,26.991,23.806,22.394,23.113,25.944,30.491,36.036,41.618,46.461,50.213,52.722,54.102,54.822,55.281,55.616,55.922,56.237,56.533,56.804,57.093,57.446,57.895,58.439,59.076,59.805,60.624,61.525,62.477,63.444,64.4,65.312,66.15,66.904,67.569,68.145,68.64,69.072,69.47,69.854,70.234,70.61,70.975,71.318,71.629,71.909,
Kiribati,KIR,"Life expectancy at birth, male (years)",SP.DYN.LE00.MA.IN,45.505,46.011,46.535,47.077,47.632,48.195,48.761,49.318,49.86,50.378,50.866,51.32,51.742,52.133,52.493,52.822,53.119,53.389,53.638,53.873,54.102,54.33,54.562,54.806,55.067,55.354,55.674,56.025,56.401,56.797,57.201,57.601,57.985,58.345,58.677,58.982,59.269,59.546,59.821,60.091,60.35,60.588,60.797,60.974,61.122,61.249,61.364,61.482,61.613,61.765,61.945,62.155,62.39,62.645,62.914,63.191,63.468,63.74,64.001,64.248,
Kiribati,KIR,"Life expectancy at birth, total (years)",SP.DYN.LE00.IN,47.061,47.557,48.071,48.601,49.145,49.697,50.25,50.796,51.327,51.837,52.323,52.782,53.218,53.633,54.027,54.399,54.748,55.074,55.382,55.679,55.971,56.266,56.569,56.886,57.221,57.579,57.962,58.366,58.783,59.209,59.636,60.053,60.455,60.837,61.198,61.539,61.866,62.188,62.509,62.829,63.144,63.446,63.731,63.995,64.242,64.478,64.712,64.953,65.208,65.48,65.769,66.072,66.381,66.69,66.995,67.291,67.577,67.851,68.116,68.369,
Kiribati,KIR,"Life expectancy at birth, female (years)",SP.DYN.LE00.FE.IN,48.643,49.129,49.631,50.15,50.682,51.222,51.762,52.295,52.815,53.317,53.8,54.264,54.714,55.153,55.582,55.998,56.398,56.782,57.152,57.512,57.87,58.234,58.61,59.002,59.413,59.843,60.29,60.748,61.208,61.665,62.116,62.554,62.978,63.388,63.783,64.164,64.533,64.894,65.251,65.606,65.959,66.309,66.656,67.001,67.345,67.696,68.061,68.442,68.838,69.245,69.654,70.052,70.429,70.777,71.094,71.379,71.638,71.88,72.113,72.342,
St. Kitts and Nevis,KNA,"Life expectancy at birth, male (years)",SP.DYN.LE00.MA.IN,,,,,,,,,,,,,,,,,,,,,,,62,,,,,64,,,,,66,,,,,67.49,,,,,68.8,,,,,,,,,,,,,,,,,,
St. Kitts and Nevis,KNA,"Life expectancy at birth, total (years)",SP.DYN.LE00.IN,,,,,,,,,,,,,,,,,,,,,,,63.95121951,,,,,65.95121951,,,,,67.95121951,,,,,70.03634146,,,,,71.33658537,,,,,,,,,,,,,,,,,,
St. Kitts and Nevis,KNA,"Life expectancy at birth, female (years)",SP.DYN.LE00.FE.IN,,,,,,,,,,,,,,,,,,,,,,,66,,,,,68,,,,,70,,,,,72.71,,,,,74,,,,,,,,,,,,,,,,,,
"Korea, Rep.",KOR,"Life expectancy at birth, male (years)",SP.DYN.LE00.MA.IN,51.517,52.154,52.685,53.175,53.678,54.24,54.882,55.58,56.309,57.056,58.7,59.1,59.4,59.7,60,60.3,60.6,60.9,61.1,61.4,61.9,62.4,62.9,63.4,64,64.6,65.3,65.9,66.5,67,67.5,67.9,68.4,68.9,69.3,69.7,70.2,70.7,71.2,71.8,72.3,72.9,73.4,73.8,74.3,74.9,75.4,75.9,76.2,76.7,76.8,77.3,77.6,78.1,78.6,79,79.3,79.7,79.7,80.3,
"Korea, Rep.",KOR,"Life expectancy at birth, total (years)",SP.DYN.LE00.IN,55.41553659,56.01497561,56.51231707,56.97060976,57.44092683,57.96829268,58.57517073,59.24146341,59.94460976,60.67502439,62.16341463,62.61219512,63.0097561,63.40731707,63.80487805,64.15365854,64.50243902,64.9,65.19756098,65.54634146,66.04634146,66.54634146,67.09512195,67.54634146,68.19512195,68.79512195,69.44634146,69.99756098,70.54878049,71.04878049,71.59756098,72.04634146,72.49756098,72.99756098,73.39756098,73.7,74.15121951,74.60243902,75.00487805,75.4097561,75.9097561,76.41219512,76.76585366,77.21463415,77.66585366,78.16829268,78.66829268,79.1195122,79.51707317,79.96829268,80.11707317,80.56829268,80.8195122,81.27073171,81.72195122,82.02439024,82.27560976,82.62682927,82.62682927,83.22682927,
"Korea, Rep.",KOR,"Life expectancy at birth, female (years)",SP.DYN.LE00.FE.IN,59.509,60.069,60.531,60.956,61.392,61.883,62.453,63.086,63.762,64.475,65.8,66.3,66.8,67.3,67.8,68.2,68.6,69.1,69.5,69.9,70.4,70.9,71.5,71.9,72.6,73.2,73.8,74.3,74.8,75.3,75.9,76.4,76.8,77.3,77.7,77.9,78.3,78.7,79,79.2,79.7,80.1,80.3,80.8,81.2,81.6,82.1,82.5,83,83.4,83.6,84,84.2,84.6,85,85.2,85.4,85.7,85.7,86.3,
Kuwait,KWT,"Life expectancy at birth, male (years)",SP.DYN.LE00.MA.IN,58.26,59.016,59.758,60.478,61.172,61.83,62.448,63.024,63.56,64.058,64.523,64.96,65.377,65.784,66.184,66.585,66.991,67.4,67.809,68.215,68.614,69,69.366,69.708,70.022,70.308,70.566,70.8,71.013,71.208,71.384,71.542,71.683,71.806,71.916,72.014,72.099,72.176,72.246,72.314,72.382,72.453,72.528,72.61,72.702,72.81,72.939,73.089,73.258,73.441,73.63,73.816,73.99,74.146,74.281,74.396,74.495,74.584,74.672,74.76,
Kuwait,KWT,"Life expectancy at birth, total (years)",SP.DYN.LE00.IN,59.343,60.099,60.841,61.565,62.265,62.934,63.566,64.158,64.713,65.231,65.715,66.169,66.602,67.02,67.426,67.824,68.217,68.602,68.977,69.342,69.693,70.028,70.344,70.64,70.914,71.167,71.398,71.61,71.805,71.985,72.15,72.3,72.435,72.556,72.666,72.764,72.852,72.931,73.004,73.074,73.142,73.21,73.28,73.355,73.439,73.538,73.66,73.807,73.976,74.162,74.358,74.55,74.728,74.885,75.019,75.13,75.224,75.311,75.398,75.489,
Kuwait,KWT,"Life expectancy at birth, female (years)",SP.DYN.LE00.FE.IN,60.955,61.743,62.516,63.269,63.994,64.686,65.337,65.945,66.512,67.037,67.524,67.974,68.397,68.798,69.182,69.555,69.921,70.279,70.629,70.97,71.298,71.609,71.898,72.162,72.401,72.615,72.806,72.979,73.137,73.282,73.417,73.54,73.652,73.754,73.847,73.933,74.013,74.089,74.161,74.233,74.303,74.371,74.438,74.504,74.575,74.659,74.764,74.894,75.05,75.228,75.417,75.605,75.779,75.933,76.063,76.173,76.269,76.364,76.467,76.58,
Latin America & Caribbean (excluding high income),LAC,"Life expectancy at birth, male (years)",SP.DYN.LE00.MA.IN,53.65861668,54.09641589,54.51721737,54.92337938,55.31829356,55.70720183,56.09447751,56.48454441,56.87891374,57.27925456,57.68466262,58.09288969,58.49857752,58.89807331,59.28931008,59.67128631,60.0434723,60.40806974,60.76619127,61.1190825,61.467336,61.811036,62.15065673,62.48780475,62.82436131,63.16281257,63.50613932,63.85425402,64.20772435,64.56493092,64.92387788,65.28199748,65.63693136,65.98695283,66.33153662,66.67079999,67.00694334,67.34210524,67.67524539,68.00489678,68.32721272,68.63745782,68.93282213,69.21124854,69.47224288,69.71688176,69.94671431,70.16609127,70.37746183,70.58320197,70.78446783,70.98203413,71.17453984,71.36318727,71.54857483,71.73208083,71.91405769,72.09605901,72.27754294,72.45939601,
Latin America & Caribbean (excluding high income),LAC,"Life expectancy at birth, total (years)",SP.DYN.LE00.IN,55.52640701,56.00726891,56.47115925,56.91897687,57.35307473,57.77856832,58.20066231,58.62389183,59.05194857,59.48668809,59.92811215,60.37412026,60.82051471,61.26211763,61.69706445,62.12490366,62.54349883,62.95586988,63.36224618,63.7630591,64.15893772,64.54917609,64.9358677,65.31525878,65.69235047,66.0674782,66.44196527,66.81681537,67.18896406,67.562033,67.93334844,68.30338831,68.67101267,69.03338949,69.39174609,69.74557688,70.09642889,70.44454461,70.78697903,71.12410564,71.45222166,71.76704962,72.06815787,72.35139475,72.61821842,72.86918568,73.10486464,73.32899691,73.54395204,73.75202251,73.95428629,74.15197747,74.34505753,74.53323932,74.71799683,74.89944926,75.07700747,75.25163453,75.42250137,75.59132639,
Latin America & Caribbean (excluding high income),LAC,"Life expectancy at birth, female (years)",SP.DYN.LE00.FE.IN,57.49458789,58.02115256,58.53085962,59.02285704,59.4989915,59.96387763,60.42236096,60.88147945,61.34497475,61.81648775,62.29567468,62.78158618,63.2696944,63.7547684,64.23555081,64.71014416,65.17860818,65.64115606,66.09900054,66.55125816,66.99812597,67.43846777,67.87151791,68.29697817,68.71491308,69.12468345,69.52649265,69.921545,70.31041412,70.69402922,71.07345625,71.44994054,71.82409206,72.19497349,72.56300581,72.92706112,73.28770502,73.6432134,73.99167142,74.33137626,74.66014997,74.97460924,75.27474753,75.55915273,75.8276987,76.08050994,76.31824178,76.54292245,76.75788627,76.96394009,77.16350164,77.35791372,77.54747778,77.73254965,77.91383336,78.0907462,78.26234238,78.42746018,78.58578334,78.738835,
Lao PDR,LAO,"Life expectancy at birth, male (years)",SP.DYN.LE00.MA.IN,41.543,41.869,42.195,42.521,42.847,43.174,43.502,43.832,44.163,44.495,44.825,45.152,45.473,45.789,46.099,46.399,46.687,46.964,47.238,47.514,47.809,48.14,48.517,48.94,49.403,49.887,50.365,50.815,51.226,51.599,51.948,52.299,52.679,53.107,53.589,54.121,54.691,55.276,55.861,56.437,57.001,57.557,58.111,58.668,59.226,59.785,60.341,60.893,61.435,61.963,62.477,62.973,63.452,63.912,64.351,64.765,65.15,65.508,65.838,66.142,
Lao PDR,LAO,"Life expectancy at birth, total (years)",SP.DYN.LE00.IN,43.204,43.511,43.817,44.121,44.424,44.728,45.033,45.34,45.65,45.962,46.273,46.578,46.876,47.166,47.449,47.722,47.985,48.244,48.503,48.771,49.061,49.386,49.753,50.162,50.61,51.084,51.566,52.04,52.497,52.935,53.364,53.799,54.258,54.753,55.285,55.851,56.44,57.04,57.637,58.225,58.803,59.372,59.937,60.502,61.065,61.625,62.182,62.731,63.271,63.797,64.306,64.797,65.267,65.717,66.144,66.546,66.924,67.277,67.61,67.923,
Lao PDR,LAO,"Life expectancy at birth, female (years)",SP.DYN.LE00.FE.IN,44.949,45.227,45.503,45.777,46.05,46.322,46.597,46.876,47.161,47.448,47.736,48.017,48.289,48.55,48.801,49.044,49.279,49.515,49.759,50.018,50.302,50.62,50.977,51.371,51.803,52.267,52.753,53.253,53.758,54.266,54.779,55.304,55.848,56.413,56.997,57.598,58.208,58.82,59.428,60.026,60.615,61.195,61.769,62.34,62.905,63.465,64.018,64.562,65.095,65.613,66.115,66.598,67.061,67.505,67.929,68.331,68.712,69.074,69.417,69.746,
Lebanon,LBN,"Life expectancy at birth, male (years)",SP.DYN.LE00.MA.IN,61.565,61.865,62.157,62.441,62.719,62.995,63.27,63.544,63.816,64.085,64.347,64.598,64.834,65.054,65.258,65.446,65.617,65.777,65.931,66.085,66.243,66.411,66.591,66.786,67.001,67.237,67.494,67.771,68.065,68.377,68.707,69.058,69.428,69.815,70.219,70.636,71.064,71.499,71.938,72.378,72.821,73.272,73.73,74.191,74.645,75.081,75.484,75.844,76.152,76.405,76.6,76.739,76.833,76.896,76.937,76.967,76.996,77.031,77.076,77.14,
Lebanon,LBN,"Life expectancy at birth, total (years)",SP.DYN.LE00.IN,63.267,63.575,63.871,64.157,64.435,64.709,64.982,65.255,65.528,65.8,66.067,66.323,66.565,66.789,66.995,67.183,67.352,67.507,67.656,67.802,67.952,68.113,68.287,68.478,68.689,68.918,69.163,69.42,69.689,69.969,70.266,70.584,70.929,71.3,71.699,72.125,72.576,73.046,73.528,74.017,74.507,74.999,75.488,75.969,76.432,76.865,77.26,77.609,77.911,78.161,78.36,78.507,78.611,78.683,78.732,78.768,78.8,78.833,78.875,78.93,
Lebanon,LBN,"Life expectancy at birth, female (years)",SP.DYN.LE00.FE.IN,65.081,65.393,65.69,65.974,66.25,66.521,66.792,67.067,67.344,67.622,67.897,68.163,68.413,68.644,68.854,69.041,69.206,69.353,69.49,69.622,69.756,69.901,70.059,70.235,70.43,70.642,70.864,71.091,71.321,71.559,71.811,72.088,72.398,72.749,73.14,73.572,74.043,74.543,75.061,75.59,76.125,76.663,77.201,77.731,78.242,78.72,79.153,79.534,79.86,80.127,80.334,80.483,80.586,80.654,80.699,80.731,80.758,80.786,80.821,80.869,
Liberia,LBR,"Life expectancy at birth, male (years)",SP.DYN.LE00.MA.IN,31.735,32.081,32.488,32.962,33.501,34.097,34.734,35.392,36.057,36.719,37.383,38.058,38.753,39.472,40.206,40.949,41.693,42.422,43.115,43.751,44.299,44.733,45.045,45.236,45.313,45.277,45.13,44.905,44.654,44.428,44.31,44.387,44.693,45.232,45.985,46.885,47.831,48.726,49.503,50.145,50.681,51.181,51.732,52.389,53.16,54.023,54.927,55.807,56.616,57.338,57.978,58.561,59.126,59.698,60.279,60.856,61.409,61.911,62.347,62.715,
Liberia,LBR,"Life expectancy at birth, total (years)",SP.DYN.LE00.IN,34.264,34.56,34.911,35.322,35.796,36.324,36.895,37.491,38.099,38.714,39.338,39.98,40.65,41.346,42.061,42.786,43.514,44.226,44.902,45.52,46.053,46.474,46.776,46.962,47.038,47.004,46.862,46.645,46.399,46.174,46.046,46.097,46.357,46.832,47.506,48.314,49.163,49.963,50.657,51.234,51.734,52.236,52.826,53.554,54.422,55.393,56.4,57.365,58.229,58.971,59.6,60.146,60.663,61.186,61.723,62.269,62.802,63.295,63.73,64.104,
Liberia,LBR,"Life expectancy at birth, female (years)",SP.DYN.LE00.FE.IN,37.169,37.396,37.668,37.995,38.379,38.816,39.299,39.812,40.347,40.898,41.468,42.068,42.702,43.368,44.056,44.756,45.458,46.147,46.799,47.395,47.907,48.31,48.599,48.776,48.847,48.812,48.673,48.46,48.217,47.99,47.85,47.869,48.078,48.482,49.068,49.778,50.521,51.219,51.823,52.329,52.789,53.293,53.923,54.728,55.699,56.785,57.902,58.956,59.877,60.642,61.258,61.763,62.224,62.692,63.181,63.688,64.198,64.68,65.114,65.497,
Libya,LBY,"Life expectancy at birth, male (years)",SP.DYN.LE00.MA.IN,41.449,43.034,44.639,46.205,47.686,49.051,50.291,51.437,52.512,53.524,54.482,55.397,56.281,57.142,57.984,58.808,59.613,60.389,61.129,61.828,62.482,63.083,63.633,64.135,64.594,65.019,65.423,65.814,66.199,66.58,66.952,67.307,67.635,67.928,68.186,68.41,68.604,68.777,68.935,69.084,69.232,69.389,69.553,69.717,69.873,69.991,70.04,70.004,69.884,69.695,69.473,69.266,69.119,69.062,69.105,69.239,69.442,69.672,69.895,70.097,
Libya,LBY,"Life expectancy at birth, total (years)",SP.DYN.LE00.IN,42.609,44.211,45.833,47.415,48.914,50.303,51.581,52.778,53.921,55.011,56.052,57.046,57.995,58.902,59.77,60.6,61.393,62.15,62.869,63.548,64.185,64.771,65.306,65.793,66.235,66.644,67.03,67.405,67.775,68.141,68.503,68.85,69.175,69.469,69.732,69.965,70.169,70.352,70.522,70.684,70.852,71.038,71.244,71.466,71.693,71.902,72.063,72.155,72.174,72.129,72.044,71.956,71.901,71.907,71.981,72.121,72.311,72.52,72.724,72.913,
Libya,LBY,"Life expectancy at birth, female (years)",SP.DYN.LE00.FE.IN,43.893,45.52,47.165,48.77,50.293,51.713,53.035,54.295,55.516,56.698,57.837,58.925,59.955,60.921,61.825,62.669,63.458,64.2,64.9,65.562,66.182,66.755,67.277,67.75,68.179,68.573,68.945,69.303,69.655,70.004,70.35,70.686,71.005,71.299,71.569,71.813,72.029,72.223,72.403,72.577,72.762,72.976,73.224,73.505,73.811,74.119,74.4,74.63,74.797,74.901,74.954,74.982,75.012,75.069,75.161,75.29,75.449,75.619,75.788,75.951,
St. Lucia,LCA,"Life expectancy at birth, male (years)",SP.DYN.LE00.MA.IN,54.811,55.65,56.484,57.307,58.108,58.871,59.576,60.214,60.785,61.292,61.748,62.17,62.581,62.996,63.424,63.865,64.313,64.753,65.178,65.583,65.968,66.334,66.686,67.03,67.367,67.702,68.037,68.373,68.709,69.045,69.381,69.715,70.044,70.363,70.668,70.951,71.206,71.431,71.625,71.793,71.939,72.072,72.201,72.333,72.474,72.625,72.786,72.953,73.121,73.289,73.457,73.624,73.791,73.958,74.122,74.282,74.435,74.581,74.72,74.851,
St. Lucia,LCA,"Life expectancy at birth, total (years)",SP.DYN.LE00.IN,56.739,57.589,58.428,59.246,60.035,60.781,61.471,62.099,62.67,63.188,63.667,64.124,64.578,65.04,65.515,65.997,66.478,66.94,67.374,67.775,68.144,68.484,68.803,69.11,69.407,69.698,69.985,70.266,70.54,70.81,71.074,71.335,71.592,71.843,72.087,72.323,72.547,72.759,72.958,73.144,73.319,73.486,73.648,73.808,73.966,74.122,74.276,74.426,74.571,74.712,74.852,74.993,75.138,75.286,75.44,75.596,75.752,75.907,76.057,76.203,
St. Lucia,LCA,"Life expectancy at birth, female (years)",SP.DYN.LE00.FE.IN,58.631,59.457,60.267,61.055,61.816,62.539,63.212,63.834,64.406,64.935,65.435,65.924,66.417,66.922,67.441,67.966,68.482,68.972,69.422,69.828,70.189,70.51,70.802,71.075,71.335,71.586,71.831,72.069,72.3,72.527,72.748,72.965,73.175,73.379,73.578,73.775,73.971,74.168,74.367,74.567,74.766,74.963,75.153,75.335,75.507,75.667,75.813,75.948,76.074,76.194,76.311,76.431,76.556,76.688,76.829,76.977,77.13,77.283,77.434,77.58,
Latin America & Caribbean,LCN,"Life expectancy at birth, male (years)",SP.DYN.LE00.MA.IN,54.17282718,54.6011505,55.01387065,55.41331075,55.80211063,56.18573461,56.56835751,56.95417502,57.3449273,57.74224105,58.14543845,58.55235514,58.957373,59.35703382,59.74857645,60.13095596,60.50352509,60.86823216,61.22635073,61.57857475,61.92557469,62.26727871,62.60416532,62.93752406,63.26898675,63.6005275,63.93443328,64.27054574,64.60944941,64.9499064,65.290382,65.62876893,65.96344431,66.29346015,66.61854085,66.9394321,67.25861669,67.57796517,67.89648093,68.21282527,68.53138441,68.82966748,69.1165934,69.38675282,69.63737457,69.87247599,70.09406113,70.30421398,70.50537989,70.70418738,70.89694433,71.08487577,71.26446395,71.43805381,71.60711716,71.77444428,71.9419317,72.11260359,72.28488925,72.46079952,
Latin America & Caribbean,LCN,"Life expectancy at birth, total (years)",SP.DYN.LE00.IN,56.07766645,56.54932327,57.00527528,57.44665667,57.87529204,58.29637409,58.71505938,59.13550366,59.56154769,59.99482876,60.4354476,60.88113985,61.32734064,61.76894794,62.20354992,62.63051114,63.04782438,63.45824462,63.86230017,64.26000232,64.65183763,65.03700893,65.41724792,65.78964569,66.15817772,66.52328917,66.88588475,67.24680017,67.60393914,67.96019484,68.31372589,68.66521467,69.01387331,69.35812021,69.6989352,70.03638967,70.37227939,70.70664293,71.0367773,71.36264785,71.68738957,71.99312403,72.28763379,72.56226154,72.8191972,73.06052666,73.28745866,73.50178524,73.70415657,73.9041865,74.09722025,74.28311752,74.46145444,74.63279792,74.7990465,74.96168764,75.12202318,75.28208661,75.4408494,75.60149504,
Latin America & Caribbean,LCN,"Life expectancy at birth, female (years)",SP.DYN.LE00.FE.IN,58.09261467,58.61007513,59.11192813,59.59775549,60.06887492,60.53015424,60.98638258,61.44418917,61.90713157,62.37868286,62.85830381,63.34471527,63.83304601,64.31786588,64.79736576,65.26954348,65.73451593,66.19256,66.64502888,67.09071848,67.52973723,67.96065642,68.38288903,68.79628881,69.20118287,69.5969426,69.98389375,70.36315083,70.73562636,71.10231392,71.46458587,71.8238544,72.18103887,72.53573469,72.88846563,73.23848015,73.58667676,73.93116304,74.26978018,74.60079152,74.92694114,75.23573371,75.53195579,75.80722033,76.06672286,76.30984179,76.5384758,76.75277563,76.95270284,77.14968844,77.33798254,77.52021984,77.69377508,77.86018304,78.02072878,78.1762569,78.32757081,78.47513561,78.61805183,78.76034912,
Least developed countries: UN classification,LDC,"Life expectancy at birth, male (years)",SP.DYN.LE00.MA.IN,39.39911413,39.85983987,40.32198725,40.78357734,41.23973327,41.67461175,42.06784171,42.40814705,42.69119704,42.92230642,43.1207633,43.3141634,43.53088781,43.7934116,44.11627215,44.50962494,44.97353473,45.48552815,46.01464141,46.53313389,47.02367518,47.48377275,47.92284817,48.34668098,48.75320606,49.13180609,49.46915043,49.76124143,50.01153157,50.23211678,50.44623363,50.68102107,50.95378478,51.26667248,51.61076946,51.97863818,52.3681597,52.77708793,53.20412718,53.64936375,54.11499976,54.6046684,55.12222983,55.6671194,56.23461538,56.82040274,57.41957326,58.02379239,58.62427124,59.21181857,59.77849645,60.31725028,60.82606702,61.30440819,61.74938134,62.15848095,62.53074231,62.87044323,63.18274391,63.4712073,
Least developed countries: UN classification,LDC,"Life expectancy at birth, total (years)",SP.DYN.LE00.IN,40.30748453,40.76998661,41.23322754,41.69551947,42.15179795,42.58674107,42.98108352,43.32359374,43.61106102,43.84988437,44.05901022,44.26573024,44.49752343,44.77514548,45.11153045,45.51503271,45.98511446,46.50062472,47.03335992,47.55976773,48.06381685,48.54320879,49.00533724,49.45390782,49.88615875,50.29107293,50.65536517,50.97440532,51.25092111,51.49640328,51.73272764,51.98598238,52.27296889,52.59672497,52.94966066,53.32466687,53.7194417,54.13220548,54.56205018,55.01043148,55.47978628,55.97573305,56.50274794,57.0610828,57.64678114,58.25570484,58.88310501,59.52027806,60.15664525,60.78301471,61.38893391,61.96741724,62.5153219,63.03046034,63.50903191,63.94777733,64.34582964,64.70786161,65.03980124,65.34542124,
Least developed countries: UN classification,LDC,"Life expectancy at birth, female (years)",SP.DYN.LE00.FE.IN,41.28291221,41.7466128,42.21035258,42.67217211,43.12728146,43.56106093,43.95475417,44.29857772,44.59010615,44.83652436,45.05714091,45.27869006,45.5273588,45.82328059,46.17622011,46.5924899,47.06969558,47.58839147,48.12307135,48.65411434,49.16852591,49.66368209,50.14547006,50.6163749,51.07277683,51.50297352,51.89399912,52.24074507,52.54508972,52.81718228,53.07754432,53.35092513,53.65439926,53.99177649,54.35591936,54.74030882,55.14148457,55.55829887,55.99017267,56.4386763,56.90876141,57.40696606,57.93964348,58.50792838,59.10900441,59.73922466,60.39407541,61.06330544,61.73534617,62.3998234,63.04529633,63.66337949,64.24979214,64.80111916,65.31211503,65.77973467,66.20176167,66.58466653,66.93470785,67.25647715,
Low income,LIC,"Life expectancy at birth, male (years)",SP.DYN.LE00.MA.IN,38.05942162,38.48977918,38.91403673,39.34365014,39.78671137,40.24782068,40.72540328,41.21094134,41.69645635,42.17689624,42.64836517,43.10954449,43.55973657,43.99684844,44.41799322,44.8204799,45.202911,45.56673149,45.91663895,46.25651294,46.59106747,46.92405412,47.25436133,47.57876909,47.89191163,48.18005581,48.42725574,48.62271791,48.76566618,48.87087184,48.96397462,49.07555804,49.22602776,49.41493808,49.62676233,49.85942774,50.12609414,50.44198695,50.81651769,51.2531605,51.75123996,52.30606607,52.90710186,53.54365588,54.20536893,54.87956886,55.55542741,56.22112627,56.86183191,57.46523085,58.0259428,58.54644761,59.03663921,59.50457231,59.94988975,60.37135097,60.7674496,61.1403546,61.4933092,61.83022343,
Low income,LIC,"Life expectancy at birth, total (years)",SP.DYN.LE00.IN,39.50267925,39.94119401,40.37384536,40.81009608,41.25771583,41.72069531,42.19900216,42.68494518,43.1714236,43.65337464,44.12676535,44.58955759,45.04039174,45.47667706,45.89641373,46.29709192,46.6770108,47.03882413,47.38767992,47.72839211,48.06596588,48.40456597,48.74384572,49.07994289,49.40718893,49.71257935,49.98026336,50.19882198,50.36661447,50.49649768,50.61204789,50.741132,50.90299296,51.09766523,51.31130896,51.5415787,51.80153953,52.10649814,52.46657807,52.88651251,53.36597129,53.90217494,54.48660128,55.11056462,55.76631402,56.44310836,57.13229817,57.82180572,58.49541946,59.13783207,59.73973971,60.3002394,60.8265643,61.32460358,61.79459416,62.23539883,62.64587188,63.02811995,63.38749938,63.72774921,
Low income,LIC,"Life expectancy at birth, female (years)",SP.DYN.LE00.FE.IN,40.97121759,41.41542134,41.85465097,42.29555359,42.74483382,43.20641093,43.68052508,44.16234133,44.64547897,45.12546809,45.59742476,46.05858495,46.50697658,46.94034143,47.35605174,47.75220314,48.12777934,48.48605623,48.83264605,49.17299067,49.51285183,49.85711372,50.20507114,50.55269735,50.89440975,51.21710297,51.50500572,51.74675353,51.93981809,52.09547691,52.23549339,52.38590738,52.56582597,52.77535933,53.00114251,53.23961681,53.50167365,53.80167544,54.15000913,54.5513063,55.0083257,55.52005638,56.08176971,56.68850683,57.3346088,58.01259577,58.71604999,59.43117086,60.13967284,60.8233506,61.46887848,62.07126124,62.63463523,63.16285,63.65692211,64.11677912,64.53981295,64.92995165,65.29302954,65.6341752,
Liechtenstein,LIE,"Life expectancy at birth, male (years)",SP.DYN.LE00.MA.IN,,,,,,,,,,,,,,,,,,,,,,,,,,,,,,,,,,,75.3,75,72.3,71.9,73.6,75.5,73.9,76.3,77.1,78.4,78.6,77.4,78.9,79.1,80,79.5,79.5,79.5,79.7,80.7,81,80.9,80.6,81.6,80.7,80.7,
Liechtenstein,LIE,"Life expectancy at birth, total (years)",SP.DYN.LE00.IN,,,,,,,,,,,,,,,,,,,,,,,,,,,,,,,,,,,78.42195122,77.3902439,76.83658537,76.04634146,77.74634146,79.1097561,76.82682927,79.27560976,79.63658537,79.96097561,81.77073171,80.66829268,80.94878049,81.29512195,82.68292683,81.5,81.84146341,81.79268293,82.38292683,82.26097561,82.07317073,82.65609756,82.25853659,83.74634146,83.04146341,83.04146341,
Liechtenstein,LIE,"Life expectancy at birth, female (years)",SP.DYN.LE00.FE.IN,,,,,,,,,,,,,,,,,,,,,,,,,,,,,,,,,,,81.7,79.9,81.6,80.4,82.1,82.9,79.9,82.4,82.3,81.6,85.1,84.1,83.1,83.6,85.5,83.6,84.3,84.2,85.2,83.9,83.2,84.5,84,86,85.5,85.5,
Sri Lanka,LKA,"Life expectancy at birth, male (years)",SP.DYN.LE00.MA.IN,57.343,57.709,58.105,58.551,59.054,59.607,60.195,60.787,61.358,61.899,62.4,62.863,63.296,63.707,64.099,64.48,64.863,65.248,65.628,65.99,66.298,66.51,66.606,66.584,66.462,66.287,66.125,66.029,66.031,66.132,66.282,66.404,66.435,66.35,66.172,65.988,65.913,66.043,66.427,67.057,67.872,68.769,69.624,70.343,70.886,71.247,71.457,71.591,71.711,71.842,71.995,72.172,72.356,72.536,72.713,72.887,73.062,73.238,73.415,73.596,
Sri Lanka,LKA,"Life expectancy at birth, total (years)",SP.DYN.LE00.IN,59.369,59.769,60.177,60.611,61.078,61.579,62.104,62.631,63.144,63.634,64.097,64.528,64.934,65.321,65.694,66.067,66.459,66.874,67.308,67.751,68.171,68.529,68.801,68.975,69.057,69.079,69.086,69.121,69.209,69.352,69.509,69.62,69.639,69.557,69.403,69.259,69.237,69.419,69.845,70.503,71.333,72.233,73.085,73.799,74.337,74.695,74.904,75.037,75.157,75.286,75.439,75.614,75.796,75.974,76.147,76.316,76.482,76.648,76.812,76.978,
Sri Lanka,LKA,"Life expectancy at birth, female (years)",SP.DYN.LE00.FE.IN,62.241,62.635,63.008,63.378,63.758,64.156,64.572,64.995,65.414,65.827,66.228,66.609,66.968,67.31,67.643,67.988,68.371,68.804,69.29,69.819,70.364,70.892,71.369,71.772,72.095,72.344,72.541,72.715,72.885,73.053,73.192,73.26,73.238,73.135,72.986,72.873,72.901,73.134,73.6,74.284,75.122,76.014,76.846,77.534,78.041,78.365,78.538,78.635,78.719,78.813,78.933,79.079,79.235,79.389,79.54,79.689,79.835,79.979,80.121,80.261,
Lower middle income,LMC,"Life expectancy at birth, male (years)",SP.DYN.LE00.MA.IN,44.68885403,45.26687905,45.83334396,46.38766731,46.92869849,47.45024716,47.94507713,48.4100726,48.84719755,49.2613498,49.66666449,50.07960501,50.51288739,50.97268088,51.45915859,51.96498124,52.47598298,52.97475767,53.4455435,53.8810344,54.28130219,54.65500665,55.01719361,55.38235906,55.75475775,56.13730888,56.52819359,56.93749224,57.32900696,57.71234836,58.08733611,58.43299002,58.76861184,59.09273231,59.40162223,59.69290803,60.00803764,60.32276435,60.63909196,60.92949838,61.22277683,61.54045457,61.87078035,62.20721734,62.5547934,62.90985055,63.28296677,63.66438896,64.04671125,64.44459927,64.83593224,65.20465892,65.54975244,65.87999228,66.18616407,66.47342724,66.74095025,66.98513285,67.20242134,67.40963746,
Lower middle income,LMC,"Life expectancy at birth, total (years)",SP.DYN.LE00.IN,45.21837611,45.80134808,46.37639219,46.9431998,47.50025497,48.04060347,48.55700109,49.04471735,49.50496152,49.9429407,50.37198688,50.81069598,51.27223946,51.76332254,52.28355823,52.82690687,53.38114208,53.92758844,54.45115996,54.94290294,55.39797706,55.82098186,56.22313936,56.61535613,57.0026504,57.38891627,57.77669381,58.17915047,58.56418712,58.95433574,59.33470428,59.69181267,60.04552862,60.3840461,60.71132017,61.02492214,61.35443804,61.68125191,62.00735841,62.3100784,62.61528962,62.93888156,63.27782923,63.6206849,63.97669367,64.34408993,64.73197103,65.13225968,65.53706318,65.95707682,66.37215852,66.76630503,67.13620535,67.48671794,67.81150661,68.11004773,68.38653249,68.641133,68.86963715,69.08849167,
Lower middle income,LMC,"Life expectancy at birth, female (years)",SP.DYN.LE00.FE.IN,45.84929914,46.43652312,47.0199551,47.59970131,48.1740434,48.73650095,49.27695897,49.79093259,50.27822298,50.74463738,51.20315777,51.67140176,52.16308178,52.68584358,53.23959855,53.82052435,54.41797672,55.01537845,55.59650907,56.15036981,56.66860836,57.14794677,57.59381235,58.01416504,58.41325605,58.7958013,59.16956554,59.55446802,59.92266031,60.31487348,60.69581256,61.0618054,61.43421841,61.78675782,62.1333886,62.47045888,62.81390502,63.15014646,63.48449135,63.79790074,64.11437188,64.44218652,64.78750524,65.13582453,65.49980481,65.87993255,66.28334471,66.70431716,67.13410424,67.57760795,68.01694411,68.43843499,68.83553056,69.20916039,69.55322072,69.86370667,70.14994933,70.41496776,70.65573263,70.88720536,
Low & middle income,LMY,"Life expectancy at birth, male (years)",SP.DYN.LE00.MA.IN,45.82630695,46.34005167,46.92398639,47.60314822,48.38471016,49.24220784,50.13705769,51.02635374,51.8770187,52.65884306,53.37499398,54.03666806,54.64673691,55.23697744,55.79461885,56.30251603,56.79426882,57.24099467,57.66270884,58.03041272,58.38177841,58.71674734,59.05206321,59.35786157,59.6434013,59.97369661,60.33074791,60.60606348,60.84760779,61.05551092,61.24457647,61.43343848,61.5623277,61.65224984,61.81264174,62.03881615,62.33019872,62.64343953,62.93160947,63.18346174,63.46327765,63.7657016,64.06833251,64.37622117,64.69904263,65.00849278,65.36201382,65.70477496,66.03402803,66.38455181,66.7087131,67.04369606,67.358105,67.6663626,67.94672662,68.223934,68.48333712,68.73280003,68.9409098,69.13951364,
Low & middle income,LMY,"Life expectancy at birth, total (years)",SP.DYN.LE00.IN,47.19707434,47.71282045,48.30740635,49.00791714,49.82082083,50.71417152,51.64287306,52.55894838,53.42441994,54.21004408,54.93272677,55.58121833,56.16867701,56.7433603,57.3014141,57.81215358,58.31906389,58.7983618,59.25022441,59.65566338,60.04456253,60.41531081,60.77551536,61.09746455,61.39313722,61.71771697,62.06477553,62.34491221,62.60193905,62.83566825,63.05500442,63.27004455,63.41892274,63.56386223,63.77177176,64.00401432,64.29027145,64.58922945,64.86289137,65.10314413,65.3754761,65.65898071,65.94652428,66.24518342,66.5682183,66.88494924,67.24626158,67.60655053,67.95757759,68.33048552,68.6806223,69.0414792,69.37753829,69.70552698,70.00298999,70.28653312,70.5508693,70.80116546,71.01268733,71.21274878,
Low & middle income,LMY,"Life expectancy at birth, female (years)",SP.DYN.LE00.FE.IN,48.73802611,49.25166316,49.85275902,50.57037787,51.41045016,52.33688861,53.29602576,54.23627719,55.11457122,55.90263393,56.63473834,57.2689814,57.83072948,58.38689168,58.94490533,59.4577929,59.98021546,60.49649703,60.98246733,61.43087316,61.86287909,62.27040782,62.65826711,62.99832565,63.30391733,63.6172812,63.9460125,64.22772572,64.50137286,64.76487619,65.01951657,65.2630285,65.43746187,65.65049041,65.91735579,66.1566806,66.43608208,66.71380307,66.96973109,67.19422256,67.45609051,67.71391347,67.98089465,68.26731965,68.58880496,68.91235659,69.28032322,69.6595176,70.03370077,70.42961059,70.80662625,71.19341208,71.55036158,71.89757306,72.20987881,72.49628701,72.76190879,73.00792331,73.21955009,73.41760509,
Lesotho,LSO,"Life expectancy at birth, male (years)",SP.DYN.LE00.MA.IN,43.066,43.296,43.506,43.707,43.91,44.125,44.364,44.633,44.939,45.288,45.69,46.148,46.659,47.215,47.81,48.438,49.096,49.774,50.457,51.129,51.78,52.401,52.985,53.519,53.985,54.37,54.668,54.872,54.971,54.948,54.777,54.431,53.907,53.21,52.352,51.339,50.176,48.9,47.562,46.218,44.92,43.712,42.631,41.717,41.012,40.566,40.418,40.555,40.95,41.579,42.412,43.417,44.538,45.71,46.878,47.979,48.969,49.837,50.582,51.201,
Lesotho,LSO,"Life expectancy at birth, total (years)",SP.DYN.LE00.IN,47.919,48.162,48.383,48.59,48.797,49.015,49.254,49.523,49.829,50.18,50.584,51.048,51.565,52.129,52.731,53.367,54.03,54.709,55.39,56.058,56.702,57.319,57.901,58.437,58.91,59.309,59.632,59.868,60,60.003,59.837,59.464,58.868,58.05,57.022,55.782,54.334,52.728,51.034,49.328,47.691,46.197,44.898,43.845,43.083,42.658,42.595,42.854,43.384,44.146,45.1,46.207,47.416,48.663,49.891,51.038,52.059,52.947,53.705,54.331,
Lesotho,LSO,"Life expectancy at birth, female (years)",SP.DYN.LE00.FE.IN,52.169,52.392,52.59,52.772,52.952,53.141,53.352,53.594,53.874,54.201,54.584,55.026,55.522,56.064,56.645,57.26,57.907,58.574,59.25,59.917,60.568,61.196,61.793,62.345,62.836,63.256,63.602,63.867,64.03,64.066,63.935,63.601,63.046,62.263,61.253,59.994,58.464,56.703,54.787,52.805,50.869,49.091,47.559,46.347,45.512,45.098,45.112,45.486,46.14,47.019,48.074,49.26,50.531,51.829,53.094,54.266,55.299,56.194,56.954,57.58,
Late-demographic dividend,LTE,"Life expectancy at birth, male (years)",SP.DYN.LE00.MA.IN,48.05276438,48.53380254,49.14923985,49.98301877,51.04004676,52.28364249,53.60713699,54.92881141,56.20034983,57.32436152,58.32080362,59.19901164,60.01090873,60.75226014,61.44703021,62.01779143,62.5864271,63.08456106,63.55602032,63.95447798,64.3211249,64.70368911,65.06601429,65.34211787,65.56467598,65.86997786,66.23930197,66.40574022,66.52421188,66.57570734,66.60392073,66.64340513,66.6079675,66.47157914,66.49258852,66.69936503,67.03823087,67.40385261,67.73512069,67.98879538,68.29661973,68.64504296,68.96895864,69.2873669,69.62216465,69.90497434,70.26298658,70.57660967,70.8565888,71.16434413,71.41787714,71.7233393,71.99590333,72.2861095,72.54783834,72.81987394,73.09378633,73.37473588,73.58778306,73.80784384,
Late-demographic dividend,LTE,"Life expectancy at birth, total (years)",SP.DYN.LE00.IN,50.24729652,50.74739109,51.38675773,52.25782161,53.36286253,54.66525442,56.04049749,57.39662372,58.68192582,59.7861719,60.76992131,61.59482458,62.32420057,62.99814138,63.65325309,64.19280831,64.7502905,65.26681356,65.74556537,66.16110731,66.54986326,66.9481374,67.31861066,67.60382059,67.83580229,68.12936924,68.4848005,68.67792353,68.84829645,68.95931224,69.06436512,69.15442278,69.15326449,69.13243591,69.25052785,69.45195505,69.76808099,70.09289357,70.39213861,70.61980273,70.90347725,71.2118507,71.49968247,71.79174156,72.11890428,72.40187218,72.75648176,73.08178549,73.37756343,73.70307665,73.98341298,74.31732534,74.60918305,74.91808628,75.19808018,75.47097315,75.74643497,76.01544259,76.22478353,76.43411323,
Late-demographic dividend,LTE,"Life expectancy at birth, female (years)",SP.DYN.LE00.FE.IN,52.68356197,53.19508871,53.84994945,54.74908315,55.89200896,57.24488996,58.66418893,60.04839028,61.34342088,62.42414119,63.39888488,64.16795699,64.80758686,65.40733768,66.01968797,66.52388535,67.06709978,67.60393369,68.08996444,68.52449379,68.93725882,69.35481038,69.73558647,70.03209642,70.27673894,70.55527967,70.89112142,71.11753419,71.35338677,71.53878839,71.73834137,71.88650354,71.93181197,72.05573771,72.29656081,72.49517564,72.78600546,73.05905194,73.3222727,73.51920184,73.77483807,74.0323771,74.27753504,74.53857248,74.85624778,75.13935241,75.48810861,75.82796303,76.14145603,76.48655321,76.79712153,77.15991611,77.4689068,77.79340177,78.08716808,78.35326187,78.6217658,78.86729687,79.0651286,79.25540731,
Lithuania,LTU,"Life expectancy at birth, male (years)",SP.DYN.LE00.MA.IN,66.94,66.81,65.91,66.78,68.27,68.13,68.13,67.96,67.66,67.07,66.78,67.55,66.81,67.22,67.01,66.36,66.28,66.19,65.99,65.57,65.57,65.49,65.91,65.89,65.32,65.75,67.91,67.72,67.45,66.84,66.39,65.13,64.81,63.13,62.54,63.26,64.63,65.47,66,66.4,66.8,66,66.2,66.5,66.4,65.4,65.3,64.9,66.3,67.5,68,68.1,68.4,68.5,69.2,69.2,69.5,70.7,70.9,71.5,
Lithuania,LTU,"Life expectancy at birth, total (years)",SP.DYN.LE00.IN,69.84731707,70.10268293,69.09536585,70.20439024,71.50902439,71.32512195,71.5202439,71.60390244,71.31365854,70.92853659,70.80439024,71.73536585,71.02463415,71.33219512,71.24414634,70.86731707,70.95804878,70.8095122,70.60463415,70.48219512,70.48219512,70.46073171,70.83682927,70.77780488,70.32,70.50121951,72.08073171,71.93463415,71.76219512,71.42536585,71.16073171,70.36414634,70.23439024,68.9104878,68.5302439,69.00634146,70.10804878,70.90902439,71.2195122,71.57073171,72.0195122,71.65853659,71.76097561,72.06097561,71.96097561,71.25365854,71.05609756,70.9,71.81219512,72.91463415,73.26829268,73.56341463,73.86341463,73.91463415,74.51707317,74.32195122,74.67073171,75.4804878,75.6804878,76.13414634,
Lithuania,LTU,"Life expectancy at birth, female (years)",SP.DYN.LE00.FE.IN,72.9,73.56,72.44,73.8,74.91,74.68,75.08,75.43,75.15,74.98,75.03,76.13,75.45,75.65,75.69,75.6,75.87,75.66,75.45,75.64,75.64,75.68,76.01,75.91,75.57,75.49,76.46,76.36,76.29,76.24,76.17,75.86,75.93,74.98,74.82,75.04,75.86,76.62,76.7,77,77.5,77.6,77.6,77.9,77.8,77.4,77.1,77.2,77.6,78.6,78.8,79.3,79.6,79.6,80.1,79.7,80.1,80.5,80.7,81,
Luxembourg,LUX,"Life expectancy at birth, male (years)",SP.DYN.LE00.MA.IN,65.362,65.627,65.863,66.066,66.233,66.362,66.453,66.515,66.561,66.599,66.642,66.699,66.778,66.885,67.025,67.202,67.419,67.668,67.941,68.233,68.537,68.845,69.152,69.454,69.749,70.036,70.319,70.604,70.894,71.189,71.487,72,72.6,72.2,73.2,73,73.3,74.1,73.7,74.6,74.8,74.8,74.6,74.8,76,76.7,76.8,76.7,78.1,78.1,77.9,78.5,79.1,79.8,79.4,80,80.1,79.9,80.1,80.3,
Luxembourg,LUX,"Life expectancy at birth, total (years)",SP.DYN.LE00.IN,68.44639024,68.73773171,68.99812195,69.22307317,69.41104878,69.56102439,69.67446341,69.76134146,69.83514634,69.90485366,69.98346341,70.08143902,70.20531707,70.35817073,70.54256098,70.75760976,70.9985122,71.25629268,71.52246341,71.79446341,72.07260976,72.35768293,72.65346341,72.95887805,73.27192683,73.5857561,73.89460976,74.1937561,74.48034146,74.75241463,75.01041463,75.46341463,75.77073171,75.71219512,76.37073171,76.51219512,76.5195122,76.8804878,77.01707317,77.77073171,77.87317073,77.82439024,77.96585366,77.72682927,79.12195122,79.43170732,79.28780488,79.38292683,80.53902439,80.63658537,80.63170732,80.98780488,81.39268293,81.8,82.22926829,82.29268293,82.68536585,82.09512195,82.29512195,82.44634146,
Luxembourg,LUX,"Life expectancy at birth, female (years)",SP.DYN.LE00.FE.IN,71.685,72.004,72.29,72.538,72.748,72.92,73.057,73.17,73.273,73.376,73.492,73.633,73.804,74.005,74.236,74.491,74.757,75.024,75.283,75.534,75.785,76.046,76.33,76.639,76.971,77.313,77.649,77.963,78.246,78.494,78.71,79.1,79.1,79.4,79.7,80.2,79.9,79.8,80.5,81.1,81.1,81,81.5,80.8,82.4,82.3,81.9,82.2,83.1,83.3,83.5,83.6,83.8,83.9,85.2,84.7,85.4,84.4,84.6,84.7,
Latvia,LVA,"Life expectancy at birth, male (years)",SP.DYN.LE00.MA.IN,66.26,66.33,65.85,66.19,67.35,66.79,67,66.75,65.76,65.27,65.65,65.75,65.23,65.35,64.98,63.94,63.96,64.29,64.1,63.52,63.75,63.44,64.26,63.88,64.08,64.75,66.32,66.41,66.23,65.37,64.2,63.73,62.64,60.43,59.04,60.04,63.04,63.92,63.5,64.46,64.9,65.2,65.4,65.9,67.1,65.6,65.5,65.8,67.2,68.3,68.8,68.6,68.9,69.3,69.1,69.7,69.8,69.8,70.1,70.8,
Latvia,LVA,"Life expectancy at birth, total (years)",SP.DYN.LE00.IN,69.78682927,70.03243902,69.4304878,69.82902439,71.02804878,70.72658537,70.70731707,70.39390244,70.04292683,69.79682927,69.83536585,70.16463415,69.87878049,69.81341463,69.74097561,68.92536585,69.04780488,69.10463415,68.98780488,68.49560976,68.80853659,68.78634146,69.32829268,69.11902439,69.16292683,69.29146341,70.62243902,70.69292683,70.61536585,70.15536585,69.27317073,69.03243902,68.39609756,66.72268293,65.66439024,66.39121951,68.77658537,69.34926829,69.01219512,69.74292683,70.31463415,70.76097561,70.96097561,71.26585366,72.02682927,71.35609756,70.86585366,71.0195122,72.4195122,73.0804878,73.48292683,73.57560976,73.77804878,73.98292683,74.12439024,74.4804878,74.5804878,74.62926829,74.78292683,75.23902439,
Latvia,LVA,"Life expectancy at birth, female (years)",SP.DYN.LE00.FE.IN,73.49,73.92,73.19,73.65,74.89,74.86,74.6,74.22,74.54,74.55,74.23,74.8,74.76,74.5,74.74,74.16,74.39,74.16,74.12,73.72,74.12,74.4,74.65,74.62,74.5,74.06,75.14,75.19,75.22,75.18,74.6,74.6,74.44,73.33,72.62,73.06,74.8,75.05,74.8,75.29,76,76.6,76.8,76.9,77.2,77.4,76.5,76.5,77.9,78.1,78.4,78.8,78.9,78.9,79.4,79.5,79.6,79.7,79.7,79.9,
"Macao SAR, China",MAC,"Life expectancy at birth, male (years)",SP.DYN.LE00.MA.IN,62.996,63.437,63.864,64.278,64.685,65.091,65.508,65.942,66.396,66.872,67.366,67.875,68.388,68.895,69.389,69.863,70.309,70.729,71.123,71.493,71.844,72.184,72.521,72.857,73.194,73.526,73.844,74.14,74.413,74.665,74.909,75.16,75.429,75.723,76.04,76.371,76.701,77.014,77.299,77.551,77.77,77.96,78.134,78.302,78.472,78.649,78.84,79.045,79.261,79.487,79.716,79.944,80.161,80.364,80.55,80.718,80.871,81.013,81.149,81.281,
"Macao SAR, China",MAC,"Life expectancy at birth, total (years)",SP.DYN.LE00.IN,64.828,65.301,65.757,66.199,66.629,67.055,67.486,67.928,68.388,68.865,69.36,69.869,70.384,70.897,71.4,71.887,72.352,72.793,73.209,73.602,73.974,74.33,74.677,75.02,75.362,75.702,76.036,76.363,76.68,76.99,77.296,77.607,77.926,78.253,78.588,78.925,79.256,79.573,79.872,80.15,80.407,80.645,80.87,81.089,81.304,81.523,81.748,81.981,82.22,82.462,82.704,82.938,83.158,83.361,83.543,83.707,83.854,83.989,84.118,84.244,
"Macao SAR, China",MAC,"Life expectancy at birth, female (years)",SP.DYN.LE00.FE.IN,66.405,66.915,67.411,67.893,68.364,68.831,69.303,69.786,70.284,70.798,71.325,71.862,72.401,72.931,73.447,73.942,74.411,74.852,75.267,75.658,76.027,76.379,76.721,77.059,77.397,77.739,78.088,78.443,78.802,79.164,79.528,79.895,80.26,80.621,80.977,81.324,81.662,81.989,82.307,82.613,82.908,83.193,83.467,83.734,83.995,84.253,84.514,84.778,85.045,85.312,85.574,85.825,86.059,86.271,86.461,86.631,86.781,86.92,87.051,87.179,
St. Martin (French part),MAF,"Life expectancy at birth, male (years)",SP.DYN.LE00.MA.IN,,,,,,,,,,,,,,,,,,,,,,,70,69.5,69.7,69.4,70.3,70.5,71.1,71.2,71.4,72.9,72.4,72.5,72.7,72.9,73.1,73.2,73.4,73.6,73.8,73.9,74.1,74.3,74.4,74.6,74.8,74.9,75.1,75.3,75.4,75.6,75.8,75.9,76.1,76.2,76.4,76.5,76.7,76.9,
St. Martin (French part),MAF,"Life expectancy at birth, total (years)",SP.DYN.LE00.IN,,,,,,,,,,,,,,,,,,,,,,,73.2195122,72.76829268,72.9195122,72.66829268,73.5195122,73.67073171,74.27073171,74.32195122,74.52195122,75.92439024,75.42439024,75.57317073,75.77317073,75.97317073,76.12439024,76.27317073,76.47317073,76.67317073,76.87317073,76.97317073,77.17317073,77.37317073,77.52195122,77.67317073,77.87317073,78.02195122,78.22195122,78.37317073,78.52195122,78.72195122,78.87317073,79.02195122,79.17317073,79.32195122,79.52195122,79.62195122,79.82195122,79.97317073,
St. Martin (French part),MAF,"Life expectancy at birth, female (years)",SP.DYN.LE00.FE.IN,,,,,,,,,,,,,,,,,,,,,,,76.6,76.2,76.3,76.1,76.9,77,77.6,77.6,77.8,79.1,78.6,78.8,79,79.2,79.3,79.5,79.7,79.9,80.1,80.2,80.4,80.6,80.8,80.9,81.1,81.3,81.5,81.6,81.8,82,82.1,82.3,82.4,82.6,82.8,82.9,83.1,83.2,
Morocco,MAR,"Life expectancy at birth, male (years)",SP.DYN.LE00.MA.IN,47.152,47.709,48.251,48.765,49.242,49.68,50.08,50.457,50.824,51.186,51.549,51.911,52.276,52.649,53.039,53.457,53.918,54.425,54.982,55.589,56.245,56.946,57.681,58.434,59.189,59.932,60.649,61.334,61.978,62.576,63.118,63.601,64.031,64.421,64.783,65.13,65.475,65.832,66.214,66.633,67.108,67.654,68.266,68.931,69.632,70.339,71.019,71.644,72.194,72.66,73.046,73.366,73.646,73.912,74.172,74.433,74.694,74.948,75.19,75.423,
Morocco,MAR,"Life expectancy at birth, total (years)",SP.DYN.LE00.IN,48.458,48.88,49.307,49.738,50.168,50.593,51.009,51.413,51.808,52.195,52.572,52.94,53.305,53.676,54.066,54.492,54.976,55.525,56.142,56.823,57.56,58.339,59.139,59.936,60.717,61.469,62.188,62.877,63.535,64.157,64.732,65.251,65.715,66.128,66.501,66.846,67.175,67.508,67.86,68.245,68.684,69.193,69.769,70.399,71.067,71.746,72.403,73.009,73.546,74.003,74.382,74.696,74.97,75.227,75.477,75.726,75.974,76.218,76.453,76.68,
Morocco,MAR,"Life expectancy at birth, female (years)",SP.DYN.LE00.FE.IN,49.806,50.077,50.376,50.712,51.087,51.494,51.921,52.352,52.774,53.183,53.575,53.946,54.307,54.673,55.059,55.49,55.994,56.584,57.262,58.021,58.844,59.705,60.573,61.418,62.224,62.984,63.703,64.394,65.064,65.71,66.318,66.872,67.367,67.8,68.181,68.518,68.828,69.131,69.449,69.798,70.198,70.669,71.208,71.801,72.436,73.086,73.719,74.309,74.832,75.282,75.655,75.965,76.233,76.483,76.724,76.963,77.202,77.438,77.668,77.895,
Monaco,MCO,"Life expectancy at birth, male (years)",SP.DYN.LE00.MA.IN,,,,,,,,,,,,,,,,,,,,,,,,,,,,,,,,,,,,,,,,,,,,,,,,,,,,,,,,,,,,,
Monaco,MCO,"Life expectancy at birth, total (years)",SP.DYN.LE00.IN,,,,,,,,,,,,,,,,,,,,,,,,,,,,,,,,,,,,,,,,,,,,,,,,,,,,,,,,,,,,,
Monaco,MCO,"Life expectancy at birth, female (years)",SP.DYN.LE00.FE.IN,,,,,,,,,,,,,,,,,,,,,,,,,,,,,,,,,,,,,,,,,,,,,,,,,,,,,,,,,,,,,
Moldova,MDA,"Life expectancy at birth, male (years)",SP.DYN.LE00.MA.IN,58.024,58.444,58.872,59.304,59.732,60.141,60.515,60.843,61.115,61.329,61.483,61.582,61.639,61.667,61.675,61.666,61.636,61.588,61.535,61.493,61.502,61.603,61.814,62.13,62.532,62.976,63.404,63.76,64.003,64.115,64.092,63.945,63.722,63.469,63.217,63.001,62.853,62.779,62.783,62.866,63.012,63.195,63.387,63.569,63.739,63.916,64.127,64.398,64.739,65.14,65.577,66.014,66.415,66.753,67.017,67.208,67.34,67.439,67.53,67.624,
Moldova,MDA,"Life expectancy at birth, total (years)",SP.DYN.LE00.IN,61.995,62.367,62.743,63.122,63.496,63.856,64.186,64.476,64.718,64.908,65.045,65.134,65.186,65.213,65.221,65.209,65.172,65.111,65.037,64.971,64.951,65.022,65.205,65.499,65.887,66.33,66.772,67.156,67.44,67.605,67.643,67.563,67.408,67.221,67.03,66.867,66.761,66.722,66.752,66.852,67.006,67.185,67.362,67.521,67.665,67.82,68.022,68.302,68.671,69.119,69.616,70.119,70.581,70.968,71.267,71.478,71.617,71.717,71.808,71.901,
Moldova,MDA,"Life expectancy at birth, female (years)",SP.DYN.LE00.FE.IN,65.791,66.096,66.4,66.705,67.008,67.302,67.574,67.815,68.018,68.179,68.298,68.378,68.428,68.457,68.469,68.462,68.426,68.362,68.283,68.206,68.172,68.225,68.388,68.662,69.035,69.473,69.924,70.335,70.663,70.889,71.003,71.009,70.943,70.844,70.734,70.641,70.594,70.603,70.67,70.797,70.964,71.14,71.301,71.436,71.551,71.681,71.874,72.166,72.569,73.074,73.642,74.22,74.752,75.195,75.531,75.76,75.9,75.993,76.074,76.157,
Madagascar,MDG,"Life expectancy at birth, male (years)",SP.DYN.LE00.MA.IN,39.042,39.527,40.01,40.491,40.972,41.453,41.936,42.421,42.908,43.395,43.879,44.361,44.836,45.302,45.753,46.189,46.61,47.014,47.396,47.752,48.061,48.302,48.471,48.576,48.637,48.683,48.75,48.874,49.084,49.398,49.832,50.388,51.045,51.775,52.559,53.376,54.207,55.034,55.838,56.601,57.305,57.938,58.506,59.016,59.477,59.899,60.299,60.693,61.093,61.505,61.93,62.363,62.793,63.211,63.613,63.999,64.369,64.728,65.077,65.417,
Madagascar,MDG,"Life expectancy at birth, total (years)",SP.DYN.LE00.IN,39.962,40.444,40.924,41.401,41.876,42.351,42.828,43.31,43.796,44.283,44.771,45.257,45.735,46.203,46.656,47.094,47.517,47.926,48.317,48.683,49.005,49.26,49.442,49.56,49.634,49.694,49.781,49.932,50.176,50.53,51.003,51.595,52.278,53.022,53.808,54.616,55.43,56.239,57.028,57.782,58.485,59.129,59.717,60.256,60.752,61.212,61.65,62.079,62.509,62.944,63.388,63.836,64.28,64.713,65.133,65.539,65.931,66.311,66.681,67.041,
Madagascar,MDG,"Life expectancy at birth, female (years)",SP.DYN.LE00.FE.IN,40.954,41.434,41.912,42.385,42.855,43.324,43.795,44.272,44.755,45.241,45.731,46.219,46.703,47.176,47.636,48.08,48.512,48.932,49.334,49.714,50.049,50.317,50.51,50.637,50.718,50.789,50.892,51.066,51.341,51.731,52.243,52.869,53.577,54.333,55.118,55.914,56.708,57.493,58.262,59.001,59.699,60.348,60.952,61.516,62.043,62.54,63.015,63.478,63.937,64.396,64.857,65.319,65.777,66.226,66.664,67.091,67.506,67.909,68.301,68.682,
Maldives,MDV,"Life expectancy at birth, male (years)",SP.DYN.LE00.MA.IN,37.135,37.773,38.445,39.142,39.859,40.591,41.335,42.094,42.87,43.664,44.479,45.316,46.18,47.071,47.987,48.931,49.908,50.913,51.935,52.962,53.978,54.964,55.907,56.798,57.634,58.414,59.142,59.832,60.502,61.161,61.819,62.487,63.165,63.858,64.568,65.302,66.064,66.848,67.644,68.443,69.229,69.99,70.712,71.387,72.008,72.571,73.077,73.536,73.957,74.348,74.713,75.059,75.388,75.706,76.016,76.323,76.629,76.931,77.229,77.523,
Maldives,MDV,"Life expectancy at birth, total (years)",SP.DYN.LE00.IN,37.343,37.936,38.56,39.209,39.878,40.56,41.252,41.954,42.669,43.397,44.142,44.908,45.7,46.52,47.368,48.25,49.167,50.116,51.087,52.069,53.046,53.998,54.913,55.787,56.621,57.424,58.213,59.008,59.823,60.664,61.529,62.413,63.302,64.185,65.059,65.923,66.784,67.644,68.501,69.348,70.173,70.964,71.708,72.399,73.034,73.612,74.138,74.621,75.073,75.499,75.905,76.293,76.664,77.018,77.36,77.691,78.013,78.325,78.627,78.921,
Maldives,MDV,"Life expectancy at birth, female (years)",SP.DYN.LE00.FE.IN,37.406,37.947,38.521,39.122,39.745,40.386,41.041,41.709,42.391,43.086,43.795,44.519,45.26,46.022,46.805,47.614,48.454,49.326,50.223,51.139,52.057,52.956,53.827,54.667,55.486,56.307,57.163,58.08,59.07,60.132,61.251,62.401,63.549,64.664,65.733,66.751,67.725,68.669,69.592,70.49,71.356,72.176,72.943,73.65,74.3,74.894,75.442,75.955,76.444,76.916,77.377,77.828,78.268,78.692,79.101,79.49,79.854,80.191,80.499,80.779,
Middle East & North Africa,MEA,"Life expectancy at birth, male (years)",SP.DYN.LE00.MA.IN,45.81011555,46.87789132,47.44909697,47.52450358,48.08270804,48.63645042,49.64299066,50.15797823,50.67095612,51.200218,51.76886813,52.39262032,53.06172152,53.77819567,54.50621323,55.18990158,55.76418706,56.15142758,56.36624006,56.44007221,56.45040801,56.51416404,56.71258721,57.13942317,57.80011076,58.68308056,59.71639191,60.82776907,61.91184578,62.92908874,63.84864182,64.61313015,65.19713017,65.76847565,66.24975779,66.69030255,67.05657978,67.3671118,67.66445299,67.96871491,68.25414683,68.54511099,68.80966956,69.06948505,69.32991181,69.58195337,69.83879706,70.08435478,70.32719159,70.56770577,70.78850428,71.00349153,71.21372925,71.43294754,71.64110386,71.84043166,72.05060396,72.24306218,72.44093298,72.63256606,
Middle East & North Africa,MEA,"Life expectancy at birth, total (years)",SP.DYN.LE00.IN,46.44164378,47.54702804,48.14301857,48.23119874,48.82611077,49.41987348,50.48079767,51.03924984,51.58860996,52.14787288,52.73254362,53.35716123,53.99671085,54.70712182,55.4240294,56.13674721,56.80556991,57.37213202,57.85439344,58.26238753,58.63716315,59.035902,59.50274777,60.09307571,60.80083538,61.61609258,62.48808187,63.38292809,64.21949408,65.0412533,65.76998552,66.39131519,66.8867472,67.38788291,67.83172095,68.25403334,68.62672401,68.95879043,69.27532616,69.58630971,69.88725675,70.1860594,70.47001714,70.75154443,71.03757081,71.31003055,71.58493995,71.84130341,72.09133372,72.32599404,72.53918362,72.73749241,72.93166117,73.13239732,73.32643778,73.51484469,73.71077102,73.89981806,74.08883309,74.27058876,
Middle East & North Africa,MEA,"Life expectancy at birth, female (years)",SP.DYN.LE00.FE.IN,47.10409245,48.24644425,48.86631468,48.9667652,49.59847328,50.23396062,51.35209356,51.95651905,52.54426741,53.1346363,53.73410336,54.35447289,54.95427896,55.64814512,56.34469688,57.08889942,57.87521063,58.67049616,59.49511166,60.33289583,61.17529516,62.00221308,62.80629227,63.59261882,64.33926325,65.03988958,65.6753901,66.26901753,66.77633964,67.33912939,67.8291485,68.2797552,68.66917483,69.0947643,69.501408,69.91166557,70.29564251,70.65428327,70.9944911,71.31441722,71.63207714,71.93950692,72.2460095,72.55481067,72.87504586,73.17747926,73.48185591,73.76017248,74.02763472,74.26309238,74.47218545,74.65366477,74.83019398,75.01033749,75.18921389,75.36603972,75.54685486,75.73220318,75.90984123,76.07848382,
Mexico,MEX,"Life expectancy at birth, male (years)",SP.DYN.LE00.MA.IN,55.091,55.662,56.17,56.619,57.019,57.382,57.722,58.053,58.387,58.734,59.1,59.486,59.884,60.291,60.705,61.126,61.553,61.986,62.423,62.864,63.309,63.759,64.213,64.672,65.133,65.599,66.07,66.545,67.021,67.492,67.951,68.386,68.793,69.171,69.522,69.859,70.199,70.553,70.923,71.302,71.668,71.995,72.259,72.445,72.55,72.575,72.532,72.447,72.342,72.233,72.135,72.056,71.997,71.958,71.943,71.954,71.99,72.046,72.118,72.203,
Mexico,MEX,"Life expectancy at birth, total (years)",SP.DYN.LE00.IN,57.077,57.668,58.193,58.656,59.069,59.447,59.807,60.165,60.536,60.932,61.362,61.829,62.327,62.845,63.378,63.922,64.467,65.009,65.54,66.055,66.553,67.031,67.493,67.942,68.38,68.809,69.232,69.649,70.062,70.469,70.866,71.248,71.61,71.953,72.279,72.598,72.925,73.268,73.625,73.988,74.34,74.658,74.922,75.118,75.243,75.3,75.296,75.255,75.194,75.128,75.065,75.011,74.966,74.93,74.908,74.904,74.917,74.947,74.992,75.054,
Mexico,MEX,"Life expectancy at birth, female (years)",SP.DYN.LE00.FE.IN,59.139,59.75,60.291,60.768,61.194,61.588,61.968,62.355,62.766,63.214,63.713,64.269,64.873,65.512,66.177,66.854,67.53,68.191,68.825,69.422,69.974,70.479,70.943,71.373,71.773,72.148,72.503,72.845,73.178,73.506,73.83,74.148,74.458,74.758,75.052,75.348,75.657,75.982,76.32,76.664,76.999,77.304,77.564,77.768,77.912,77.999,78.035,78.039,78.026,78.004,77.979,77.952,77.922,77.89,77.86,77.837,77.826,77.827,77.844,77.879,
Marshall Islands,MHL,"Life expectancy at birth, male (years)",SP.DYN.LE00.MA.IN,,,,,,,,,,,,,,,,,,,,,,,,,,,,69.8,,,,,,,,,,,,65.7,62.8,,,,,,,,,,,,,,,,,,,,
Marshall Islands,MHL,"Life expectancy at birth, total (years)",SP.DYN.LE00.IN,,,,,,,,,,,,,,,,,,,,,,,,,,,,72.14146341,,,,,,,,,,,,67.50487805,65.23902439,,,,,,,,,,,,,,,,,,,,
Marshall Islands,MHL,"Life expectancy at birth, female (years)",SP.DYN.LE00.FE.IN,,,,,,,,,,,,,,,,,,,,,,,,,,,,74.6,,,,,,,,,,,,69.4,67.8,,,,,,,,,,,,,,,,,,,,
Middle income,MIC,"Life expectancy at birth, male (years)",SP.DYN.LE00.MA.IN,46.31972751,46.84366786,47.43980608,48.13446459,48.93778442,49.821155,50.74316848,51.65961799,52.5352601,53.33785991,54.07107032,54.74691369,55.36913369,55.97150388,56.54077436,57.05908701,57.56218918,58.01912086,58.45034938,58.82438362,59.18114086,59.5200344,59.85881369,60.16655311,60.45400568,60.79148465,61.16074024,61.44652539,61.70074557,61.92305861,62.12730965,62.33058793,62.47167582,62.56724129,62.73683466,62.97529106,63.28086422,63.60424989,63.89928322,64.14916161,64.42353124,64.71997066,65.01305174,65.30861145,65.61763312,65.91012009,66.24960618,66.57751356,66.8919792,67.23220169,67.54670376,67.87609195,68.18520948,68.48925107,68.76458888,69.03878258,69.2958341,69.5442653,69.74927006,69.94571002,
Middle income,MIC,"Life expectancy at birth, total (years)",SP.DYN.LE00.IN,47.69743083,48.22311298,48.83032978,49.54773288,50.38470824,51.30679878,52.26551356,53.21112475,54.10307521,54.91012526,55.65060176,56.31266238,56.91106742,57.4972296,58.06731747,58.5889825,59.10859743,59.60055153,60.06413758,60.47846457,60.87517587,61.25158032,61.6163757,61.94063797,62.23804529,62.5684741,62.92605587,63.21583852,63.48544565,63.73415889,63.96961049,64.19979378,64.36152861,64.51566247,64.73628831,64.98171037,65.28273323,65.59196182,65.87309855,66.11209752,66.37993594,66.65742032,66.93536183,67.2217862,67.53144779,67.83163413,68.17863328,68.52381045,68.85932901,69.22063429,69.55975014,69.91361603,70.24278658,70.5652928,70.85672912,71.1357672,71.39668716,71.64503353,71.85312777,72.05086524,
Middle income,MIC,"Life expectancy at birth, female (years)",SP.DYN.LE00.FE.IN,49.25496745,49.77824627,50.39229448,51.12809859,51.9945692,52.95277774,53.94500697,54.91742485,55.82393769,56.634262,57.38536679,58.0327133,58.6041688,59.17109772,59.74175531,60.26629081,60.80304552,61.3350282,61.8354628,62.29595033,62.73880876,63.15472824,63.54866268,63.89158901,64.19875327,64.51624926,64.85324875,65.14365114,65.42988449,65.70930905,65.98140081,66.2408294,66.4289589,66.65534397,66.93886498,67.19172466,67.48581711,67.77305099,68.03668251,68.26055673,68.5190922,68.77091583,69.02848871,69.30306222,69.61197314,69.9196967,70.27308456,70.63708499,70.99517904,71.37818954,71.74281506,72.1211528,72.46954771,72.81005739,73.11527558,73.3954494,73.65652126,73.89941504,74.10740254,74.30304676,
North Macedonia,MKD,"Life expectancy at birth, male (years)",SP.DYN.LE00.MA.IN,60.195,60.785,61.359,61.92,62.468,63.001,63.514,64.003,64.461,64.883,65.264,65.601,65.893,66.142,66.352,66.519,66.643,66.729,66.79,66.841,66.908,67.018,67.184,67.411,67.692,68.01,68.333,68.631,68.883,69.082,69.233,69.352,69.464,69.588,69.733,69.899,70.084,70.275,70.465,70.65,70.829,71.002,71.172,71.34,71.508,71.681,71.862,72.053,72.253,72.458,72.66,72.85,73.02,73.167,73.291,73.397,73.491,73.584,73.684,73.794,
North Macedonia,MKD,"Life expectancy at birth, total (years)",SP.DYN.LE00.IN,60.633,61.259,61.87,62.469,63.06,63.642,64.216,64.775,65.313,65.824,66.301,66.736,67.128,67.474,67.773,68.02,68.212,68.355,68.462,68.549,68.64,68.764,68.936,69.162,69.442,69.76,70.094,70.414,70.7,70.945,71.152,71.331,71.502,71.68,71.871,72.08,72.309,72.55,72.795,73.038,73.267,73.47,73.642,73.781,73.892,73.986,74.08,74.19,74.324,74.484,74.662,74.846,75.019,75.171,75.299,75.406,75.498,75.589,75.688,75.797,
North Macedonia,MKD,"Life expectancy at birth, female (years)",SP.DYN.LE00.FE.IN,61.072,61.737,62.387,63.026,63.66,64.294,64.93,65.563,66.186,66.793,67.373,67.918,68.42,68.872,69.27,69.606,69.874,70.08,70.237,70.362,70.48,70.617,70.792,71.015,71.289,71.605,71.945,72.284,72.603,72.895,73.158,73.398,73.627,73.858,74.094,74.344,74.617,74.909,75.214,75.52,75.804,76.042,76.216,76.324,76.37,76.377,76.373,76.391,76.451,76.56,76.711,76.888,77.064,77.22,77.352,77.459,77.55,77.639,77.736,77.846,
Mali,MLI,"Life expectancy at birth, male (years)",SP.DYN.LE00.MA.IN,27.436,27.548,27.707,27.932,28.233,28.619,29.09,29.631,30.225,30.863,31.533,32.222,32.925,33.633,34.342,35.054,35.774,36.51,37.262,38.027,38.797,39.565,40.319,41.049,41.746,42.403,43.019,43.596,44.129,44.613,45.026,45.341,45.555,45.684,45.754,45.81,45.905,46.084,46.382,46.813,47.386,48.092,48.889,49.733,50.592,51.429,52.212,52.926,53.566,54.127,54.62,55.065,55.491,55.922,56.364,56.818,57.275,57.718,58.137,58.529,
Mali,MLI,"Life expectancy at birth, total (years)",SP.DYN.LE00.IN,28.199,28.345,28.535,28.782,29.097,29.489,29.959,30.496,31.086,31.72,32.388,33.078,33.782,34.493,35.205,35.921,36.645,37.385,38.142,38.909,39.677,40.435,41.173,41.879,42.545,43.17,43.759,44.315,44.838,45.323,45.746,46.076,46.305,46.445,46.52,46.573,46.658,46.823,47.103,47.515,48.069,48.758,49.54,50.373,51.224,52.057,52.839,53.553,54.193,54.756,55.251,55.701,56.135,56.578,57.036,57.509,57.987,58.452,58.893,59.306,
Mali,MLI,"Life expectancy at birth, female (years)",SP.DYN.LE00.FE.IN,29.026,29.21,29.432,29.704,30.033,30.429,30.896,31.424,32.006,32.633,33.296,33.984,34.688,35.399,36.112,36.829,37.554,38.295,39.05,39.813,40.573,41.316,42.032,42.709,43.343,43.937,44.498,45.036,45.552,46.039,46.473,46.818,47.062,47.212,47.291,47.34,47.413,47.562,47.823,48.216,48.752,49.424,50.192,51.012,51.855,52.683,53.461,54.173,54.812,55.375,55.871,56.326,56.769,57.225,57.7,58.194,58.695,59.185,59.649,60.085,
Malta,MLT,"Life expectancy at birth, male (years)",SP.DYN.LE00.MA.IN,67.623,67.79,67.937,68.078,68.225,68.385,68.563,68.751,68.945,69.141,69.337,69.524,69.701,69.865,70.019,70.165,70.308,70.456,70.617,70.799,71.012,71.267,71.564,71.9,72.27,72.664,73.072,73.478,73.869,74.236,74.569,74.863,75.123,75.353,75.559,74.9,75,75.3,75.1,75.5,76.3,76.6,76.3,76.4,77.4,77.3,77,77.5,77.1,77.9,79.3,78.6,78.6,79.6,79.9,79.8,80.6,80.2,80.4,80.6,
Malta,MLT,"Life expectancy at birth, total (years)",SP.DYN.LE00.IN,69.4332439,69.61439024,69.77065854,69.91995122,70.07573171,70.24792683,70.44104878,70.64807317,70.86304878,71.08295122,71.30529268,71.52253659,71.7312439,71.92743902,72.11119512,72.28109756,72.43678049,72.58380488,72.73212195,72.89119512,73.07785366,73.31090244,73.59814634,73.94,74.33097561,74.75814634,75.20419512,75.64482927,76.06265854,76.44526829,76.78607317,77.08446341,77.35080488,77.5934878,77.81753659,77.2902439,77.34146341,77.73902439,77.58780488,77.5,78.34878049,78.84390244,78.73902439,78.54634146,79.25365854,79.3,79.43902439,79.79268293,79.63658537,80.24146341,81.39756098,80.74634146,80.74634146,81.74634146,82.04634146,81.89756098,82.45365854,82.34634146,82.44878049,82.6,
Malta,MLT,"Life expectancy at birth, female (years)",SP.DYN.LE00.FE.IN,71.334,71.53,71.696,71.854,72.019,72.204,72.413,72.64,72.877,73.122,73.372,73.621,73.863,74.093,74.308,74.503,74.672,74.818,74.953,75.088,75.247,75.457,75.734,76.082,76.495,76.957,77.443,77.92,78.366,78.765,79.114,79.417,79.69,79.946,80.189,79.8,79.8,80.3,80.2,79.6,80.5,81.2,81.3,80.8,81.2,81.4,82,82.2,82.3,82.7,83.6,83,83,84,84.3,84.1,84.4,84.6,84.6,84.7,
Myanmar,MMR,"Life expectancy at birth, male (years)",SP.DYN.LE00.MA.IN,39.556,40.139,40.751,41.406,42.106,42.834,43.561,44.253,44.884,45.445,45.936,46.369,46.765,47.146,47.522,47.897,48.273,48.646,49.016,49.384,49.755,50.132,50.517,50.91,51.308,51.709,52.108,52.5,52.881,53.251,53.609,53.957,54.299,54.638,54.976,55.316,55.66,56.008,56.357,56.705,57.044,57.362,57.656,57.926,58.18,58.43,58.693,58.984,59.313,59.684,60.102,60.566,61.062,61.572,62.082,62.572,63.021,63.419,63.761,64.046,
Myanmar,MMR,"Life expectancy at birth, total (years)",SP.DYN.LE00.IN,42.381,42.961,43.567,44.215,44.907,45.63,46.357,47.055,47.698,48.279,48.796,49.258,49.686,50.098,50.503,50.907,51.312,51.714,52.113,52.511,52.91,53.315,53.726,54.14,54.556,54.97,55.375,55.768,56.144,56.505,56.849,57.18,57.504,57.823,58.141,58.46,58.78,59.101,59.422,59.744,60.063,60.377,60.685,60.989,61.294,61.607,61.938,62.294,62.678,63.089,63.525,63.983,64.453,64.921,65.378,65.81,66.205,66.558,66.867,67.134,
Myanmar,MMR,"Life expectancy at birth, female (years)",SP.DYN.LE00.FE.IN,45.418,45.99,46.584,47.219,47.898,48.611,49.334,50.034,50.687,51.285,51.827,52.318,52.777,53.221,53.655,54.088,54.519,54.949,55.375,55.799,56.225,56.655,57.087,57.519,57.948,58.369,58.775,59.163,59.529,59.873,60.197,60.505,60.802,61.095,61.386,61.677,61.966,62.252,62.535,62.819,63.11,63.411,63.727,64.061,64.414,64.79,65.189,65.609,66.044,66.486,66.931,67.372,67.803,68.217,68.609,68.973,69.303,69.603,69.874,70.119,
Middle East & North Africa (excluding high income),MNA,"Life expectancy at birth, male (years)",SP.DYN.LE00.MA.IN,45.79110508,46.36967542,46.93636386,47.49409187,48.04513814,48.58982628,49.1251876,49.6514795,50.17262253,50.69454609,51.2400368,51.83738122,52.49224774,53.19209676,53.91016083,54.57594276,55.10188185,55.44148664,55.58844583,55.57579335,55.49386688,55.46757907,55.61150318,56.0024687,56.66130049,57.57092601,58.6717073,59.85315409,61.01429095,62.10053354,63.09577289,63.90972841,64.60019612,65.19059826,65.6890603,66.10925234,66.46884654,66.78840955,67.08598901,67.37392807,67.65836853,67.94187225,68.21656686,68.47921734,68.73226177,68.97729749,69.21553163,69.44562367,69.66520936,69.875526,70.08021252,70.2861508,70.49749396,70.71534303,70.93331031,71.14701731,71.35518991,71.55985734,71.76152233,71.96095722,
Middle East & North Africa (excluding high income),MNA,"Life expectancy at birth, total (years)",SP.DYN.LE00.IN,46.36310735,46.96399872,47.55821249,48.14911581,48.73991699,49.3275278,49.90657717,50.47397097,51.03116961,51.58403201,52.14921094,52.74820937,53.38991331,54.0714291,54.77918702,55.47527555,56.11207452,56.65940725,57.10985784,57.47736277,57.80939167,58.17150879,58.62408125,59.20574356,59.92376239,60.76309872,61.68501694,62.62528734,63.52872609,64.3646558,65.13628775,65.78211113,66.34893566,66.8547286,67.30725477,67.71427246,68.08394017,68.42513758,68.74578946,69.05320848,69.35469409,69.65395818,69.94988284,70.24135954,70.52965829,70.8130182,71.08730699,71.34764391,71.58861567,71.80985946,72.01470099,72.2108648,72.4050187,72.60231836,72.80116693,73.00029604,73.19817528,73.39421523,73.5873387,73.77758932,
Middle East & North Africa (excluding high income),MNA,"Life expectancy at birth, female (years)",SP.DYN.LE00.FE.IN,46.95847023,47.58002359,48.20084315,48.82557409,49.45609656,50.08820366,50.71262908,51.32321612,51.91825988,52.50309233,53.08676421,53.6821125,54.30096614,54.95211476,55.63949603,56.3680262,57.1399309,57.94706785,58.77906366,59.62616018,60.47839127,61.32485642,62.15542853,62.95861704,63.723374,64.43905206,65.0989002,65.7057892,66.2652886,66.78095637,67.27887728,67.72825537,68.1572279,68.57277929,68.97894287,69.37595598,69.76112686,70.12880427,70.4774911,70.80885045,71.12898373,71.44607703,71.76604579,72.09131975,72.42172302,72.75046363,73.06787351,73.36427034,73.63072531,73.86510906,74.06954017,74.25392661,74.42830098,74.60265885,74.78088793,74.96413005,75.1504332,75.33542642,75.51611772,75.69270482,
Montenegro,MNE,"Life expectancy at birth, male (years)",SP.DYN.LE00.MA.IN,62.51,63.183,63.818,64.399,64.919,65.38,65.794,66.18,66.552,66.913,67.253,67.557,67.815,68.026,68.198,68.354,68.521,68.723,68.97,69.26,69.58,69.904,70.204,70.456,70.655,70.805,70.921,71.022,71.12,71.217,71.298,71.347,71.347,71.293,71.191,71.051,70.89,70.731,70.598,70.504,70.465,70.488,70.568,70.7,70.88,71.112,71.394,71.718,72.07,72.435,72.792,73.119,73.405,73.644,73.835,73.982,74.099,74.205,74.317,74.441,
Montenegro,MNE,"Life expectancy at birth, total (years)",SP.DYN.LE00.IN,63.82,64.508,65.181,65.827,66.438,67.022,67.593,68.169,68.756,69.348,69.929,70.476,70.968,71.392,71.748,72.041,72.286,72.504,72.714,72.922,73.13,73.334,73.524,73.693,73.843,73.981,74.116,74.255,74.395,74.526,74.627,74.669,74.634,74.519,74.334,74.099,73.845,73.607,73.416,73.287,73.228,73.233,73.285,73.37,73.486,73.642,73.85,74.115,74.43,74.784,75.151,75.505,75.823,76.089,76.297,76.452,76.568,76.667,76.77,76.884,
Montenegro,MNE,"Life expectancy at birth, female (years)",SP.DYN.LE00.FE.IN,64.961,65.661,66.368,67.072,67.767,68.464,69.183,69.936,70.726,71.539,72.351,73.131,73.849,74.482,75.016,75.441,75.756,75.982,76.141,76.25,76.329,76.395,76.46,76.536,76.633,76.763,76.936,77.141,77.36,77.574,77.746,77.832,77.812,77.68,77.446,77.142,76.812,76.508,76.268,76.11,76.035,76.022,76.04,76.068,76.106,76.172,76.291,76.484,76.755,77.094,77.472,77.855,78.208,78.504,78.734,78.899,79.013,79.105,79.199,79.303,
Mongolia,MNG,"Life expectancy at birth, male (years)",SP.DYN.LE00.MA.IN,46.161,47.118,48.042,48.899,49.67,50.353,50.967,51.541,52.095,52.628,53.124,53.56,53.919,54.191,54.38,54.492,54.538,54.543,54.538,54.548,54.606,54.746,54.973,55.283,55.666,56.096,56.534,56.941,57.291,57.575,57.798,57.978,58.147,58.331,58.539,58.774,59.03,59.295,59.561,59.826,60.09,60.354,60.622,60.9,61.191,61.504,61.849,62.227,62.633,63.059,63.486,63.895,64.269,64.596,64.873,65.103,65.294,65.465,65.631,65.799,
Mongolia,MNG,"Life expectancy at birth, total (years)",SP.DYN.LE00.IN,48.392,49.304,50.185,51.012,51.771,52.461,53.098,53.702,54.285,54.845,55.364,55.819,56.192,56.477,56.676,56.796,56.848,56.86,56.861,56.875,56.936,57.074,57.295,57.595,57.968,58.392,58.836,59.266,59.655,59.992,60.268,60.486,60.67,60.841,61.015,61.211,61.447,61.73,62.063,62.446,62.869,63.319,63.777,64.23,64.671,65.103,65.538,65.985,66.447,66.916,67.38,67.818,68.217,68.566,68.863,69.111,69.321,69.509,69.689,69.87,
Mongolia,MNG,"Life expectancy at birth, female (years)",SP.DYN.LE00.FE.IN,50.687,51.548,52.384,53.18,53.926,54.626,55.289,55.927,56.545,57.136,57.68,58.155,58.544,58.843,59.053,59.184,59.245,59.265,59.273,59.295,59.361,59.499,59.714,60.004,60.364,60.781,61.233,61.69,62.125,62.522,62.861,63.124,63.324,63.481,63.616,63.769,63.987,64.3,64.724,65.258,65.882,66.561,67.249,67.907,68.518,69.079,69.601,70.108,70.612,71.112,71.597,72.051,72.46,72.816,73.119,73.373,73.588,73.779,73.961,74.142,
Northern Mariana Islands,MNP,"Life expectancy at birth, male (years)",SP.DYN.LE00.MA.IN,,,,,,,,,,,,,,,,,,,,,,,,,,,,,,,,,,,,,,,,,,,,,,,,,,,,,,,,,,,,,
Northern Mariana Islands,MNP,"Life expectancy at birth, total (years)",SP.DYN.LE00.IN,,,,,,,,,,,,,,,,,,,,,,,,,,,,,,,,,,,,,,,,,,,,,,,,,,,,,,,,,,,,,
Northern Mariana Islands,MNP,"Life expectancy at birth, female (years)",SP.DYN.LE00.FE.IN,,,,,,,,,,,,,,,,,,,,,,,,,,,,,,,,,,,,,,,,,,,,,,,,,,,,,,,,,,,,,
Mozambique,MOZ,"Life expectancy at birth, male (years)",SP.DYN.LE00.MA.IN,38.243,38.663,39.004,39.261,39.441,39.561,39.642,39.716,39.808,39.936,40.117,40.364,40.665,41.001,41.357,41.701,41.999,42.227,42.374,42.44,42.437,42.385,42.321,42.276,42.273,42.333,42.47,42.677,42.943,43.259,43.606,43.962,44.306,44.625,44.915,45.186,45.456,45.746,46.068,46.419,46.784,47.137,47.458,47.739,47.985,48.207,48.422,48.662,48.955,49.327,49.816,50.461,51.26,52.191,53.222,54.295,55.339,56.293,57.114,57.782,
Mozambique,MOZ,"Life expectancy at birth, total (years)",SP.DYN.LE00.IN,39.439,39.879,40.238,40.508,40.698,40.822,40.904,40.975,41.061,41.178,41.343,41.567,41.836,42.135,42.451,42.759,43.028,43.242,43.391,43.479,43.515,43.521,43.527,43.56,43.637,43.772,43.975,44.235,44.541,44.887,45.261,45.647,46.033,46.41,46.772,47.123,47.47,47.826,48.194,48.572,48.946,49.295,49.61,49.889,50.143,50.387,50.641,50.934,51.292,51.738,52.31,53.043,53.931,54.949,56.062,57.206,58.309,59.309,60.163,60.854,
Mozambique,MOZ,"Life expectancy at birth, female (years)",SP.DYN.LE00.FE.IN,40.633,41.094,41.471,41.756,41.956,42.086,42.17,42.238,42.317,42.423,42.571,42.768,43.003,43.262,43.536,43.804,44.044,44.242,44.394,44.502,44.58,44.646,44.726,44.84,45.001,45.213,45.476,45.778,46.108,46.463,46.838,47.233,47.645,48.07,48.503,48.939,49.374,49.806,50.231,50.643,51.029,51.375,51.681,51.956,52.216,52.48,52.771,53.113,53.532,54.048,54.694,55.503,56.466,57.553,58.727,59.921,61.063,62.091,62.966,63.671,
Mauritania,MRT,"Life expectancy at birth, male (years)",SP.DYN.LE00.MA.IN,43.492,44.125,44.762,45.397,46.022,46.623,47.185,47.698,48.16,48.575,48.947,49.286,49.61,49.938,50.282,50.658,51.078,51.543,52.048,52.591,53.168,53.772,54.389,55.003,55.597,56.156,56.665,57.121,57.518,57.854,58.125,58.332,58.486,58.598,58.678,58.733,58.768,58.789,58.805,58.826,58.864,58.926,59.017,59.138,59.291,59.475,59.688,59.922,60.172,60.434,60.708,60.996,61.299,61.614,61.935,62.251,62.552,62.831,63.082,63.305,
Mauritania,MRT,"Life expectancy at birth, total (years)",SP.DYN.LE00.IN,44.432,45.132,45.834,46.531,47.214,47.868,48.476,49.032,49.536,49.99,50.404,50.788,51.16,51.539,51.935,52.358,52.817,53.306,53.82,54.357,54.913,55.486,56.066,56.643,57.204,57.735,58.226,58.671,59.065,59.405,59.688,59.914,60.092,60.231,60.341,60.426,60.493,60.545,60.593,60.643,60.706,60.788,60.892,61.018,61.17,61.349,61.552,61.776,62.015,62.266,62.527,62.799,63.079,63.366,63.654,63.936,64.208,64.464,64.704,64.925,
Mauritania,MRT,"Life expectancy at birth, female (years)",SP.DYN.LE00.FE.IN,45.434,46.198,46.965,47.724,48.463,49.167,49.82,50.418,50.96,51.452,51.904,52.331,52.752,53.182,53.63,54.103,54.6,55.113,55.633,56.158,56.686,57.219,57.754,58.285,58.804,59.302,59.768,60.198,60.584,60.924,61.215,61.456,61.654,61.817,61.952,62.065,62.161,62.244,62.323,62.403,62.493,62.596,62.713,62.845,62.996,63.166,63.359,63.57,63.798,64.039,64.29,64.548,64.809,65.07,65.328,65.58,65.824,66.061,66.292,66.515,
Mauritius,MUS,"Life expectancy at birth, male (years)",SP.DYN.LE00.MA.IN,56.954,57.963,58.843,59.564,60.113,60.49,60.707,60.808,60.839,60.828,60.8,60.767,60.738,60.727,60.759,60.872,61.101,61.45,61.906,62.447,63.021,63.563,64.02,64.362,64.585,64.718,64.814,64.936,65.124,65.385,65.6,66.2,66.4,66.4,66.5,66.56,66.44,66.6,66.9,67.4,68.2,68.4,68.6,68.8,68.9,69.12,69.12,69.2,69.2,69.38,69.46,69.74,70.4,70.7,70.97,71.08,71.19,71.3,71.27,71.07,
Mauritius,MUS,"Life expectancy at birth, total (years)",SP.DYN.LE00.IN,58.74521951,59.74836585,60.62690244,61.35765854,61.93495122,62.35829268,62.63870732,62.81531707,62.93168293,63.02019512,63.11804878,63.25334146,63.43995122,63.68553659,63.99997561,64.39053659,64.85563415,65.37243902,65.91331707,66.45578049,66.96539024,67.40739024,67.76536585,68.03760976,68.23036585,68.37068293,68.49936585,68.6555122,68.86302439,69.12402439,69.40487805,69.95609756,70.05853659,70.10731707,70.15853659,70.32585366,70.32292683,70.40487805,70.60731707,70.96097561,71.66341463,71.76585366,71.96585366,72.11707317,72.26585366,72.43219512,72.43219512,72.57073171,72.57073171,72.88243902,72.96731707,73.26682927,73.86341463,74.01707317,74.19439024,74.35317073,74.39487805,74.51463415,74.41634146,74.23585366,
Mauritius,MUS,"Life expectancy at birth, female (years)",SP.DYN.LE00.FE.IN,60.626,61.623,62.5,63.241,63.848,64.32,64.667,64.923,65.129,65.322,65.552,65.864,66.277,66.792,67.403,68.085,68.798,69.491,70.121,70.665,71.107,71.444,71.698,71.897,72.058,72.206,72.369,72.561,72.789,73.05,73.4,73.9,73.9,74,74,74.28,74.4,74.4,74.5,74.7,75.3,75.3,75.5,75.6,75.8,75.91,75.91,76.11,76.11,76.56,76.65,76.97,77.5,77.5,77.58,77.79,77.76,77.89,77.72,77.56,
Malawi,MWI,"Life expectancy at birth, male (years)",SP.DYN.LE00.MA.IN,36.63,36.858,37.075,37.282,37.487,37.704,37.953,38.248,38.596,38.995,39.437,39.909,40.39,40.862,41.313,41.74,42.146,42.535,42.91,43.261,43.579,43.848,44.06,44.212,44.303,44.339,44.327,44.282,44.217,44.139,44.05,43.95,43.835,43.707,43.574,43.432,43.272,43.103,42.95,42.845,42.836,42.973,43.289,43.807,44.537,45.497,46.693,48.084,49.608,51.207,52.807,54.334,55.737,56.979,58.035,58.898,59.587,60.155,60.651,61.101,
Malawi,MWI,"Life expectancy at birth, total (years)",SP.DYN.LE00.IN,36.672,36.934,37.183,37.421,37.655,37.899,38.174,38.494,38.866,39.289,39.756,40.254,40.762,41.262,41.744,42.206,42.649,43.082,43.504,43.912,44.296,44.646,44.954,45.216,45.432,45.606,45.746,45.86,45.957,46.038,46.096,46.121,46.108,46.055,45.969,45.846,45.677,45.479,45.285,45.136,45.09,45.204,45.517,46.052,46.823,47.844,49.118,50.595,52.206,53.888,55.564,57.161,58.629,59.931,61.042,61.953,62.681,63.279,63.798,64.263,
Malawi,MWI,"Life expectancy at birth, female (years)",SP.DYN.LE00.FE.IN,36.678,36.969,37.247,37.513,37.773,38.042,38.34,38.683,39.079,39.527,40.021,40.546,41.082,41.612,42.128,42.627,43.111,43.588,44.062,44.53,44.985,45.42,45.83,46.211,46.56,46.883,47.186,47.477,47.754,48.014,48.243,48.424,48.545,48.602,48.599,48.527,48.375,48.166,47.939,47.743,47.646,47.718,48.002,48.531,49.318,50.377,51.707,53.247,54.922,56.666,58.398,60.046,61.562,62.911,64.065,65.016,65.776,66.4,66.937,67.413,
Malaysia,MYS,"Life expectancy at birth, male (years)",SP.DYN.LE00.MA.IN,58.838,59.324,59.783,60.224,60.653,61.077,61.5,61.918,62.328,62.729,63.114,63.472,63.801,64.1,64.373,64.631,64.889,65.159,65.449,65.761,66.09,66.426,66.757,67.072,67.368,67.649,67.922,68.195,68.471,68.747,69.017,69.268,69.491,69.682,69.843,69.977,70.095,70.208,70.326,70.456,70.603,70.765,70.94,71.122,71.311,71.505,71.702,71.901,72.1,72.299,72.497,72.698,72.902,73.109,73.317,73.521,73.718,73.903,74.075,74.234,
Malaysia,MYS,"Life expectancy at birth, total (years)",SP.DYN.LE00.IN,59.991,60.515,61.012,61.486,61.943,62.39,62.833,63.277,63.719,64.161,64.595,65.013,65.407,65.775,66.117,66.442,66.761,67.085,67.42,67.766,68.117,68.461,68.788,69.09,69.366,69.621,69.866,70.11,70.358,70.612,70.865,71.106,71.326,71.519,71.687,71.834,71.972,72.11,72.257,72.418,72.594,72.782,72.976,73.17,73.364,73.555,73.744,73.931,74.118,74.305,74.493,74.683,74.877,75.072,75.268,75.461,75.649,75.828,75.997,76.156,
Malaysia,MYS,"Life expectancy at birth, female (years)",SP.DYN.LE00.FE.IN,61.396,61.965,62.506,63.017,63.503,63.971,64.433,64.897,65.368,65.847,66.329,66.804,67.264,67.7,68.112,68.504,68.884,69.261,69.638,70.013,70.379,70.722,71.035,71.312,71.555,71.773,71.977,72.183,72.397,72.624,72.858,73.09,73.31,73.51,73.691,73.86,74.024,74.195,74.378,74.575,74.786,75.003,75.22,75.43,75.632,75.824,76.008,76.188,76.369,76.549,76.732,76.918,77.105,77.293,77.48,77.663,77.84,78.008,78.167,78.317,
North America,NAC,"Life expectancy at birth, male (years)",SP.DYN.LE00.MA.IN,66.75249704,67.21880397,67.04304382,66.7675267,66.97001381,66.98293781,66.89537392,67.18155057,66.29393137,67.02535866,67.3124933,67.61382967,67.60329993,67.80181791,68.35077288,68.91698115,69.21832808,69.61255111,69.73020874,70.1300261,70.15800178,70.55826653,70.94858806,71.16839482,71.27832235,71.29810805,71.40811275,71.60891735,71.62963762,71.92133257,72.05230209,72.25195061,72.54124435,72.46060043,72.65006877,72.76950336,73.32920857,73.80879661,74.01801231,74.13705335,74.34646673,74.55648524,74.66667045,74.78647228,75.25681526,75.28648229,75.4866013,75.77678613,75.88704397,76.27780364,76.48841421,76.60891022,76.71975066,76.73066864,76.83134549,76.66140691,76.48284915,76.48482012,76.58794935,76.68107966,
North America,NAC,"Life expectancy at birth, total (years)",SP.DYN.LE00.IN,69.89360376,70.36801738,70.2327068,70.05038739,70.31320505,70.36672191,70.37807047,70.71438226,70.17624157,70.69476442,70.9854796,71.2911399,71.32627262,71.52944731,72.07959682,72.69361493,72.95320432,73.34941115,73.47017107,73.90794075,73.75243079,74.15164237,74.49815471,74.6202615,74.72538912,74.74024503,74.80137957,74.9581156,74.97854162,75.22629846,75.43504527,75.59061834,75.82693748,75.65853666,75.838642,75.86060025,76.24010485,76.62719351,76.78286222,76.80913164,76.88199634,77.08241004,77.18781814,77.30281077,77.72448798,77.75408225,77.94939267,78.23954847,78.3009808,78.64772827,78.80945553,78.92055891,79.03147799,79.04221001,79.13808291,79.01211433,78.8773349,78.87909246,78.98679131,79.12330258,
North America,NAC,"Life expectancy at birth, female (years)",SP.DYN.LE00.FE.IN,73.19295574,73.6755342,73.58295973,73.49859777,73.82435328,73.92142177,74.03589811,74.42481908,74.25499323,74.54899607,74.84371114,75.15343912,75.23661042,75.44451646,75.99583506,76.66004788,76.87556519,77.27378125,77.39771033,77.87562945,77.52776776,77.92524512,78.22559888,78.24511835,78.34530401,78.35508938,78.36491189,78.47527759,78.49542052,78.69693084,78.9877731,79.0975961,79.27764474,79.01687881,79.18723826,79.10679946,79.2968457,79.58672288,79.68621286,79.61501597,79.54399399,79.73449455,79.83488634,79.94481509,80.31548386,80.34493814,80.53523798,80.82546288,80.83554147,81.13610909,81.24660967,81.34724438,81.45805974,81.46898819,81.55976302,81.47984142,81.39092864,81.39240529,81.50486519,81.68694969,
Namibia,NAM,"Life expectancy at birth, male (years)",SP.DYN.LE00.MA.IN,44.211,44.983,45.737,46.468,47.169,47.829,48.44,48.999,49.51,49.981,50.426,50.865,51.313,51.776,52.252,52.721,53.156,53.534,53.85,54.112,54.354,54.62,54.945,55.347,55.819,56.354,56.933,57.504,58.01,58.399,58.596,58.529,58.179,57.56,56.698,55.632,54.418,53.149,51.925,50.824,49.924,49.281,48.896,48.768,48.907,49.327,50.035,50.982,52.103,53.332,54.586,55.786,56.877,57.822,58.595,59.195,59.65,60.02,60.357,60.685,
Namibia,NAM,"Life expectancy at birth, total (years)",SP.DYN.LE00.IN,46.483,47.231,47.957,48.656,49.325,49.958,50.554,51.116,51.65,52.163,52.669,53.184,53.714,54.262,54.82,55.369,55.882,56.338,56.731,57.067,57.374,57.69,58.049,58.464,58.933,59.451,60.007,60.556,61.044,61.42,61.608,61.531,61.165,60.516,59.609,58.479,57.179,55.806,54.462,53.231,52.192,51.399,50.862,50.589,50.6,50.931,51.609,52.593,53.817,55.207,56.665,58.085,59.387,60.513,61.425,62.119,62.625,63.021,63.373,63.708,
Namibia,NAM,"Life expectancy at birth, female (years)",SP.DYN.LE00.FE.IN,48.819,49.536,50.229,50.892,51.526,52.13,52.71,53.275,53.833,54.393,54.964,55.56,56.18,56.818,57.464,58.097,58.688,59.22,59.685,60.086,60.444,60.794,61.164,61.57,62.01,62.487,62.998,63.507,63.963,64.319,64.495,64.411,64.033,63.363,62.419,61.233,59.855,58.381,56.919,55.557,54.373,53.425,52.728,52.3,52.174,52.406,53.047,54.063,55.386,56.937,58.597,60.235,61.746,63.046,64.089,64.866,65.412,65.823,66.18,66.516,
New Caledonia,NCL,"Life expectancy at birth, male (years)",SP.DYN.LE00.MA.IN,56.2,56.6,57,57.4,57.8,58.2,58.6,59,59.4,59.8,60.2,60.6,61,61.4,61.8,62.2,62.6,63,62.95,62.9,62.85,62.8,63.7,66.1,64.6,65.4,65.6,66.5,65.6,66.5,67.9,66.7,68.2,67.9,67.6,68.4,69.9,69.3,71.4,70.9,71.7,72.1,71.2,72.1,72.3,72.6,73.1,73.6,73.9,74.2,74.5,73.9,74.2,74.3,74.7,74.5,74.2,75.1,74.8,75,
New Caledonia,NCL,"Life expectancy at birth, total (years)",SP.DYN.LE00.IN,58.63902439,59.03902439,59.43902439,59.88780488,60.33658537,60.78536585,61.23414634,61.68292683,62.13170732,62.5804878,63.02926829,63.47804878,63.92682927,64.37560976,64.82439024,65.27317073,65.72195122,66.17073171,66.30365854,66.43658537,66.5695122,66.70243902,66.9195122,68.58780488,68.06341463,68.76585366,69.06341463,69.42682927,69.45365854,69.08536585,70.48536585,70.35853659,71.61463415,71.65609756,70.67317073,72.0097561,71.99756098,71.73902439,74.37560976,73.87560976,75.16341463,74.83170732,75.10243902,75.27073171,75.47073171,75.72195122,76.07560976,76.47804878,76.6804878,76.9804878,77.2804878,76.63170732,77.07804878,77.17804878,77.23658537,77.2804878,76.93170732,77.53902439,77.43414634,77.63414634,
New Caledonia,NCL,"Life expectancy at birth, female (years)",SP.DYN.LE00.FE.IN,61.2,61.6,62,62.5,63,63.5,64,64.5,65,65.5,66,66.5,67,67.5,68,68.5,69,69.5,69.825,70.15,70.475,70.8,70.3,71.2,71.7,72.3,72.7,72.5,73.5,71.8,73.2,74.2,75.2,75.6,73.9,75.8,74.2,74.3,77.5,77,78.8,77.7,79.2,78.6,78.8,79,79.2,79.5,79.6,79.9,80.2,79.5,80.1,80.2,79.9,80.2,79.8,80.1,80.2,80.4,
Niger,NER,"Life expectancy at birth, male (years)",SP.DYN.LE00.MA.IN,34.564,34.652,34.735,34.812,34.884,34.951,35.015,35.081,35.157,35.247,35.355,35.486,35.641,35.825,36.041,36.302,36.615,36.983,37.4,37.859,38.341,38.829,39.304,39.758,40.189,40.599,41.001,41.413,41.851,42.322,42.835,43.394,43.995,44.629,45.289,45.966,46.646,47.321,47.985,48.636,49.279,49.921,50.573,51.242,51.932,52.644,53.378,54.127,54.88,55.63,56.364,57.074,57.752,58.392,58.988,59.536,60.033,60.485,60.9,61.281,
Niger,NER,"Life expectancy at birth, total (years)",SP.DYN.LE00.IN,35.053,35.141,35.223,35.298,35.368,35.435,35.501,35.573,35.658,35.76,35.883,36.031,36.203,36.402,36.633,36.905,37.227,37.6,38.02,38.48,38.962,39.45,39.927,40.385,40.821,41.241,41.654,42.079,42.53,43.014,43.538,44.103,44.703,45.33,45.979,46.641,47.307,47.97,48.627,49.279,49.928,50.584,51.256,51.95,52.668,53.411,54.18,54.968,55.764,56.557,57.333,58.081,58.79,59.455,60.07,60.631,61.137,61.599,62.024,62.42,
Niger,NER,"Life expectancy at birth, female (years)",SP.DYN.LE00.FE.IN,35.471,35.562,35.646,35.724,35.796,35.865,35.935,36.013,36.107,36.22,36.358,36.521,36.709,36.925,37.171,37.456,37.789,38.173,38.601,39.068,39.558,40.052,40.536,41,41.444,41.871,42.293,42.728,43.19,43.685,44.216,44.786,45.385,46.008,46.649,47.301,47.957,48.613,49.269,49.926,50.588,51.263,51.959,52.681,53.43,54.207,55.015,55.846,56.688,57.528,58.351,59.141,59.886,60.579,61.214,61.789,62.305,62.776,63.212,63.621,
Nigeria,NGA,"Life expectancy at birth, male (years)",SP.DYN.LE00.MA.IN,35.581,36.045,36.494,36.923,37.33,37.72,38.098,38.474,38.857,39.251,39.662,40.091,40.536,40.991,41.451,41.916,42.383,42.847,43.296,43.719,44.095,44.405,44.641,44.802,44.889,44.912,44.885,44.829,44.766,44.71,44.671,44.651,44.648,44.661,44.694,44.749,44.822,44.915,45.033,45.184,45.386,45.661,46.016,46.449,46.952,47.504,48.078,48.648,49.191,49.696,50.161,50.596,51.019,51.442,51.865,52.286,52.696,53.086,53.45,53.789,
Nigeria,NGA,"Life expectancy at birth, total (years)",SP.DYN.LE00.IN,36.976,37.431,37.871,38.291,38.691,39.072,39.442,39.809,40.184,40.569,40.971,41.392,41.829,42.276,42.729,43.187,43.647,44.104,44.547,44.963,45.333,45.637,45.867,46.023,46.106,46.127,46.101,46.048,45.99,45.939,45.9,45.875,45.857,45.845,45.843,45.854,45.88,45.923,45.994,46.103,46.267,46.51,46.835,47.242,47.72,48.252,48.812,49.373,49.913,50.422,50.896,51.346,51.786,52.228,52.672,53.112,53.541,53.95,54.332,54.687,
Nigeria,NGA,"Life expectancy at birth, female (years)",SP.DYN.LE00.FE.IN,38.445,38.887,39.315,39.724,40.112,40.483,40.843,41.201,41.566,41.943,42.335,42.747,43.174,43.613,44.058,44.507,44.961,45.412,45.849,46.261,46.627,46.927,47.154,47.306,47.386,47.404,47.378,47.328,47.274,47.228,47.191,47.16,47.127,47.088,47.049,47.014,46.988,46.979,47,47.063,47.189,47.396,47.69,48.067,48.519,49.028,49.57,50.121,50.658,51.171,51.656,52.12,52.579,53.042,53.506,53.967,54.415,54.843,55.244,55.619,
Nicaragua,NIC,"Life expectancy at birth, male (years)",SP.DYN.LE00.MA.IN,45.682,46.314,46.946,47.579,48.212,48.851,49.5,50.16,50.824,51.484,52.122,52.723,53.272,53.763,54.191,54.554,54.852,55.102,55.324,55.537,55.762,56.017,56.317,56.674,57.098,57.608,58.216,58.913,59.677,60.487,61.309,62.106,62.848,63.514,64.095,64.595,65.032,65.435,65.827,66.215,66.597,66.961,67.294,67.589,67.848,68.079,68.294,68.506,68.724,68.952,69.185,69.416,69.636,69.839,70.026,70.201,70.374,70.551,70.741,70.944,
Nicaragua,NIC,"Life expectancy at birth, total (years)",SP.DYN.LE00.IN,46.998,47.636,48.277,48.92,49.566,50.216,50.874,51.538,52.205,52.868,53.519,54.147,54.744,55.307,55.833,56.319,56.764,57.177,57.57,57.955,58.347,58.757,59.196,59.671,60.189,60.761,61.394,62.079,62.803,63.549,64.293,65.011,65.683,66.297,66.849,67.344,67.798,68.234,68.667,69.1,69.527,69.934,70.308,70.64,70.933,71.195,71.436,71.673,71.915,72.167,72.428,72.692,72.951,73.197,73.429,73.649,73.86,74.068,74.275,74.485,
Nicaragua,NIC,"Life expectancy at birth, female (years)",SP.DYN.LE00.FE.IN,48.315,48.955,49.603,50.256,50.914,51.576,52.242,52.91,53.579,54.246,54.909,55.566,56.215,56.854,57.483,58.1,58.704,59.296,59.879,60.457,61.035,61.619,62.212,62.818,63.436,64.07,64.721,65.382,66.048,66.709,67.354,67.971,68.553,69.098,69.606,70.086,70.551,71.015,71.484,71.957,72.425,72.873,73.285,73.654,73.981,74.272,74.54,74.802,75.068,75.345,75.633,75.93,76.227,76.516,76.795,77.06,77.309,77.546,77.77,77.982,
Netherlands,NLD,"Life expectancy at birth, male (years)",SP.DYN.LE00.MA.IN,71.5,71.56,71.08,71.02,71.27,71.12,71.03,71.17,70.92,70.92,70.81,70.99,70.81,71.3,71.61,71.45,71.53,72.08,71.95,72.45,72.47,72.71,72.73,72.93,72.96,73.07,73.09,73.51,73.7,73.7,73.8,74,74.3,73.98,74.58,74.59,74.66,75.17,75.2,75.3,75.5,75.8,76,76.2,76.9,77.2,77.6,78,78.3,78.5,78.8,79.4,79.3,79.5,80,79.9,80,80.2,80.3,80.5,
Netherlands,NLD,"Life expectancy at birth, total (years)",SP.DYN.LE00.IN,73.39268293,73.65268293,73.32390244,73.33707317,73.70414634,73.56878049,73.51292683,73.80414634,73.61268293,73.5395122,73.58560976,73.8095122,73.72707317,74.14390244,74.53682927,74.49878049,74.64707317,75.22146341,75.14512195,75.60609756,75.74317073,75.93439024,75.98853659,76.16414634,76.23317073,76.28463415,76.2704878,76.70512195,76.8902439,76.73414634,76.87804878,77,77.21707317,76.91658537,77.37512195,77.40463415,77.43560976,77.79439024,77.88292683,77.83658537,77.98780488,78.1902439,78.29268293,78.49268293,79.09512195,79.34634146,79.69756098,80.09756098,80.25121951,80.54878049,80.70243902,81.20487805,81.10487805,81.30487805,81.70731707,81.5097561,81.56097561,81.76097561,81.81219512,82.01219512,
Netherlands,NLD,"Life expectancy at birth, female (years)",SP.DYN.LE00.FE.IN,75.38,75.85,75.68,75.77,76.26,76.14,76.12,76.57,76.44,76.29,76.5,76.77,76.79,77.13,77.61,77.7,77.92,78.52,78.5,78.92,79.18,79.32,79.41,79.56,79.67,79.66,79.61,80.06,80.24,79.92,80.11,80.15,80.28,80,80.31,80.36,80.35,80.55,80.7,80.5,80.6,80.7,80.7,80.9,81.4,81.6,81.9,82.3,82.3,82.7,82.7,83.1,83,83.2,83.5,83.2,83.2,83.4,83.4,83.6,
Norway,NOR,"Life expectancy at birth, male (years)",SP.DYN.LE00.MA.IN,71.34,71.17,70.97,70.78,71.23,71.05,71.41,71.33,71.22,70.8,71.01,71.15,71.33,71.33,71.7,71.72,72.02,72.26,72.36,72.17,72.34,72.63,72.65,72.74,73,72.59,72.89,72.75,73.04,73.32,73.43,74.01,74.16,74.22,74.88,74.8,75.37,75.45,75.5,75.6,76,76.2,76.5,77,77.5,77.7,78.1,78.2,78.3,78.6,78.9,79.1,79.5,79.8,80.1,80.5,80.7,81,81.1,81.2,
Norway,NOR,"Life expectancy at birth, total (years)",SP.DYN.LE00.IN,73.5497561,73.5504878,73.44804878,73.07756098,73.59585366,73.72317073,73.99536585,74.06658537,73.94195122,73.66341463,74.08804878,74.17926829,74.34463415,74.44219512,74.75365854,74.81756098,75.0395122,75.38682927,75.41853659,75.41390244,75.67170732,75.86902439,76.01097561,76.06682927,76.22439024,75.91682927,76.24121951,76.08170732,76.2204878,76.5004878,76.53731707,76.98073171,77.18439024,77.15170732,77.6897561,77.73658537,78.1504878,78.14268293,78.32926829,78.28292683,78.63414634,78.78536585,78.98780488,79.3902439,79.84146341,80.04146341,80.34390244,80.39512195,80.59268293,80.79512195,80.99756098,81.29512195,81.45121951,81.75121951,82.1,82.30487805,82.40731707,82.6097561,82.75853659,82.90731707,
Norway,NOR,"Life expectancy at birth, female (years)",SP.DYN.LE00.FE.IN,75.87,76.05,76.05,75.49,76.08,76.53,76.71,76.94,76.8,76.67,77.32,77.36,77.51,77.71,77.96,78.07,78.21,78.67,78.63,78.82,79.17,79.27,79.54,79.56,79.61,79.41,79.76,79.58,79.56,79.84,79.8,80.1,80.36,80.23,80.64,80.82,81.07,80.97,81.3,81.1,81.4,81.5,81.6,81.9,82.3,82.5,82.7,82.7,83,83.1,83.2,83.6,83.5,83.8,84.2,84.2,84.2,84.3,84.5,84.7,
Nepal,NPL,"Life expectancy at birth, male (years)",SP.DYN.LE00.MA.IN,35.552,35.907,36.318,36.78,37.288,37.832,38.402,38.987,39.577,40.162,40.738,41.3,41.853,42.403,42.951,43.502,44.058,44.625,45.207,45.807,46.428,47.069,47.729,48.408,49.104,49.821,50.563,51.327,52.112,52.913,53.723,54.536,55.346,56.145,56.927,57.688,58.427,59.145,59.842,60.517,61.166,61.787,62.38,62.944,63.482,63.996,64.488,64.962,65.42,65.863,66.29,66.698,67.085,67.449,67.792,68.114,68.419,68.71,68.989,69.259,
Nepal,NPL,"Life expectancy at birth, total (years)",SP.DYN.LE00.IN,35.583,35.941,36.357,36.828,37.346,37.903,38.487,39.087,39.691,40.291,40.881,41.457,42.024,42.588,43.151,43.718,44.294,44.885,45.493,46.124,46.776,47.45,48.142,48.852,49.577,50.324,51.095,51.891,52.712,53.551,54.404,55.262,56.118,56.964,57.793,58.6,59.383,60.144,60.884,61.6,62.288,62.945,63.57,64.165,64.729,65.264,65.773,66.26,66.727,67.178,67.611,68.028,68.426,68.806,69.168,69.515,69.848,70.169,70.478,70.778,
Nepal,NPL,"Life expectancy at birth, female (years)",SP.DYN.LE00.FE.IN,35.566,35.924,36.343,36.819,37.345,37.911,38.506,39.118,39.736,40.35,40.954,41.543,42.123,42.699,43.275,43.856,44.45,45.061,45.695,46.354,47.039,47.745,48.47,49.209,49.964,50.737,51.537,52.365,53.22,54.098,54.993,55.898,56.804,57.699,58.577,59.433,60.263,61.071,61.855,62.614,63.344,64.043,64.71,65.347,65.953,66.528,67.075,67.595,68.09,68.563,69.013,69.44,69.843,70.225,70.586,70.931,71.264,71.586,71.9,72.208,
Nauru,NRU,"Life expectancy at birth, male (years)",SP.DYN.LE00.MA.IN,,,,,,,,,,,,,,,,,,,,,,,,,,,,,,,,,,,,,,,,,,,,,,,,,,,,,,,,,,,,,
Nauru,NRU,"Life expectancy at birth, total (years)",SP.DYN.LE00.IN,,,,,,,,,,,,,,,,,,,,,,,,,,,,,,,,,,,,,,,,,,,,,,,,,,,,,,,,,,,,,
Nauru,NRU,"Life expectancy at birth, female (years)",SP.DYN.LE00.FE.IN,,,,,,,,,,,,,,,,,,,,,,,,,,,,,,,,,,,,,,,,,,,,,,,,,,,,,,,,,,,,,
New Zealand,NZL,"Life expectancy at birth, male (years)",SP.DYN.LE00.MA.IN,68.7,68.4,68.5,68.5,68.5,68.3,68.1,68.4,68.1,68.4,68.2,68.7,69,68.4,68.9,69,69.3,68.9,69.8,69.8,70,70.5,70.7,70.8,71.2,71,71,71.3,71.4,71.8,72.5,73.3,73.1,73.8,74.2,74.1,74.3,74.7,75.5,75.5,76.1,76.4,76.7,77,77.5,77.9,78,78.2,78.4,78.8,78.8,79.1,79.4,79.7,79.6,79.73,79.91,80,80.2,80,
New Zealand,NZL,"Life expectancy at birth, total (years)",SP.DYN.LE00.IN,71.23658537,70.98536585,71.23170732,71.2804878,71.32926829,71.22682927,71.12439024,71.47317073,71.12439024,71.47317073,71.27317073,71.77317073,71.82926829,71.66829268,71.92439024,72.2195122,72.42195122,72.16829268,73.0195122,73.06829268,72.82926829,73.62195122,73.72439024,73.77560976,74.37073171,73.82926829,74.12195122,74.17804878,74.42439024,74.82439024,75.37804878,76.03170732,76.12439024,76.43414634,76.88292683,76.73414634,76.78780488,77.33414634,78.08536585,77.8902439,78.63658537,78.69268293,78.84634146,79.14634146,79.54878049,79.85121951,80.04878049,80.15121951,80.35121951,80.70243902,80.70243902,80.90487805,81.15609756,81.40731707,81.40487805,81.45682927,81.61243902,81.65853659,81.85853659,81.70731707,
New Zealand,NZL,"Life expectancy at birth, female (years)",SP.DYN.LE00.FE.IN,73.9,73.7,74.1,74.2,74.3,74.3,74.3,74.7,74.3,74.7,74.5,75,74.8,75.1,75.1,75.6,75.7,75.6,76.4,76.5,75.8,76.9,76.9,76.9,77.7,76.8,77.4,77.2,77.6,78,78.4,78.9,79.3,79.2,79.7,79.5,79.4,80.1,80.8,80.4,81.3,81.1,81.1,81.4,81.7,81.9,82.2,82.2,82.4,82.7,82.7,82.8,83,83.2,83.3,83.27,83.4,83.4,83.6,83.5,
OECD members,OED,"Life expectancy at birth, male (years)",SP.DYN.LE00.MA.IN,64.43421035,64.80139882,64.77448928,64.93428152,65.29184928,65.3930623,65.62471734,65.82696641,65.68667808,65.89634561,66.21789008,66.48542738,66.78446983,66.97781699,67.39750695,67.70922168,67.97459446,68.28616036,68.42723324,68.71532166,68.78450377,69.13970197,69.49215857,69.64284551,69.91481901,70.07479243,70.35685705,70.63981155,70.79907082,71.05476757,71.2004607,71.38777269,71.67702599,71.83681092,72.12519503,72.27096375,72.71698635,73.10078044,73.34900173,73.60066024,73.93234895,74.27746051,74.45448618,74.64706488,75.05420017,75.19246303,75.48615612,75.7259185,75.91071903,76.18881293,76.3889618,76.63590177,76.7945702,76.98842656,77.25500661,77.18589298,77.33174168,77.41237721,77.51776853,77.63509483,
OECD members,OED,"Life expectancy at birth, total (years)",SP.DYN.LE00.IN,67.22609445,67.61717407,67.62031078,67.8354426,68.22975189,68.35099013,68.61876132,68.85039567,68.8211022,69.01623584,69.33417721,69.62744364,69.92319207,70.11709224,70.53064831,70.87953078,71.16159678,71.52873677,71.71306572,72.05777593,72.12539221,72.49481141,72.84108665,72.978258,73.26549428,73.41386819,73.67638704,73.95603691,74.10415291,74.36438473,74.54473771,74.73456311,75.01329585,75.12325219,75.41570206,75.52776801,75.89950058,76.24123775,76.4569943,76.63926132,76.92725513,77.23460023,77.39688554,77.54903408,77.94370424,78.06314654,78.34888186,78.5717356,78.71992779,78.97693251,79.14888714,79.37988541,79.49704942,79.66195229,79.91185268,79.81127706,79.96029696,80.00460552,80.10453371,80.20508989,
OECD members,OED,"Life expectancy at birth, female (years)",SP.DYN.LE00.FE.IN,70.15223022,70.56885929,70.60342848,70.87601387,71.30841458,71.4506113,71.75626729,72.01893051,72.10584498,72.28705687,72.60179084,72.92308376,73.21553045,73.41048431,73.81866934,74.20766725,74.50804232,74.93397651,75.16393103,75.56839593,75.63424089,76.01848773,76.35758355,76.48007787,76.78208762,76.9168592,77.15712371,77.43204011,77.56771548,77.83194973,78.04823425,78.24019619,78.50737046,78.56387371,78.85974007,78.93520122,79.22729792,79.52344853,79.70370696,79.81243037,80.05338358,80.32020545,80.4662144,80.57477591,80.95624882,81.05572695,81.3326977,81.53720779,81.64594673,81.87949775,82.02085195,82.23400978,82.30609404,82.43923159,82.67067213,82.53558847,82.68739716,82.69254207,82.78648766,82.86803258,
Oman,OMN,"Life expectancy at birth, male (years)",SP.DYN.LE00.MA.IN,41.87,42.652,43.421,44.177,44.92,45.649,46.358,47.05,47.732,48.415,49.115,49.855,50.644,51.488,52.384,53.325,54.297,55.278,56.247,57.193,58.105,58.98,59.823,60.636,61.418,62.166,62.877,63.553,64.197,64.81,65.397,65.96,66.505,67.033,67.548,68.05,68.541,69.018,69.479,69.926,70.36,70.782,71.193,71.592,71.978,72.347,72.695,73.02,73.321,73.601,73.865,74.119,74.369,74.621,74.875,75.133,75.391,75.645,75.89,76.127,
Oman,OMN,"Life expectancy at birth, total (years)",SP.DYN.LE00.IN,42.672,43.499,44.311,45.11,45.896,46.665,47.413,48.141,48.858,49.574,50.31,51.087,51.92,52.811,53.76,54.755,55.781,56.813,57.829,58.813,59.758,60.659,61.523,62.356,63.153,63.915,64.638,65.324,65.975,66.593,67.18,67.739,68.273,68.786,69.283,69.77,70.25,70.726,71.197,71.664,72.126,72.58,73.022,73.447,73.851,74.23,74.577,74.893,75.179,75.44,75.682,75.916,76.149,76.388,76.634,76.887,77.142,77.393,77.633,77.861,
Oman,OMN,"Life expectancy at birth, female (years)",SP.DYN.LE00.FE.IN,43.504,44.372,45.224,46.06,46.881,47.684,48.462,49.217,49.959,50.698,51.459,52.267,53.135,54.071,55.07,56.123,57.212,58.307,59.386,60.43,61.431,62.383,63.294,64.169,65.007,65.804,66.561,67.279,67.961,68.61,69.231,69.827,70.401,70.958,71.5,72.029,72.545,73.046,73.533,74.005,74.465,74.915,75.357,75.789,76.208,76.608,76.98,77.319,77.625,77.901,78.155,78.397,78.638,78.885,79.141,79.401,79.659,79.906,80.134,80.343,
Other small states,OSS,"Life expectancy at birth, male (years)",SP.DYN.LE00.MA.IN,48.9432059,49.40525217,49.8701048,50.27899077,50.70479898,51.10502071,51.44548067,51.80469146,52.15264728,52.48125526,52.80609661,53.13472308,53.46653929,53.74139423,54.00975345,54.31651012,54.66318141,55.02244145,55.45380949,55.9154757,56.44709213,56.96968907,57.46701178,57.92052873,58.3517908,58.72475485,59.13334394,59.46137531,59.6841544,59.76689578,59.74136231,59.76616088,59.66472361,59.45219754,59.16729465,58.99118579,58.94818335,58.713352,58.47605301,58.3580417,58.31232425,58.23800455,58.30928427,58.54012625,58.88084227,59.39805626,59.99252441,60.70499389,61.50100246,62.31149728,63.06641446,63.74672175,64.37711685,64.99026939,65.48481056,65.97001106,66.37186752,66.75104473,67.06414729,67.3391737,
Other small states,OSS,"Life expectancy at birth, total (years)",SP.DYN.LE00.IN,51.41499854,51.86780191,52.30948773,52.71553981,53.12635421,53.51303827,53.860816,54.21332199,54.55988233,54.90268314,55.25804988,55.60386079,55.95993401,56.28408746,56.59989321,56.94258418,57.31565852,57.69200084,58.1217078,58.57478127,59.09026304,59.55814204,60.030352,60.47952053,60.86254636,61.22271951,61.59684273,61.89258185,62.0980333,62.1961563,62.22330742,62.25160468,62.14035321,61.90941906,61.61198958,61.42547978,61.28386111,60.97972634,60.63376824,60.4005766,60.24525473,60.10871528,60.09956556,60.20985026,60.48642411,60.90023293,61.40859096,62.04903394,62.77964667,63.56156964,64.30884322,65.02063304,65.71946482,66.33312678,66.89119294,67.40524107,67.83560006,68.22867726,68.54681339,68.82187619,
Other small states,OSS,"Life expectancy at birth, female (years)",SP.DYN.LE00.FE.IN,53.9812115,54.42235499,54.83902041,55.23960978,55.63324313,56.00380808,56.35514877,56.69739818,57.03912751,57.39314062,57.77650044,58.13823568,58.51865286,58.89233148,59.25613838,59.63489192,60.03395383,60.42629841,60.85305713,61.29596159,61.79459567,62.204672,62.65156487,63.09593983,63.42791271,63.77303025,64.10945252,64.36925162,64.55824627,64.68136075,64.77524623,64.8167655,64.71250578,64.47996387,64.1934964,64.02022024,63.78941724,63.43358386,62.99058532,62.64508308,62.37884983,62.18020187,62.08496488,62.06178722,62.27245513,62.57480668,62.99459698,63.56131683,64.21990015,64.96982922,65.70547074,66.45147211,67.17717506,67.83433131,68.46519056,69.00950796,69.47199001,69.88260116,70.20852405,70.48620415,
Pakistan,PAK,"Life expectancy at birth, male (years)",SP.DYN.LE00.MA.IN,45.185,46.094,46.965,47.799,48.596,49.357,50.085,50.779,51.441,52.069,52.658,53.202,53.699,54.15,54.559,54.93,55.272,55.593,55.902,56.205,56.507,56.808,57.108,57.404,57.698,57.992,58.287,58.584,58.881,59.178,59.472,59.762,60.044,60.317,60.581,60.837,61.087,61.333,61.576,61.818,62.054,62.281,62.496,62.702,62.901,63.102,63.317,63.552,63.809,64.086,64.377,64.672,64.959,65.226,65.468,65.684,65.872,66.041,66.194,66.337,
Pakistan,PAK,"Life expectancy at birth, total (years)",SP.DYN.LE00.IN,45.299,46.197,47.059,47.884,48.67,49.42,50.134,50.812,51.457,52.07,52.649,53.192,53.699,54.171,54.613,55.028,55.421,55.796,56.158,56.512,56.86,57.206,57.546,57.882,58.213,58.54,58.863,59.18,59.493,59.799,60.1,60.393,60.68,60.96,61.235,61.505,61.773,62.039,62.303,62.564,62.82,63.066,63.3,63.522,63.736,63.951,64.176,64.42,64.685,64.969,65.264,65.562,65.849,66.117,66.36,66.577,66.77,66.947,67.114,67.273,
Pakistan,PAK,"Life expectancy at birth, female (years)",SP.DYN.LE00.FE.IN,45.455,46.348,47.204,48.022,48.801,49.54,50.24,50.902,51.529,52.125,52.692,53.235,53.754,54.253,54.736,55.204,55.658,56.097,56.522,56.935,57.337,57.732,58.118,58.497,58.869,59.231,59.582,59.92,60.244,60.556,60.856,61.146,61.431,61.713,61.993,62.274,62.557,62.841,63.125,63.407,63.683,63.947,64.198,64.436,64.664,64.89,65.124,65.374,65.644,65.931,66.228,66.526,66.813,67.08,67.323,67.543,67.742,67.928,68.109,68.287,
Panama,PAN,"Life expectancy at birth, male (years)",SP.DYN.LE00.MA.IN,59.874,60.365,60.84,61.298,61.74,62.166,62.578,62.98,63.376,63.769,64.163,64.563,64.97,65.38,65.792,66.2,66.595,66.972,67.325,67.651,67.95,68.219,68.466,68.695,68.913,69.123,69.331,69.54,69.753,69.973,70.205,70.451,70.711,70.979,71.251,71.522,71.785,72.034,72.263,72.47,72.652,72.808,72.941,73.059,73.167,73.272,73.381,73.499,73.63,73.775,73.932,74.096,74.26,74.422,74.58,74.736,74.894,75.06,75.235,75.421,
Panama,PAN,"Life expectancy at birth, total (years)",SP.DYN.LE00.IN,60.864,61.38,61.88,62.36,62.824,63.275,63.718,64.16,64.607,65.063,65.532,66.018,66.515,67.02,67.527,68.027,68.513,68.976,69.412,69.818,70.192,70.537,70.858,71.163,71.453,71.732,72,72.257,72.506,72.747,72.982,73.212,73.439,73.661,73.879,74.092,74.3,74.5,74.694,74.881,75.06,75.233,75.401,75.565,75.728,75.892,76.06,76.234,76.414,76.6,76.792,76.989,77.188,77.386,77.583,77.776,77.964,78.149,78.329,78.506,
Panama,PAN,"Life expectancy at birth, female (years)",SP.DYN.LE00.FE.IN,61.955,62.497,63.02,63.523,64.009,64.485,64.961,65.447,65.952,66.479,67.033,67.614,68.217,68.831,69.448,70.056,70.646,71.21,71.741,72.236,72.696,73.123,73.526,73.911,74.278,74.628,74.956,75.26,75.538,75.791,76.018,76.219,76.398,76.56,76.711,76.854,76.996,77.14,77.29,77.449,77.622,77.81,78.012,78.226,78.449,78.679,78.913,79.148,79.381,79.61,79.838,80.066,80.297,80.531,80.765,80.994,81.211,81.412,81.593,81.756,
Peru,PER,"Life expectancy at birth, male (years)",SP.DYN.LE00.MA.IN,46.541,47.129,47.698,48.244,48.768,49.289,49.834,50.425,51.071,51.768,52.497,53.232,53.94,54.601,55.207,55.761,56.273,56.768,57.265,57.771,58.291,58.825,59.366,59.91,60.459,61.015,61.585,62.171,62.769,63.377,63.984,64.582,65.162,65.715,66.239,66.731,67.193,67.633,68.055,68.461,68.852,69.226,69.583,69.923,70.248,70.558,70.857,71.146,71.427,71.701,71.968,72.226,72.474,72.713,72.944,73.169,73.39,73.612,73.834,74.06,
Peru,PER,"Life expectancy at birth, total (years)",SP.DYN.LE00.IN,48.012,48.628,49.224,49.792,50.334,50.872,51.432,52.038,52.702,53.42,54.174,54.935,55.671,56.36,56.994,57.575,58.114,58.636,59.158,59.691,60.24,60.804,61.378,61.958,62.542,63.132,63.731,64.338,64.949,65.56,66.165,66.757,67.33,67.88,68.405,68.903,69.378,69.834,70.274,70.7,71.111,71.505,71.882,72.24,72.581,72.908,73.222,73.528,73.826,74.12,74.41,74.697,74.981,75.258,75.529,75.792,76.044,76.286,76.516,76.736,
Peru,PER,"Life expectancy at birth, female (years)",SP.DYN.LE00.FE.IN,49.56,50.204,50.826,51.416,51.978,52.532,53.107,53.729,54.41,55.148,55.923,56.708,57.47,58.185,58.846,59.454,60.02,60.567,61.116,61.673,62.247,62.84,63.446,64.06,64.68,65.303,65.929,66.553,67.171,67.778,68.372,68.948,69.506,70.046,70.566,71.068,71.552,72.022,72.478,72.922,73.353,73.768,74.166,74.547,74.913,75.263,75.602,75.931,76.254,76.572,76.888,77.207,77.527,77.846,78.161,78.468,78.759,79.031,79.28,79.507,
Philippines,PHL,"Life expectancy at birth, male (years)",SP.DYN.LE00.MA.IN,58.974,59.378,59.724,60.011,60.242,60.422,60.554,60.647,60.709,60.747,60.762,60.75,60.712,60.654,60.586,60.526,60.49,60.489,60.532,60.621,60.749,60.903,61.068,61.236,61.409,61.602,61.838,62.131,62.485,62.89,63.327,63.769,64.189,64.56,64.868,65.105,65.269,65.376,65.444,65.481,65.499,65.508,65.515,65.529,65.555,65.597,65.653,65.718,65.789,65.868,65.957,66.062,66.185,66.326,66.48,66.644,66.81,66.971,67.123,67.263,
Philippines,PHL,"Life expectancy at birth, total (years)",SP.DYN.LE00.IN,61.105,61.509,61.86,62.16,62.411,62.618,62.784,62.915,63.017,63.097,63.155,63.19,63.202,63.197,63.185,63.183,63.206,63.263,63.362,63.503,63.677,63.87,64.067,64.26,64.451,64.655,64.895,65.186,65.534,65.933,66.366,66.811,67.239,67.628,67.962,68.231,68.431,68.574,68.675,68.744,68.793,68.835,68.88,68.937,69.013,69.112,69.233,69.37,69.515,69.667,69.823,69.984,70.149,70.315,70.481,70.644,70.802,70.952,71.095,71.231,
Philippines,PHL,"Life expectancy at birth, female (years)",SP.DYN.LE00.FE.IN,63.21,63.63,64.004,64.333,64.622,64.873,65.089,65.273,65.43,65.565,65.68,65.773,65.845,65.904,65.957,66.021,66.109,66.231,66.39,66.587,66.81,67.045,67.276,67.495,67.704,67.919,68.161,68.448,68.788,69.176,69.6,70.042,70.475,70.878,71.236,71.537,71.773,71.954,72.092,72.197,72.281,72.36,72.446,72.552,72.684,72.85,73.049,73.275,73.515,73.764,74.012,74.25,74.471,74.673,74.851,75.007,75.143,75.268,75.387,75.505,
Palau,PLW,"Life expectancy at birth, male (years)",SP.DYN.LE00.MA.IN,,,,,,,,,,,,,,,,,,,,,,,,,,,,,,,63.44,,,,,67.03,,,,,66.64,,,,,66.3,,,,,,,,,,,,,,,
Palau,PLW,"Life expectancy at birth, total (years)",SP.DYN.LE00.IN,,,,,,,,,,,,,,,,,,,,,,,,,,,,,,,69.06926829,,,,,71.84463415,,,,,70.49365854,,,,,69.12926829,,,,,,,,,,,,,,,
Palau,PLW,"Life expectancy at birth, female (years)",SP.DYN.LE00.FE.IN,,,,,,,,,,,,,,,,,,,,,,,,,,,,,,,74.98,,,,,76.9,,,,,74.54,,,,,72.1,,,,,,,,,,,,,,,
Papua New Guinea,PNG,"Life expectancy at birth, male (years)",SP.DYN.LE00.MA.IN,38.449,39.007,39.584,40.193,40.839,41.523,42.235,42.961,43.688,44.41,45.126,45.839,46.554,47.269,47.978,48.672,49.344,49.983,50.584,51.141,51.649,52.106,52.516,52.888,53.229,53.548,53.855,54.158,54.463,54.774,55.093,55.416,55.738,56.052,56.356,56.648,56.925,57.188,57.439,57.683,57.923,58.166,58.417,58.678,58.952,59.237,59.53,59.825,60.119,60.411,60.702,60.997,61.297,61.603,61.911,62.215,62.508,62.784,63.039,63.271,
Papua New Guinea,PNG,"Life expectancy at birth, total (years)",SP.DYN.LE00.IN,38.935,39.542,40.167,40.817,41.495,42.201,42.931,43.676,44.425,45.173,45.916,46.653,47.383,48.105,48.815,49.512,50.197,50.867,51.518,52.145,52.735,53.276,53.763,54.197,54.581,54.925,55.242,55.548,55.855,56.168,56.492,56.823,57.152,57.473,57.781,58.073,58.344,58.594,58.828,59.049,59.265,59.487,59.722,59.974,60.245,60.534,60.836,61.141,61.442,61.739,62.029,62.316,62.604,62.892,63.181,63.466,63.744,64.01,64.263,64.501,
Papua New Guinea,PNG,"Life expectancy at birth, female (years)",SP.DYN.LE00.FE.IN,39.515,40.18,40.861,41.559,42.273,43.004,43.752,44.514,45.284,46.057,46.826,47.584,48.327,49.054,49.762,50.459,51.156,51.858,52.565,53.269,53.95,54.586,55.161,55.665,56.098,56.471,56.799,57.106,57.412,57.724,58.047,58.38,58.712,59.033,59.341,59.628,59.889,60.123,60.334,60.527,60.715,60.91,61.124,61.362,61.628,61.919,62.228,62.542,62.853,63.155,63.446,63.727,64.002,64.274,64.543,64.809,65.07,65.326,65.576,65.82,
Poland,POL,"Life expectancy at birth, male (years)",SP.DYN.LE00.MA.IN,64.9,64.9,64.5,65.4,65.8,66.6,66.9,66.4,67,66.5,66.6,66.1,67.3,67.2,67.8,67,66.9,66.5,66.4,66.8,66,67.1,67.2,67,66.8,66.5,66.8,66.8,67.2,66.8,66.5,66.1,66.7,67.4,67.5,67.6,68.1,68.5,68.9,68.8,69.7,70.2,70.4,70.5,70.7,70.8,70.9,71,71.3,71.5,72.1,72.5,72.6,73,73.7,73.5,73.9,73.9,73.7,74.1,
Poland,POL,"Life expectancy at birth, total (years)",SP.DYN.LE00.IN,67.6804878,67.77804878,67.42682927,68.37560976,68.62926829,69.42926829,69.82682927,69.42439024,70.2195122,69.7195122,69.86829268,69.61219512,70.66585366,70.66341463,71.11707317,70.56097561,70.65609756,70.40243902,70.35121951,70.75121951,70.09756098,71.05121951,71.10243902,71,70.8,70.54878049,70.84878049,70.89756098,71.33170732,71.04390244,70.8902439,70.58780488,71.0902439,71.59512195,71.69512195,71.89268293,72.24634146,72.64634146,72.99756098,73.04390244,73.74878049,74.2,74.49756098,74.59756098,74.84634146,74.99512195,75.14390244,75.24390244,75.54390244,75.69512195,76.24634146,76.69512195,76.74634146,77,77.60243902,77.45121951,77.85121951,77.75365854,77.60243902,77.85609756,
Poland,POL,"Life expectancy at birth, female (years)",SP.DYN.LE00.FE.IN,70.6,70.8,70.5,71.5,71.6,72.4,72.9,72.6,73.6,73.1,73.3,73.3,74.2,74.3,74.6,74.3,74.6,74.5,74.5,74.9,74.4,75.2,75.2,75.2,75,74.8,75.1,75.2,75.67,75.5,75.5,75.3,75.7,76,76.1,76.4,76.6,77,77.3,77.5,78,78.4,78.8,78.9,79.2,79.4,79.6,79.7,80,80.1,80.6,81.1,81.1,81.2,81.7,81.6,82,81.8,81.7,81.8,
Pre-demographic dividend,PRE,"Life expectancy at birth, male (years)",SP.DYN.LE00.MA.IN,37.94295208,38.40016336,38.84993863,39.29212707,39.72767051,40.15936356,40.59000312,41.0224288,41.45812838,41.89704691,42.34128431,42.79252542,43.24888659,43.70537387,44.1564278,44.59382863,45.00765844,45.39198466,45.74403401,46.0638365,46.35498152,46.62427672,46.87856778,47.12134829,47.35096765,47.56149129,47.74466736,47.8934843,48.00629426,48.08746301,48.1402731,48.16790629,48.18095812,48.19120259,48.20907378,48.24771612,48.32065437,48.43936815,48.614901,48.85779557,49.17982301,49.58823723,50.07393967,50.62272647,51.2215241,51.85614316,52.51323441,53.18032422,53.84509996,54.49699334,55.12890337,55.73860518,56.32811118,56.89656412,57.43672067,57.9408389,58.40193185,58.81969459,59.19606915,59.53493841,
Pre-demographic dividend,PRE,"Life expectancy at birth, total (years)",SP.DYN.LE00.IN,39.13610018,39.59333523,40.04278896,40.4838264,40.91822302,41.34824147,41.77858683,42.21222046,42.65182711,43.09642672,43.54689744,44.00323862,44.46214902,44.91909321,45.370545,45.8119545,46.23825499,46.64665134,47.034782,47.401204,47.74488021,48.06643719,48.36639161,48.6442165,48.89652829,49.11878606,49.30595926,49.45620858,49.57202314,49.65896897,49.71935371,49.75580638,49.77500168,49.78742802,49.80334472,49.83519085,49.89658777,49.99897166,50.15476429,50.37559936,50.6737762,51.0589412,51.52350722,52.05507514,52.64148346,53.2699022,53.92744099,54.60056827,55.27598421,55.94318769,56.59345632,57.22415595,57.8355568,58.42601985,58.98778122,59.51195887,59.99193225,60.42745654,60.820942,61.17597806,
Pre-demographic dividend,PRE,"Life expectancy at birth, female (years)",SP.DYN.LE00.FE.IN,40.37601113,40.83244478,41.28110411,41.72061373,42.15221557,42.57988865,43.0086953,43.44323949,43.8857984,44.33604681,44.79245854,45.25324966,45.71360262,46.17051255,46.62113056,47.06586796,47.50646076,47.94254499,48.37280041,48.79383145,49.19902361,49.58093435,49.93312173,50.24915516,50.52411159,50.75472863,50.9404993,51.08732414,51.20265755,51.29394033,51.36333722,51.41068519,51.43987424,51.45789245,51.4747755,51.50196825,51.55178103,51.63690033,51.77038281,51.96445603,52.23420849,52.58961521,53.02612533,53.53351591,54.10122114,54.71755652,55.3702964,56.04529976,56.72816071,57.40776125,58.07452172,58.7241149,59.35631171,59.96774013,60.54967691,61.09342986,61.59130512,62.04436736,62.45490847,62.82695813,
Puerto Rico,PRI,"Life expectancy at birth, male (years)",SP.DYN.LE00.MA.IN,66.084,66.23,66.363,66.516,66.705,66.941,67.215,67.504,67.79,68.067,68.337,68.603,68.868,69.134,69.394,69.641,69.864,70.054,70.208,70.324,70.41,70.476,70.532,70.582,70.623,70.637,70.596,70.49,70.318,70.097,69.856,69.631,69.461,69.376,69.393,69.527,69.78,70.126,70.539,70.995,72.66,72.94,73.58,74.12,74.21,74.34,74.47,74.46,74.22,74.491,74.763,75.027,75.271,75.488,75.681,75.853,76.014,76.176,76.346,76.529,
Puerto Rico,PRI,"Life expectancy at birth, total (years)",SP.DYN.LE00.IN,68.71960976,68.94317073,69.14543902,69.356,69.59329268,69.8707561,70.18670732,70.5235122,70.86414634,71.20260976,71.53553659,71.85909756,72.16946341,72.46473171,72.73790244,72.98246341,73.19082927,73.36131707,73.49873171,73.60643902,73.7002439,73.79746341,73.90858537,74.03663415,74.17763415,74.30919512,74.40039024,74.43097561,74.39409756,74.29895122,74.16917073,74.03880488,73.94636585,73.92087805,73.97690244,74.12456098,74.36146341,74.66404878,75.00729268,75.3754878,76.68926829,77.06682927,77.7604878,78.07121951,78.17585366,78.29609756,78.41634146,78.42585366,77.96292683,78.191,78.41909756,78.64065854,78.84758537,79.03434146,79.20246341,79.3534878,79.49497561,79.63453659,79.77819512,79.9285122,
Puerto Rico,PRI,"Life expectancy at birth, female (years)",SP.DYN.LE00.FE.IN,71.487,71.792,72.067,72.338,72.626,72.947,73.307,73.694,74.092,74.495,74.894,75.278,75.636,75.962,76.249,76.491,76.684,76.834,76.954,77.053,77.155,77.285,77.454,77.664,77.91,78.165,78.395,78.569,78.674,78.711,78.698,78.667,78.656,78.693,78.79,78.952,79.172,79.429,79.699,79.975,80.92,81.4,82.15,82.22,82.34,82.45,82.56,82.59,81.893,82.076,82.258,82.435,82.603,82.758,82.9,83.029,83.15,83.266,83.382,83.498,
"Korea, Dem. People's Rep.",PRK,"Life expectancy at birth, male (years)",SP.DYN.LE00.MA.IN,48.424,48.708,48.998,49.427,50.07,50.945,52.01,53.142,54.243,55.277,56.228,57.095,57.902,58.665,59.386,60.059,60.682,61.251,61.768,62.237,62.662,63.053,63.414,63.754,64.074,64.397,64.752,65.131,65.505,65.833,65.997,65.858,65.36,64.521,63.417,62.229,61.192,60.5,60.272,60.526,61.182,62.078,62.993,63.757,64.31,64.653,64.849,65.018,65.251,65.567,65.96,66.402,66.838,67.229,67.563,67.838,68.06,68.253,68.435,68.615,
"Korea, Dem. People's Rep.",PRK,"Life expectancy at birth, total (years)",SP.DYN.LE00.IN,51.297,51.674,52.076,52.61,53.335,54.264,55.356,56.506,57.625,58.681,59.656,60.549,61.379,62.161,62.896,63.579,64.206,64.776,65.294,65.762,66.186,66.571,66.924,67.255,67.569,67.9,68.284,68.719,69.177,69.611,69.896,69.879,69.492,68.742,67.698,66.537,65.495,64.772,64.493,64.684,65.268,66.087,66.925,67.615,68.102,68.389,68.54,68.675,68.884,69.185,69.571,70.012,70.454,70.853,71.198,71.481,71.711,71.91,72.095,72.274,
"Korea, Dem. People's Rep.",PRK,"Life expectancy at birth, female (years)",SP.DYN.LE00.FE.IN,53.863,54.305,54.794,55.409,56.189,57.14,58.224,59.357,60.463,61.514,62.49,63.388,64.224,65.011,65.746,66.426,67.046,67.608,68.115,68.572,68.983,69.351,69.685,69.993,70.289,70.609,70.999,71.461,71.968,72.476,72.859,72.966,72.723,72.125,71.23,70.2,69.253,68.581,68.307,68.458,68.967,69.692,70.432,71.038,71.461,71.708,71.84,71.968,72.172,72.472,72.859,73.307,73.761,74.18,74.549,74.861,75.119,75.343,75.549,75.744,
Portugal,PRT,"Life expectancy at birth, male (years)",SP.DYN.LE00.MA.IN,60.529,60.901,61.264,61.617,61.962,62.302,62.642,62.987,63.339,63.701,64,63.6,65.3,64.5,64.8,64.7,65.3,66.5,67,67.9,67.8,68.2,69,68.9,69.1,69.4,69.9,70.3,70.3,70.9,70.6,70.6,70.8,71,71.5,71.8,71.7,71.9,72.2,72.5,72.9,73.4,73.7,74,74.5,74.9,75.2,75.2,75.5,75.8,76.1,77.3,77.3,77.6,78,78.1,78.1,78.4,78.3,78,
Portugal,PRT,"Life expectancy at birth, total (years)",SP.DYN.LE00.IN,63.27290244,63.68636585,64.09521951,64.4965122,64.89126829,65.28004878,65.66346341,66.04553659,66.42729268,66.81270732,67.07317073,66.77073171,68.32439024,67.52439024,68.0195122,68.3097561,68.86097561,70.01219512,70.31707317,71.16829268,71.21463415,71.61463415,72.41463415,72.26585366,72.51463415,72.81463415,73.26585366,73.66585366,73.71463415,74.26585366,73.96585366,74.01463415,74.31219512,74.51219512,74.91463415,75.31219512,75.26097561,75.41219512,75.71219512,75.96341463,76.31463415,76.81463415,77.06585366,77.2195122,77.67073171,78.07073171,78.4195122,78.32195122,78.52439024,78.72682927,79.02682927,80.47073171,80.37317073,80.72195122,81.12195122,81.12439024,81.12439024,81.42439024,81.32439024,80.68292683,
Portugal,PRT,"Life expectancy at birth, female (years)",SP.DYN.LE00.FE.IN,66.154,66.611,67.068,67.52,67.967,68.407,68.836,69.257,69.67,70.08,70.3,70.1,71.5,70.7,71.4,72.1,72.6,73.7,73.8,74.6,74.8,75.2,76,75.8,76.1,76.4,76.8,77.2,77.3,77.8,77.5,77.6,78,78.2,78.5,79,79,79.1,79.4,79.6,79.9,80.4,80.6,80.6,81,81.4,81.8,81.6,81.7,81.8,82.1,83.8,83.6,84,84.4,84.3,84.3,84.6,84.5,83.5,
Paraguay,PRY,"Life expectancy at birth, male (years)",SP.DYN.LE00.MA.IN,61.862,62.089,62.301,62.491,62.655,62.796,62.919,63.037,63.16,63.29,63.432,63.586,63.749,63.916,64.087,64.261,64.437,64.614,64.789,64.961,65.125,65.277,65.417,65.547,65.669,65.79,65.919,66.062,66.224,66.403,66.594,66.788,66.976,67.155,67.324,67.491,67.666,67.859,68.075,68.313,68.565,68.821,69.069,69.301,69.515,69.715,69.907,70.101,70.304,70.516,70.735,70.958,71.176,71.384,71.577,71.752,71.906,72.041,72.159,72.263,
Paraguay,PRY,"Life expectancy at birth, total (years)",SP.DYN.LE00.IN,63.881,64.105,64.314,64.5,64.659,64.793,64.908,65.015,65.124,65.241,65.368,65.506,65.653,65.806,65.964,66.13,66.302,66.481,66.664,66.847,67.026,67.192,67.343,67.479,67.603,67.723,67.85,67.993,68.157,68.343,68.545,68.753,68.958,69.152,69.335,69.511,69.69,69.88,70.087,70.31,70.546,70.786,71.023,71.249,71.464,71.667,71.862,72.055,72.251,72.45,72.653,72.86,73.068,73.274,73.473,73.662,73.836,73.992,74.131,74.254,
Paraguay,PRY,"Life expectancy at birth, female (years)",SP.DYN.LE00.FE.IN,65.824,66.051,66.263,66.451,66.611,66.745,66.858,66.96,67.063,67.171,67.287,67.414,67.549,67.691,67.841,68.002,68.176,68.363,68.56,68.762,68.962,69.149,69.318,69.467,69.599,69.724,69.853,69.998,70.168,70.362,70.576,70.801,71.023,71.236,71.436,71.626,71.811,72,72.198,72.407,72.625,72.851,73.077,73.301,73.519,73.73,73.932,74.128,74.318,74.504,74.69,74.882,75.08,75.284,75.494,75.701,75.901,76.085,76.25,76.396,
West Bank and Gaza,PSE,"Life expectancy at birth, male (years)",SP.DYN.LE00.MA.IN,,,,,,,,,,,,,,,,,,,,,,,,,,,,,,,66.638,67.017,67.373,67.706,68.02,68.315,68.591,68.848,69.086,69.31,69.519,69.718,69.907,70.089,70.263,70.429,70.585,70.728,70.86,70.983,71.102,71.223,71.35,71.485,71.631,71.785,71.945,72.106,72.263,72.416,
West Bank and Gaza,PSE,"Life expectancy at birth, total (years)",SP.DYN.LE00.IN,,,,,,,,,,,,,,,,,,,,,,,,,,,,,,,68.048,68.433,68.795,69.135,69.455,69.757,70.041,70.309,70.56,70.797,71.022,71.239,71.447,71.648,71.842,72.028,72.203,72.366,72.517,72.656,72.788,72.915,73.041,73.17,73.303,73.442,73.589,73.74,73.895,74.053,
West Bank and Gaza,PSE,"Life expectancy at birth, female (years)",SP.DYN.LE00.FE.IN,,,,,,,,,,,,,,,,,,,,,,,,,,,,,,,69.46,69.854,70.224,70.572,70.902,71.216,71.514,71.797,72.066,72.324,72.572,72.812,73.044,73.269,73.487,73.695,73.893,74.078,74.25,74.409,74.556,74.691,74.817,74.938,75.057,75.178,75.307,75.446,75.595,75.755,
Pacific island small states,PSS,"Life expectancy at birth, male (years)",SP.DYN.LE00.MA.IN,55.16311542,55.57960875,55.97134892,56.34201307,56.69303726,57.02287981,57.32930957,57.61073448,57.87074853,58.11593127,58.35665276,58.60325687,58.86268844,59.14062904,59.43849488,59.75492493,60.08564382,60.42093188,60.75181923,61.0731186,61.38071247,61.67245111,61.94838799,62.20892106,62.45036915,62.67109206,62.86675089,63.03975954,63.19172613,63.32700558,63.44835717,63.55819644,63.66096385,63.76414552,63.87189499,63.99598056,64.14526729,64.32128591,64.52262954,64.74623427,64.98133303,65.21635488,65.43970337,65.64334394,65.82506902,65.98646883,66.13553261,66.28265968,66.43668404,66.60133038,66.77766898,66.964102,67.15414484,67.34110122,67.52134565,67.69126211,67.84810207,67.99237313,68.12672751,68.25209777,
Pacific island small states,PSS,"Life expectancy at birth, total (years)",SP.DYN.LE00.IN,56.50557677,56.95921742,57.38946913,57.79953094,58.18991482,58.55976678,58.90521024,59.22562708,59.52206848,59.80111309,60.07020708,60.33939346,60.61533359,60.90290499,61.20434899,61.51921987,61.84402468,62.17014588,62.4916786,62.80347862,63.10287398,63.38967463,63.66330436,63.92153648,64.1617045,64.37765823,64.56443844,64.91773882,64.85365701,64.96467399,65.09730049,65.14505067,65.2276535,65.31503197,65.41458188,65.59631684,65.68650916,65.86789169,66.07608922,66.33964215,66.55714298,66.79805865,67.03312837,67.25015595,67.44566844,67.63693106,67.78614146,67.94835734,68.11680769,68.29563224,68.48523385,68.68298504,68.88200361,69.07737595,69.26553985,69.44447786,69.61374205,69.77428325,69.9290488,70.07973149,
Pacific island small states,PSS,"Life expectancy at birth, female (years)",SP.DYN.LE00.FE.IN,58.24505945,58.74363442,59.21678865,59.66427768,60.08723748,60.48415157,60.85486605,61.20058872,61.52459205,61.8316715,62.1279556,62.4207699,62.71485907,63.01247854,63.31689221,63.62750639,63.94181479,64.25481414,64.56131188,64.85919589,65.14736544,65.4262089,65.69449138,65.94893417,66.18437954,66.39214609,66.5633668,66.69741074,66.79772242,66.87134967,66.92694355,66.97288696,67.01961923,67.07784822,67.15565636,67.26208757,67.40466678,67.5808381,67.78698899,68.01722977,68.26386739,68.51419147,68.75837985,68.98929492,69.20246863,69.39939732,69.58532739,69.76916951,69.95785875,70.15517134,70.36054846,70.56914325,70.77630576,70.9772423,71.16974982,71.3535999,71.53024304,71.70295327,71.87480988,72.04778482,
Post-demographic dividend,PST,"Life expectancy at birth, male (years)",SP.DYN.LE00.MA.IN,66.02946765,66.4038393,66.365549,66.50852593,66.85955717,66.91377885,67.10673895,67.31012461,67.11396896,67.31839637,67.63478609,67.89216261,68.12612796,68.29679063,68.68445963,69.01089421,69.24565071,69.53752011,69.63589873,69.872695,69.91728444,70.22100624,70.55788745,70.68765256,70.9657165,71.12654955,71.39972656,71.69441451,71.80807854,72.03996432,72.13465644,72.25013519,72.43931272,72.49060817,72.7268062,72.76683167,73.20865425,73.60650919,73.8622101,74.05202283,74.32207538,74.65460739,74.80840377,74.97892593,75.42250784,75.53428444,75.87550209,76.15311837,76.3412276,76.70165204,76.9573823,77.24708067,77.43124794,77.63728345,77.90643466,77.81064526,77.95488983,78.04021012,78.13309899,78.24163683,
Post-demographic dividend,PST,"Life expectancy at birth, total (years)",SP.DYN.LE00.IN,68.81445589,69.21931214,69.22015927,69.42250335,69.82739581,69.91366467,70.15768999,70.39984784,70.32376889,70.51982277,70.83376615,71.11224735,71.34880757,71.51155494,71.88992746,72.2363838,72.47302676,72.81482287,72.94950796,73.24453028,73.27548609,73.59298078,73.9187892,74.02752552,74.31730129,74.46014228,74.7096464,74.99714957,75.09938253,75.35011815,75.47926214,75.60470972,75.80671176,75.80929501,76.05934228,76.07522806,76.43888891,76.78258302,76.99917642,77.11641209,77.35564394,77.64789127,77.78723898,77.91472665,78.34048534,78.43332159,78.75815182,79.01182061,79.15435062,79.47737457,79.68608163,79.95285005,80.08663174,80.26792128,80.52708505,80.39483192,80.54900335,80.59669243,80.69348847,80.79473361,
Post-demographic dividend,PST,"Life expectancy at birth, female (years)",SP.DYN.LE00.FE.IN,71.73290554,72.17009507,72.21228013,72.47722705,72.93942266,73.06055997,73.35931629,73.64383544,73.6934473,73.88385039,74.19751905,74.49976254,74.74009919,74.89605269,75.2664613,75.63517312,75.87456251,76.26879416,76.44159526,76.79724928,76.81410071,77.14570182,77.45943496,77.54541309,77.84650653,77.96942637,78.19328025,78.47254649,78.56231544,78.83524835,79.00073325,79.13843115,79.35588455,79.30787294,79.57355204,79.5664711,79.84792161,80.13436521,80.30924286,80.35214767,80.56017517,80.8105084,80.93537317,81.01753101,81.42558786,81.50017736,81.80815454,82.03719419,82.1322975,82.41464207,82.57216268,82.81445037,82.89464559,83.04964797,83.29897685,83.12732058,83.2914141,83.29917343,83.40090927,83.49380207,
French Polynesia,PYF,"Life expectancy at birth, male (years)",SP.DYN.LE00.MA.IN,54.899,55.29,55.637,55.969,56.305,56.659,57.031,57.409,57.782,58.151,58.51,58.855,59.186,59.507,59.827,60.165,60.544,60.975,61.459,61.991,62.548,63.102,63.625,64.098,64.516,64.887,65.23,65.568,65.921,66.291,66.673,67.052,67.414,67.747,68.052,68.333,68.598,68.861,69.136,69.429,69.75,70.108,70.498,70.913,71.343,71.774,72.186,72.565,72.903,73.199,73.458,73.694,73.925,74.162,74.41,74.667,74.924,75.171,75.401,75.612,
French Polynesia,PYF,"Life expectancy at birth, total (years)",SP.DYN.LE00.IN,56.282,56.708,57.093,57.465,57.845,58.242,58.654,59.061,59.452,59.827,60.183,60.518,60.836,61.149,61.469,61.823,62.239,62.728,63.291,63.916,64.576,65.234,65.854,66.407,66.883,67.278,67.604,67.888,68.156,68.424,68.704,69.007,69.332,69.678,70.044,70.426,70.815,71.202,71.58,71.946,72.303,72.658,73.017,73.382,73.751,74.116,74.466,74.793,75.092,75.363,75.611,75.844,76.074,76.307,76.546,76.787,77.024,77.251,77.462,77.657,
French Polynesia,PYF,"Life expectancy at birth, female (years)",SP.DYN.LE00.FE.IN,57.888,58.354,58.781,59.202,59.636,60.087,60.547,60.992,61.405,61.788,62.139,62.459,62.759,63.058,63.374,63.743,64.203,64.766,65.429,66.176,66.971,67.767,68.513,69.171,69.72,70.145,70.446,70.656,70.813,70.946,71.092,71.293,71.568,71.924,72.363,72.866,73.406,73.941,74.441,74.891,75.285,75.628,75.94,76.238,76.524,76.802,77.07,77.326,77.569,77.801,78.025,78.246,78.467,78.688,78.909,79.127,79.339,79.539,79.725,79.898,
Qatar,QAT,"Life expectancy at birth, male (years)",SP.DYN.LE00.MA.IN,59.214,60.048,60.887,61.727,62.562,63.381,64.171,64.92,65.623,66.276,66.884,67.455,68,68.529,69.047,69.554,70.049,70.525,70.98,71.413,71.823,72.211,72.581,72.933,73.268,73.587,73.89,74.178,74.45,74.706,74.945,75.165,75.366,75.549,75.717,75.87,76.012,76.145,76.273,76.399,76.527,76.658,76.793,76.931,77.073,77.219,77.366,77.512,77.656,77.796,77.932,78.063,78.188,78.311,78.433,78.558,78.69,78.83,78.981,79.142,
Qatar,QAT,"Life expectancy at birth, total (years)",SP.DYN.LE00.IN,61.094,61.851,62.61,63.369,64.123,64.866,65.588,66.282,66.942,67.567,68.156,68.713,69.245,69.758,70.254,70.734,71.198,71.644,72.072,72.48,72.869,73.239,73.589,73.922,74.237,74.537,74.821,75.091,75.349,75.593,75.824,76.041,76.241,76.427,76.599,76.759,76.909,77.052,77.19,77.327,77.467,77.612,77.762,77.919,78.083,78.252,78.425,78.601,78.775,78.945,79.108,79.26,79.399,79.527,79.646,79.758,79.868,79.981,80.1,80.227,
Qatar,QAT,"Life expectancy at birth, female (years)",SP.DYN.LE00.FE.IN,63.344,64.024,64.705,65.386,66.066,66.742,67.409,68.061,68.691,69.297,69.875,70.424,70.945,71.441,71.912,72.356,72.773,73.164,73.531,73.876,74.202,74.51,74.804,75.085,75.357,75.623,75.883,76.139,76.39,76.636,76.877,77.111,77.337,77.553,77.761,77.961,78.155,78.343,78.53,78.715,78.9,79.086,79.273,79.459,79.646,79.833,80.018,80.202,80.383,80.559,80.73,80.893,81.049,81.198,81.34,81.477,81.61,81.743,81.876,82.01,
Romania,ROU,"Life expectancy at birth, male (years)",SP.DYN.LE00.MA.IN,63.86,64.591,65.152,65.504,65.648,65.632,65.538,65.463,65.481,65.612,65.853,66.27,66.28,66.83,67.29,67.37,67.45,67.42,67.1,66.68,66.53,66.7,66.8,66.98,66.81,66.78,66.55,66.3,66.51,66.56,66.59,66.56,66.56,66.1,65.9,65.7,65.3,65.2,66.1,67,67.7,67.6,67.4,67.7,68,68.4,68.7,69.2,69.2,69.7,69.8,70.8,70.9,71.6,71.3,71.4,71.6,71.7,71.7,71.8,
Romania,ROU,"Life expectancy at birth, total (years)",SP.DYN.LE00.IN,65.64243902,66.41587805,67.02907317,67.44107317,67.65043902,67.69785366,67.65946341,67.62690244,67.6712439,67.81492683,68.05641463,68.50414634,68.4702439,69.00560976,69.4997561,69.61390244,69.69878049,69.74195122,69.4804878,69.15317073,69.09097561,69.36829268,69.53170732,69.72634146,69.65878049,69.70682927,69.49634146,69.22682927,69.38804878,69.53073171,69.74121951,69.78439024,69.78439024,69.56341463,69.5097561,69.45609756,69.10487805,69.00487805,69.80731707,70.51219512,71.16341463,71.16097561,71.0097561,71.3097561,71.56097561,71.91219512,72.16341463,72.56585366,72.56585366,73.3097561,73.45853659,74.4097561,74.41219512,75.06341463,74.9097561,74.91219512,75.2097561,75.3097561,75.35853659,75.45853659,
Romania,ROU,"Life expectancy at birth, female (years)",SP.DYN.LE00.FE.IN,67.514,68.332,69,69.475,69.753,69.867,69.887,69.899,69.971,70.128,70.37,70.85,70.77,71.29,71.82,71.97,72.06,72.18,71.98,71.75,71.78,72.17,72.4,72.61,72.65,72.78,72.59,72.3,72.41,72.65,73.05,73.17,73.17,73.2,73.3,73.4,73.1,73,73.7,74.2,74.8,74.9,74.8,75.1,75.3,75.6,75.8,76.1,76.1,77.1,77.3,78.2,78.1,78.7,78.7,78.6,79,79.1,79.2,79.3,
Russian Federation,RUS,"Life expectancy at birth, male (years)",SP.DYN.LE00.MA.IN,62.067,62.578,62.958,63.216,63.367,63.433,63.433,63.386,63.308,63.212,63.08,63.24,63.25,63.28,63.13,62.48,62.19,61.83,61.83,61.49,61.39,61.62,62.25,62.16,61.71,62.73,64.78,64.84,64.64,64.24,63.73,63.45,62,58.97,57.55,58.12,59.62,60.85,61.22,59.87,59.03,58.92,58.68,58.53,58.91,58.92,60.43,61.46,61.92,62.87,63.09,64.04,64.56,65.13,65.29,65.92,66.5,67.51,67.75,68.24,
Russian Federation,RUS,"Life expectancy at birth, total (years)",SP.DYN.LE00.IN,66.05529268,66.59702439,67.02141463,67.33990244,67.5665122,67.71885366,67.8125122,67.86014634,67.87434146,67.86712195,68.13365854,68.37658537,68.30853659,68.29463415,68.3202439,67.72390244,67.48756098,67.37634146,67.39097561,67.11439024,67.03390244,67.26390244,67.80609756,67.65268293,67.20268293,67.85682927,69.3897561,69.44,69.46439024,69.17170732,68.88609756,68.47439024,66.87317073,64.93585366,64.46707317,64.69073171,65.85414634,66.69878049,67.0297561,65.98219512,65.48365854,65.38341463,65.12878049,65.02756098,65.47097561,65.5297561,66.72756098,67.58682927,67.94926829,68.68463415,68.84121951,69.68390244,70.07219512,70.57878049,70.74365854,71.18341463,71.65121951,72.45146341,72.66219512,73.08390244,
Russian Federation,RUS,"Life expectancy at birth, female (years)",SP.DYN.LE00.FE.IN,70.243,70.817,71.288,71.67,71.976,72.219,72.411,72.558,72.669,72.755,73.44,73.77,73.62,73.56,73.77,73.23,73.05,73.2,73.23,73.02,72.96,73.19,73.64,73.42,72.97,73.24,74.23,74.27,74.53,74.35,74.3,73.75,71.99,71.2,71.73,71.59,72.4,72.84,73.13,72.4,72.26,72.17,71.9,71.85,72.36,72.47,73.34,74.02,74.28,74.79,74.88,75.61,75.86,76.3,76.47,76.71,77.06,77.64,77.82,78.17,
Rwanda,RWA,"Life expectancy at birth, male (years)",SP.DYN.LE00.MA.IN,41.145,41.479,41.793,42.08,42.335,42.553,42.728,42.867,42.978,43.072,43.156,43.235,43.321,43.433,43.591,43.843,44.241,44.793,45.477,46.253,47.122,48.092,49.075,49.922,50.459,50.246,48.782,45.946,41.888,36.961,31.941,27.8,25.288,24.834,26.481,29.87,34.303,38.84,42.748,45.734,47.749,49.009,50.006,51.122,52.449,54.006,55.727,57.449,59.04,60.457,61.672,62.683,63.527,64.245,64.854,65.371,65.81,66.187,66.518,66.821,
Rwanda,RWA,"Life expectancy at birth, total (years)",SP.DYN.LE00.IN,42.616,42.941,43.251,43.54,43.803,44.034,44.225,44.38,44.505,44.609,44.696,44.772,44.848,44.945,45.084,45.315,45.692,46.225,46.895,47.661,48.527,49.498,50.487,51.342,51.888,51.685,50.233,47.409,43.361,38.439,33.413,29.248,26.691,26.172,27.738,31.037,35.38,39.838,43.686,46.639,48.649,49.936,50.987,52.178,53.595,55.254,57.083,58.915,60.612,62.129,63.433,64.523,65.438,66.219,66.884,67.45,67.93,68.341,68.7,69.024,
Rwanda,RWA,"Life expectancy at birth, female (years)",SP.DYN.LE00.FE.IN,44.063,44.378,44.683,44.973,45.244,45.488,45.697,45.871,46.012,46.129,46.224,46.299,46.369,46.453,46.575,46.786,47.141,47.655,48.309,49.064,49.924,50.895,51.889,52.752,53.308,53.118,51.685,48.883,44.86,39.959,34.941,30.761,28.161,27.571,29.042,32.232,36.463,40.821,44.593,47.499,49.497,50.808,51.912,53.175,54.681,56.438,58.371,60.308,62.107,63.719,65.11,66.275,67.258,68.101,68.821,69.434,69.954,70.398,70.784,71.132,
South Asia,SAS,"Life expectancy at birth, male (years)",SP.DYN.LE00.MA.IN,42.8040196,43.42704486,44.04697053,44.66287942,45.27358639,45.87324119,46.45526605,47.0156306,47.55436948,48.07319341,48.58299272,49.09616653,49.62289665,50.1669038,50.72618781,51.29369302,51.85823753,52.4072124,52.93037576,53.42360841,53.88353469,54.30817318,54.70416682,55.08124322,55.44431018,55.80363467,56.16788552,56.5434499,56.9333922,57.33930982,57.76020739,58.19457125,58.63454446,59.07519081,59.51436332,59.94894781,60.37849091,60.80135143,61.21803337,61.6257169,62.0231349,62.41154778,62.79169554,63.16716121,63.5381329,63.91053674,64.28709201,64.66869649,65.05370232,65.4385367,65.81770678,66.18631141,66.53617977,66.86530064,67.17033879,67.45098225,67.70961654,67.94940297,68.17592292,68.39121963,
South Asia,SAS,"Life expectancy at birth, total (years)",SP.DYN.LE00.IN,42.12020816,42.74247871,43.36653563,43.99143797,44.61552081,45.23222477,45.83521832,46.41881233,46.98240038,47.52899842,48.07016801,48.62377828,49.20067526,49.80486862,50.43138091,51.07060799,51.7077331,52.3245296,52.90934316,53.45632849,53.95884444,54.41704975,54.84126704,55.24177036,55.62692868,56.00894442,56.40006974,56.80523584,57.23094945,57.67713345,58.14480093,58.63004674,59.12313452,59.61690857,60.10686437,60.58985547,61.06099231,61.52176469,61.9697088,62.40431133,62.82398281,63.22899212,63.62377106,64.01139646,64.39518784,64.78317085,65.17993289,65.58771357,66.00524977,66.42785669,66.8487685,67.25831619,67.64633754,68.00771543,68.34020332,68.64190072,68.9161581,69.17132773,69.41226994,69.64361743,
South Asia,SAS,"Life expectancy at birth, female (years)",SP.DYN.LE00.FE.IN,41.40496526,42.02704117,42.65556156,43.29025448,43.92955121,44.56711636,45.19247215,45.80078714,46.39077793,46.96744581,47.54540737,48.14355877,48.77539172,49.44496202,50.14563061,50.86510796,51.58171428,52.27500868,52.92789306,53.53197561,54.08141624,54.57493803,55.02640261,55.44993066,55.85699728,56.26039102,56.67601128,57.11075996,57.57160478,58.0597514,58.57597586,59.11384406,59.66339068,60.21375231,60.75868855,61.29247752,61.80839684,62.30675005,62.78733127,63.2476138,63.6889307,64.11073841,64.51815854,64.91843151,65.31566085,65.72037897,66.14024795,66.5781294,67.03303866,67.49868592,67.96539664,68.4212493,68.8521556,69.25124765,69.61356602,69.93969932,70.23338128,70.50574254,70.76422541,71.01399047,
Saudi Arabia,SAU,"Life expectancy at birth, male (years)",SP.DYN.LE00.MA.IN,43.677,44.19,44.715,45.262,45.842,46.474,47.176,47.957,48.82,49.762,50.78,51.864,52.995,54.147,55.299,56.429,57.52,58.564,59.555,60.484,61.352,62.162,62.926,63.653,64.344,64.996,65.603,66.159,66.666,67.127,67.551,67.947,68.327,68.696,69.061,69.421,69.777,70.119,70.443,70.743,71.015,71.251,71.451,71.618,71.759,71.883,72.005,72.136,72.282,72.446,72.625,72.808,72.984,73.147,73.293,73.425,73.548,73.671,73.799,73.935,
Saudi Arabia,SAU,"Life expectancy at birth, total (years)",SP.DYN.LE00.IN,45.638,46.145,46.665,47.207,47.781,48.408,49.107,49.888,50.751,51.692,52.703,53.771,54.872,55.981,57.078,58.148,59.179,60.169,61.116,62.016,62.863,63.66,64.411,65.122,65.795,66.43,67.028,67.589,68.116,68.611,69.078,69.522,69.945,70.349,70.733,71.099,71.445,71.766,72.06,72.327,72.561,72.759,72.92,73.051,73.159,73.256,73.355,73.467,73.598,73.75,73.917,74.089,74.254,74.402,74.533,74.651,74.761,74.874,74.998,75.133,
Saudi Arabia,SAU,"Life expectancy at birth, female (years)",SP.DYN.LE00.FE.IN,47.755,48.258,48.773,49.309,49.879,50.502,51.2,51.981,52.844,53.784,54.789,55.839,56.91,57.976,59.021,60.032,61.006,61.947,62.858,63.735,64.572,65.364,66.111,66.816,67.481,68.112,68.719,69.307,69.881,70.441,70.984,71.505,71.997,72.451,72.866,73.236,73.558,73.836,74.073,74.272,74.436,74.565,74.665,74.744,74.811,74.881,74.966,75.073,75.204,75.358,75.529,75.705,75.871,76.02,76.15,76.264,76.373,76.487,76.615,76.759,
Sudan,SDN,"Life expectancy at birth, male (years)",SP.DYN.LE00.MA.IN,46.793,47.213,47.626,48.035,48.439,48.843,49.248,49.652,50.051,50.44,50.81,51.156,51.469,51.748,51.989,52.193,52.36,52.496,52.612,52.712,52.806,52.899,52.996,53.099,53.213,53.337,53.468,53.602,53.737,53.877,54.025,54.189,54.372,54.58,54.813,55.07,55.349,55.644,55.953,56.276,56.614,56.972,57.354,57.76,58.187,58.636,59.106,59.591,60.082,60.567,61.031,61.457,61.838,62.17,62.453,62.693,62.9,63.09,63.277,63.467,
Sudan,SDN,"Life expectancy at birth, total (years)",SP.DYN.LE00.IN,48.194,48.618,49.035,49.446,49.852,50.257,50.663,51.069,51.469,51.86,52.234,52.583,52.901,53.184,53.43,53.638,53.807,53.946,54.061,54.161,54.253,54.342,54.435,54.534,54.645,54.768,54.901,55.039,55.182,55.334,55.5,55.687,55.899,56.14,56.41,56.709,57.032,57.374,57.73,58.096,58.472,58.859,59.258,59.67,60.092,60.525,60.969,61.422,61.879,62.33,62.764,63.171,63.542,63.875,64.169,64.429,64.663,64.881,65.095,65.311,
Sudan,SDN,"Life expectancy at birth, female (years)",SP.DYN.LE00.FE.IN,49.652,50.08,50.499,50.911,51.319,51.724,52.129,52.534,52.935,53.327,53.703,54.055,54.377,54.664,54.915,55.126,55.3,55.441,55.558,55.658,55.748,55.836,55.925,56.021,56.129,56.25,56.382,56.524,56.675,56.838,57.022,57.232,57.475,57.753,58.065,58.409,58.782,59.176,59.583,59.998,60.416,60.833,61.25,61.667,62.081,62.493,62.906,63.32,63.734,64.145,64.545,64.926,65.284,65.615,65.919,66.198,66.457,66.705,66.947,67.187,
Senegal,SEN,"Life expectancy at birth, male (years)",SP.DYN.LE00.MA.IN,37.466,37.613,37.686,37.693,37.655,37.603,37.57,37.595,37.713,37.952,38.342,38.904,39.625,40.479,41.445,42.489,43.573,44.661,45.723,46.739,47.713,48.665,49.619,50.583,51.542,52.47,53.332,54.098,54.744,55.257,55.627,55.849,55.951,55.966,55.926,55.863,55.808,55.788,55.829,55.955,56.196,56.57,57.066,57.663,58.343,59.081,59.848,60.611,61.342,62.017,62.62,63.144,63.602,64.007,64.365,64.683,64.972,65.242,65.501,65.757,
Senegal,SEN,"Life expectancy at birth, total (years)",SP.DYN.LE00.IN,38.223,38.38,38.462,38.477,38.449,38.407,38.386,38.424,38.558,38.816,39.227,39.814,40.562,41.445,42.442,43.521,44.641,45.767,46.869,47.927,48.944,49.94,50.938,51.945,52.946,53.914,54.813,55.61,56.283,56.818,57.202,57.43,57.529,57.535,57.48,57.404,57.342,57.323,57.376,57.523,57.787,58.177,58.675,59.259,59.912,60.62,61.365,62.126,62.88,63.607,64.284,64.898,65.448,65.939,66.37,66.747,67.078,67.38,67.665,67.941,
Senegal,SEN,"Life expectancy at birth, female (years)",SP.DYN.LE00.FE.IN,38.983,39.151,39.244,39.272,39.256,39.228,39.222,39.278,39.43,39.708,40.143,40.757,41.534,42.45,43.483,44.6,45.761,46.929,48.074,49.174,50.234,51.272,52.313,53.362,54.404,55.41,56.343,57.171,57.868,58.422,58.817,59.048,59.14,59.134,59.063,58.97,58.896,58.874,58.931,59.091,59.368,59.764,60.253,60.812,61.428,62.094,62.806,63.554,64.322,65.088,65.829,66.521,67.152,67.717,68.21,68.634,68.999,69.324,69.627,69.918,
Singapore,SGP,"Life expectancy at birth, male (years)",SP.DYN.LE00.MA.IN,62.293,62.755,63.142,63.453,63.699,63.898,64.074,64.255,64.463,64.714,65.016,65.369,65.759,66.173,66.606,67.048,67.493,67.937,68.377,68.812,69.8,70.1,70.2,70.5,70.9,71.5,72.1,72.5,72.6,72.8,73.1,73.5,73.8,73.9,74.1,74.1,74.4,74.8,75.3,75.6,76,76.3,76.6,76.6,77.1,77.6,77.8,78.1,78.4,78.9,79.2,79.5,79.8,80.1,80.3,80.5,80.7,80.9,81.2,81.4,
Singapore,SGP,"Life expectancy at birth, total (years)",SP.DYN.LE00.IN,65.65982927,66.08719512,66.4322439,66.70080488,66.91021951,67.08580488,67.25595122,67.44573171,67.67373171,67.95107317,68.27941463,68.65046341,69.04290244,69.44031707,69.83478049,70.21970732,70.59397561,70.96090244,71.32334146,71.68273171,72.1902439,72.58780488,72.68780488,73.03658537,73.2902439,73.8902439,74.24634146,74.54878049,74.69756098,74.94634146,75.29512195,75.64634146,75.94634146,76.04634146,76.19756098,76.29512195,76.59512195,76.89756098,77.3,77.55121951,77.95121951,78.25121951,78.55121951,79.03902439,79.4902439,79.9902439,80.14146341,80.44146341,80.7902439,81.24146341,81.54146341,81.74390244,81.99512195,82.24634146,82.49512195,82.74390244,82.84634146,83.09512195,83.29756098,83.49756098,
Singapore,SGP,"Life expectancy at birth, female (years)",SP.DYN.LE00.FE.IN,69.195,69.586,69.887,70.111,70.282,70.433,70.597,70.796,71.045,71.35,71.706,72.096,72.491,72.871,73.225,73.55,73.85,74.136,74.417,74.697,74.7,75.2,75.3,75.7,75.8,76.4,76.5,76.7,76.9,77.2,77.6,77.9,78.2,78.3,78.4,78.6,78.9,79.1,79.4,79.6,80,80.3,80.6,81.6,82,82.5,82.6,82.9,83.3,83.7,84,84.1,84.3,84.5,84.8,85.1,85.1,85.4,85.5,85.7,
Solomon Islands,SLB,"Life expectancy at birth, male (years)",SP.DYN.LE00.MA.IN,47.231,48.052,48.868,49.679,50.486,51.292,52.105,52.925,53.751,54.578,55.4,56.208,56.993,57.746,58.457,59.12,59.731,60.292,60.803,61.264,61.67,62.019,62.312,62.557,62.76,62.929,63.067,63.185,63.294,63.406,63.534,63.689,63.874,64.092,64.341,64.623,64.932,65.259,65.592,65.927,66.254,66.567,66.866,67.152,67.425,67.689,67.95,68.216,68.491,68.774,69.067,69.369,69.675,69.976,70.266,70.536,70.777,70.984,71.158,71.3,
Solomon Islands,SLB,"Life expectancy at birth, total (years)",SP.DYN.LE00.IN,48.123,48.939,49.749,50.555,51.357,52.157,52.962,53.771,54.584,55.396,56.203,56.998,57.774,58.522,59.233,59.899,60.515,61.079,61.591,62.05,62.453,62.798,63.091,63.338,63.547,63.724,63.872,63.998,64.114,64.231,64.365,64.527,64.725,64.961,65.237,65.552,65.903,66.278,66.665,67.057,67.442,67.816,68.175,68.518,68.845,69.158,69.462,69.762,70.063,70.366,70.674,70.985,71.296,71.601,71.896,72.173,72.424,72.645,72.835,72.996,
Solomon Islands,SLB,"Life expectancy at birth, female (years)",SP.DYN.LE00.FE.IN,49.723,50.523,51.318,52.108,52.891,53.667,54.44,55.21,55.977,56.738,57.494,58.242,58.98,59.7,60.396,61.058,61.679,62.255,62.781,63.253,63.669,64.025,64.327,64.582,64.797,64.975,65.118,65.234,65.334,65.431,65.544,65.689,65.874,66.104,66.384,66.714,67.091,67.501,67.93,68.368,68.807,69.238,69.658,70.066,70.457,70.831,71.19,71.539,71.881,72.217,72.547,72.87,73.184,73.486,73.774,74.043,74.287,74.505,74.697,74.866,
Sierra Leone,SLE,"Life expectancy at birth, male (years)",SP.DYN.LE00.MA.IN,30.491,30.868,31.265,31.687,32.136,32.608,33.098,33.595,34.092,34.584,35.07,35.555,36.041,36.525,37.003,37.467,37.913,38.331,38.711,39.043,39.315,39.519,39.653,39.716,39.706,39.613,39.427,39.156,38.817,38.436,38.033,37.63,37.256,36.945,36.73,36.655,36.755,37.033,37.483,38.099,38.861,39.745,40.708,41.712,42.726,43.731,44.721,45.699,46.664,47.602,48.497,49.337,50.117,50.833,51.485,52.068,52.586,53.049,53.468,53.853,
Sierra Leone,SLE,"Life expectancy at birth, total (years)",SP.DYN.LE00.IN,31.566,31.925,32.302,32.705,33.134,33.59,34.072,34.572,35.08,35.59,36.098,36.599,37.092,37.572,38.032,38.468,38.881,39.268,39.623,39.936,40.194,40.386,40.504,40.545,40.506,40.377,40.147,39.827,39.439,39.009,38.563,38.122,37.717,37.384,37.158,37.083,37.194,37.496,37.98,38.634,39.441,40.369,41.376,42.419,43.467,44.502,45.517,46.52,47.508,48.468,49.382,50.234,51.018,51.731,52.372,52.941,53.444,53.895,54.309,54.696,
Sierra Leone,SLE,"Life expectancy at birth, female (years)",SP.DYN.LE00.FE.IN,32.654,32.994,33.35,33.731,34.139,34.579,35.052,35.554,36.073,36.602,37.13,37.65,38.151,38.626,39.069,39.477,39.858,40.214,40.543,40.837,41.081,41.26,41.363,41.382,41.313,41.145,40.87,40.502,40.065,39.588,39.098,38.62,38.185,37.829,37.59,37.511,37.632,37.954,38.467,39.158,40.005,40.976,42.023,43.103,44.184,45.246,46.285,47.309,48.318,49.298,50.228,51.091,51.878,52.587,53.216,53.77,54.258,54.697,55.106,55.495,
El Salvador,SLV,"Life expectancy at birth, male (years)",SP.DYN.LE00.MA.IN,47.716,48.394,49.016,49.577,50.075,50.515,50.911,51.272,51.605,51.908,52.163,52.35,52.454,52.474,52.417,52.287,52.091,51.859,51.631,51.451,51.378,51.468,51.748,52.226,52.9,53.758,54.777,55.896,57.051,58.193,59.267,60.232,61.076,61.796,62.385,62.854,63.225,63.535,63.818,64.089,64.357,64.619,64.865,65.088,65.294,65.487,65.676,65.865,66.06,66.264,66.476,66.696,66.917,67.137,67.354,67.571,67.787,68.006,68.229,68.455,
El Salvador,SLV,"Life expectancy at birth, total (years)",SP.DYN.LE00.IN,49.95,50.621,51.256,51.847,52.391,52.893,53.36,53.803,54.226,54.628,54.998,55.32,55.586,55.793,55.948,56.052,56.11,56.142,56.178,56.248,56.394,56.658,57.058,57.601,58.283,59.097,60.025,61.024,62.044,63.05,64,64.858,65.617,66.273,66.824,67.277,67.651,67.978,68.284,68.581,68.875,69.162,69.432,69.68,69.908,70.124,70.333,70.542,70.756,70.978,71.21,71.449,71.692,71.935,72.175,72.412,72.644,72.872,73.096,73.317,
El Salvador,SLV,"Life expectancy at birth, female (years)",SP.DYN.LE00.FE.IN,52.251,52.907,53.552,54.177,54.777,55.351,55.904,56.443,56.973,57.494,57.999,58.483,58.94,59.369,59.773,60.153,60.51,60.855,61.201,61.562,61.961,62.417,62.939,63.532,64.192,64.918,65.702,66.522,67.352,68.17,68.948,69.663,70.306,70.874,71.363,71.781,72.143,72.469,72.779,73.081,73.378,73.665,73.936,74.185,74.416,74.633,74.842,75.051,75.264,75.484,75.714,75.955,76.203,76.453,76.703,76.949,77.188,77.417,77.635,77.842,
San Marino,SMR,"Life expectancy at birth, male (years)",SP.DYN.LE00.MA.IN,,,,,,,,,,,,,,,,,,,,,,,,,,,,,,,,,,,,,,,,,,,,,,,,,,,,,84.1,,,,,,,,
San Marino,SMR,"Life expectancy at birth, total (years)",SP.DYN.LE00.IN,,,,,,,,,,,,,,,,,,,,,,,,,,,,,,,,,,,,,,,,,,,,,,,,,,,,,85.41707317,,,,,,,,
San Marino,SMR,"Life expectancy at birth, female (years)",SP.DYN.LE00.FE.IN,,,,,,,,,,,,,,,,,,,,,,,,,,,,,,,,,,,,,,,,,,,,,,,,,,,,,86.8,,,,,,,,
Somalia,SOM,"Life expectancy at birth, male (years)",SP.DYN.LE00.MA.IN,35.481,35.874,36.27,36.669,37.07,37.473,37.875,38.274,38.669,39.059,39.445,39.828,40.211,40.594,40.976,41.358,41.742,42.126,42.504,42.873,43.23,43.577,43.908,44.213,44.479,44.664,44.719,44.634,44.432,44.157,43.903,43.786,43.885,44.242,44.85,45.655,46.562,47.454,48.237,48.872,49.349,49.695,49.976,50.248,50.529,50.829,51.148,51.472,51.793,52.114,52.441,52.783,53.143,53.521,53.912,54.308,54.697,55.067,55.41,55.725,
Somalia,SOM,"Life expectancy at birth, total (years)",SP.DYN.LE00.IN,36.976,37.374,37.773,38.175,38.578,38.982,39.384,39.783,40.179,40.57,40.957,41.342,41.727,42.111,42.494,42.876,43.259,43.639,44.013,44.375,44.726,45.068,45.394,45.696,45.961,46.146,46.2,46.115,45.912,45.634,45.378,45.26,45.361,45.721,46.337,47.151,48.067,48.967,49.754,50.392,50.869,51.213,51.492,51.762,52.043,52.346,52.669,52.998,53.326,53.654,53.99,54.342,54.713,55.104,55.509,55.92,56.324,56.709,57.068,57.397,
Somalia,SOM,"Life expectancy at birth, female (years)",SP.DYN.LE00.FE.IN,38.525,38.925,39.327,39.73,40.135,40.54,40.944,41.346,41.743,42.137,42.526,42.913,43.298,43.681,44.063,44.444,44.827,45.209,45.588,45.957,46.316,46.664,46.996,47.301,47.565,47.747,47.796,47.704,47.493,47.21,46.95,46.83,46.934,47.299,47.921,48.744,49.669,50.575,51.367,52.007,52.484,52.827,53.104,53.372,53.653,53.957,54.282,54.615,54.947,55.28,55.623,55.982,56.363,56.765,57.182,57.605,58.022,58.42,58.791,59.132,
Serbia,SRB,"Life expectancy at birth, male (years)",SP.DYN.LE00.MA.IN,,,,,,,,,,,,,,,,,,,,,,,,,,,,,,,,69,,,,,,69.6,,,68.9,69.6,69.7,69.9,70,70.2,70.8,70.9,71.3,71.4,71.8,72,72.3,72.6,72.8,72.8,73.2,73.1,73.5,73.1,
Serbia,SRB,"Life expectancy at birth, total (years)",SP.DYN.LE00.IN,,,,,,,,,,,,,,,,,,,,,,,,,,,,,,,,71.48780488,,,,,,72.03902439,,,71.58292683,72.23414634,72.28536585,72.43658537,72.68292683,72.83414634,73.38536585,73.63170732,73.88536585,73.98536585,74.33658537,74.53658537,74.83658537,75.18536585,75.33658537,75.28780488,75.68780488,75.53902439,75.8902439,75.68536585,
Serbia,SRB,"Life expectancy at birth, female (years)",SP.DYN.LE00.FE.IN,,,,,,,,,,,,,,,,,,,,,,,,,,,,,,,,74.1,,,,,,74.6,,,74.4,75,75,75.1,75.5,75.6,76.1,76.5,76.6,76.7,77,77.2,77.5,77.9,78,77.9,78.3,78.1,78.4,78.4,
Sub-Saharan Africa (excluding high income),SSA,"Life expectancy at birth, male (years)",SP.DYN.LE00.MA.IN,38.99055751,39.4311297,39.86249829,40.2830349,40.6928645,41.09434191,41.49023066,41.8845835,42.28088241,42.68077823,43.08655487,43.49925688,43.91678586,44.33485694,44.74929619,45.15688274,45.55401195,45.93828814,46.30766236,46.66045186,46.99557158,47.3130087,47.61131257,47.88697043,48.13384279,48.33959582,48.4909199,48.58148697,48.61295373,48.59596137,48.54657436,48.48484862,48.42644976,48.37958236,48.34482267,48.32580561,48.33197895,48.37752757,48.47562622,48.63913809,48.88378062,49.22126153,49.6539606,50.17692534,50.78104395,51.45452609,52.18210085,52.94185122,53.70988205,54.46689373,55.19628385,55.88881667,56.54423637,57.16075761,57.73247865,58.25398975,58.72206369,59.14166326,59.51858683,59.85843731,
Sub-Saharan Africa (excluding high income),SSA,"Life expectancy at birth, total (years)",SP.DYN.LE00.IN,40.3778968,40.82470979,41.26041742,41.68335655,42.09456971,42.4959583,42.89268563,43.28888661,43.68946231,44.09532078,44.50798609,44.92787966,45.35142907,45.77361196,46.19101111,46.59977644,46.99677709,47.38072445,47.74997973,48.10372265,48.4415212,48.76424253,49.07141214,49.35956675,49.6228742,49.84996699,50.02778709,50.14885717,50.21342259,50.23003758,50.21213255,50.17718564,50.13839168,50.10316667,50.07105967,50.04472977,50.03335647,50.05152012,50.11571622,50.24198888,50.44749089,50.74734771,51.14578302,51.63989373,52.22249096,52.88432687,53.61219037,54.38344059,55.17255555,55.95935047,56.72376828,57.45450696,58.14802592,58.80002042,59.40349335,59.95148449,60.44110945,60.87879141,61.27199431,61.6263562,
Sub-Saharan Africa (excluding high income),SSA,"Life expectancy at birth, female (years)",SP.DYN.LE00.FE.IN,41.81829587,42.27016612,42.70952967,43.13417114,43.54491916,43.9455516,44.34172971,44.73984638,45.14392355,45.55584844,45.97555134,46.40269663,46.83216148,47.2589803,47.67887885,48.08825823,48.48490787,48.86784479,49.23653864,49.59093467,49.93141828,50.26000022,50.57651057,50.87789951,51.15895734,51.4090651,51.61583069,51.77131903,51.87378151,51.92985522,51.94979114,51.94726386,51.93407148,51.91548902,51.88985257,51.85836891,51.82886355,51.81776828,51.84444405,51.92682694,52.08685138,52.34060988,52.69614742,53.15274671,53.70599576,54.34906776,55.07138246,55.84987212,56.65686319,57.47112969,58.26951223,59.03754429,59.76904975,60.45622126,61.09043971,61.66475291,62.17482294,62.63031725,63.03931854,63.40886133,
South Sudan,SSD,"Life expectancy at birth, male (years)",SP.DYN.LE00.MA.IN,30.371,30.795,31.216,31.638,32.062,32.485,32.902,33.309,33.702,34.081,34.454,34.83,35.214,35.607,36.003,36.384,36.729,37.023,37.265,37.464,37.639,37.815,38.023,38.286,38.621,39.039,39.547,40.129,40.766,41.445,42.149,42.863,43.571,44.258,44.913,45.523,46.079,46.588,47.062,47.511,47.955,48.416,48.911,49.446,50.023,50.633,51.264,51.891,52.494,53.059,53.575,54.032,54.435,54.792,55.106,55.386,55.64,55.88,56.115,56.351,
South Sudan,SSD,"Life expectancy at birth, total (years)",SP.DYN.LE00.IN,31.697,32.125,32.55,32.975,33.402,33.828,34.248,34.656,35.051,35.432,35.807,36.186,36.575,36.974,37.378,37.767,38.118,38.417,38.662,38.861,39.033,39.206,39.41,39.671,40.005,40.423,40.931,41.513,42.149,42.825,43.524,44.232,44.932,45.611,46.257,46.855,47.395,47.884,48.333,48.754,49.166,49.592,50.05,50.55,51.095,51.686,52.315,52.96,53.6,54.219,54.8,55.325,55.791,56.2,56.552,56.855,57.12,57.365,57.604,57.846,
South Sudan,SSD,"Life expectancy at birth, female (years)",SP.DYN.LE00.FE.IN,33.142,33.57,33.995,34.421,34.849,35.276,35.696,36.105,36.499,36.88,37.256,37.636,38.028,38.431,38.84,39.234,39.589,39.89,40.133,40.327,40.494,40.66,40.859,41.116,41.447,41.865,42.374,42.956,43.591,44.263,44.957,45.657,46.347,47.015,47.647,48.228,48.747,49.21,49.631,50.02,50.398,50.786,51.205,51.668,52.183,52.753,53.379,54.043,54.722,55.399,56.048,56.645,57.178,57.642,58.034,58.362,58.64,58.891,59.135,59.383,
Sub-Saharan Africa,SSF,"Life expectancy at birth, male (years)",SP.DYN.LE00.MA.IN,38.99055751,39.4311297,39.86249829,40.2830349,40.6928645,41.09434191,41.49023066,41.8845835,42.28088241,42.68077823,43.08655487,43.49925688,43.91678586,44.33485694,44.74929619,45.15688274,45.55401195,45.93828814,46.30766236,46.66045186,46.99866986,47.3163664,47.61400092,47.88975711,48.13652908,48.34188008,48.49331722,48.58372031,48.61527961,48.59795213,48.54846924,48.48710223,48.42874152,48.38165972,48.34713002,48.32807636,48.33424698,48.37971709,48.47802451,48.64147249,48.88610386,49.22342485,49.65598433,50.17876818,50.78309108,51.45627458,52.18393301,52.94357419,53.71139702,54.46837777,55.19777225,55.89001738,56.54551028,57.16201673,57.73351871,58.25513733,58.72301621,59.14271226,59.51941633,59.85933011,
Sub-Saharan Africa,SSF,"Life expectancy at birth, total (years)",SP.DYN.LE00.IN,40.3778968,40.82470979,41.26041742,41.68335655,42.09456971,42.4959583,42.89268563,43.28888661,43.68946231,44.09532078,44.50798609,44.92787966,45.35142907,45.77361196,46.19101111,46.59977644,46.99677709,47.38072445,47.74997973,48.10372265,48.44501387,48.76772191,49.07462779,49.36280694,49.62587722,49.85289679,50.03047594,50.15150429,50.21606218,50.23251447,50.21457407,50.17994751,50.14116257,50.10569675,50.07375817,50.04762598,50.03610253,50.05418024,50.11841734,50.24477112,50.45021391,50.75002366,51.14816454,51.64212387,52.22477202,52.88642826,53.6142094,54.3854324,55.17445654,55.96111815,56.72547002,57.45600208,58.14957771,58.80138624,59.40479692,59.95283057,60.44239356,60.8800163,61.27303249,61.62744251,
Sub-Saharan Africa,SSF,"Life expectancy at birth, female (years)",SP.DYN.LE00.FE.IN,41.81829587,42.27016612,42.70952967,43.13417114,43.54491916,43.9455516,44.34172971,44.73984638,45.14392355,45.55584844,45.97555134,46.40269663,46.83216148,47.2589803,47.67887885,48.08825823,48.48490787,48.86784479,49.23653864,49.59093467,49.93531962,50.26360978,50.58026978,50.88160742,51.16228849,51.41265916,51.61882311,51.77439692,51.87674993,51.93284136,51.95280562,51.95055812,51.93734283,51.91849003,51.89295674,51.86191286,51.83210492,51.82091685,51.84746023,51.93007686,52.0899932,52.34382437,52.69890655,53.15538624,53.70852534,54.35154095,55.07359924,55.85214263,56.65915566,57.47318217,58.27142721,59.03933051,59.77087678,60.45769649,61.09200741,61.66630029,62.17644043,62.63172224,63.04056967,63.41014573,
Small states,SST,"Life expectancy at birth, male (years)",SP.DYN.LE00.MA.IN,52.8294787,53.26658769,53.69440067,54.07673844,54.46098925,54.82015668,55.1319101,55.44661484,55.74470992,56.02315915,56.29523517,56.56892604,56.84765596,57.09431227,57.34246317,57.62033005,57.92720028,58.24142459,58.60007888,58.97423369,59.38124917,59.78938885,60.17874415,60.53723288,60.87706681,61.17294738,61.48920317,61.74808028,61.93380327,62.02267097,62.03566144,62.07989795,62.03259376,61.90237842,61.71439176,61.59901576,61.57572323,61.41735529,61.25964889,61.18787583,61.17010966,61.13450331,61.20226795,61.38065614,61.63175095,62.00406718,62.42836044,62.93955414,63.51841815,64.11872763,64.68869152,65.21257411,65.705528,66.18989412,66.58650216,66.97668013,67.30301163,67.61172544,67.86942403,68.09781531,
Small states,SST,"Life expectancy at birth, total (years)",SP.DYN.LE00.IN,55.01987433,55.45569334,55.87323777,56.25839097,56.63711393,56.99162951,57.3121124,57.62664367,57.92866557,58.22263886,58.52199677,58.81471783,59.11615772,59.39957261,59.68017506,59.97974171,60.29994635,60.62055069,60.97389856,61.33963388,61.73617874,62.10778885,62.51505022,62.83599642,63.14340077,63.43087594,63.72465191,64.00537581,64.13882669,64.24125314,64.29750844,64.34688147,64.33186137,64.165038,63.9773185,63.86860333,63.77842033,63.61796628,63.34610058,63.2029907,63.1110298,63.0264499,63.08600072,63.14199661,63.35799794,63.67199261,64.04407911,64.5149047,65.05405631,65.63703532,66.2011978,66.74565822,67.28395398,67.76504462,68.20538353,68.61401559,68.96043991,69.27900489,69.5410318,69.77084699,
Small states,SST,"Life expectancy at birth, female (years)",SP.DYN.LE00.FE.IN,57.30363181,57.73488705,58.13932658,58.52400764,58.89496284,59.24253385,59.56972114,59.88297279,60.18850624,60.49806997,60.82532275,61.13805855,61.46374628,61.78514073,62.09929222,62.42143944,62.75504469,63.08187301,63.42985258,63.78689696,64.17295592,64.50627516,64.86259226,65.21516574,65.48784367,65.76490547,66.03292907,66.2464535,66.41121265,66.53189194,66.63408022,66.69984643,66.66361559,66.5352262,66.36408603,66.26895669,66.12924781,65.89795749,65.60334521,65.37646063,65.20799762,65.09171463,65.05133176,65.06349906,65.24386872,65.48850634,65.8162492,66.24939057,66.74889081,67.31637349,67.87511192,68.44356054,68.99890298,69.50588469,69.99554075,70.42288945,70.79119801,71.12200855,71.39035228,71.62353887,
Sao Tome and Principe,STP,"Life expectancy at birth, male (years)",SP.DYN.LE00.MA.IN,48.945,49.457,49.956,50.437,50.902,51.36,51.824,52.306,52.813,53.345,53.901,54.48,55.067,55.644,56.195,56.702,57.15,57.528,57.828,58.044,58.164,58.18,58.104,57.953,57.744,57.496,57.226,56.955,56.707,56.505,56.37,56.316,56.342,56.447,56.636,56.913,57.279,57.724,58.233,58.793,59.39,60.013,60.65,61.288,61.915,62.521,63.101,63.658,64.192,64.698,65.173,65.613,66.02,66.395,66.737,67.045,67.321,67.565,67.783,67.98,
Sao Tome and Principe,STP,"Life expectancy at birth, total (years)",SP.DYN.LE00.IN,50.378,50.909,51.428,51.931,52.417,52.891,53.361,53.838,54.328,54.833,55.358,55.907,56.472,57.04,57.597,58.13,58.623,59.063,59.436,59.731,59.928,60.014,59.992,59.878,59.688,59.442,59.161,58.874,58.608,58.392,58.247,58.188,58.212,58.318,58.511,58.795,59.172,59.631,60.159,60.742,61.365,62.017,62.687,63.359,64.02,64.659,65.27,65.854,66.412,66.938,67.43,67.885,68.306,68.695,69.052,69.377,69.67,69.933,70.17,70.385,
Sao Tome and Principe,STP,"Life expectancy at birth, female (years)",SP.DYN.LE00.FE.IN,52.046,52.596,53.133,53.651,54.149,54.625,55.084,55.534,55.984,56.438,56.907,57.402,57.922,58.461,59.008,59.554,60.086,60.586,61.033,61.41,61.691,61.852,61.892,61.823,61.658,61.419,61.13,60.826,60.544,60.312,60.156,60.09,60.11,60.214,60.407,60.694,61.079,61.551,62.095,62.697,63.344,64.021,64.716,65.414,66.1,66.763,67.399,68.01,68.595,69.15,69.67,70.154,70.601,71.015,71.394,71.739,72.05,72.329,72.583,72.814,
Suriname,SUR,"Life expectancy at birth, male (years)",SP.DYN.LE00.MA.IN,57.928,58.26,58.576,58.882,59.182,59.477,59.765,60.043,60.308,60.562,60.805,61.039,61.267,61.49,61.711,61.934,62.16,62.391,62.623,62.854,63.078,63.288,63.48,63.649,63.796,63.923,64.033,64.134,64.23,64.322,64.408,64.484,64.547,64.594,64.627,64.644,64.643,64.63,64.614,64.608,64.635,64.717,64.866,65.085,65.367,65.7,66.063,66.427,66.77,67.076,67.336,67.547,67.719,67.863,67.983,68.088,68.183,68.274,68.368,68.468,
Suriname,SUR,"Life expectancy at birth, total (years)",SP.DYN.LE00.IN,59.682,60.038,60.377,60.705,61.026,61.346,61.666,61.984,62.299,62.609,62.911,63.199,63.47,63.724,63.964,64.201,64.445,64.704,64.981,65.274,65.575,65.873,66.154,66.409,66.631,66.819,66.978,67.113,67.233,67.341,67.436,67.519,67.59,67.647,67.695,67.731,67.753,67.762,67.768,67.781,67.822,67.913,68.064,68.28,68.555,68.877,69.227,69.579,69.91,70.209,70.465,70.676,70.851,71.002,71.133,71.249,71.358,71.463,71.57,71.682,
Suriname,SUR,"Life expectancy at birth, female (years)",SP.DYN.LE00.FE.IN,61.566,61.951,62.315,62.665,63.006,63.345,63.692,64.047,64.41,64.779,65.144,65.492,65.813,66.107,66.376,66.638,66.913,67.218,67.561,67.939,68.343,68.753,69.146,69.503,69.814,70.074,70.284,70.454,70.595,70.713,70.812,70.895,70.965,71.026,71.081,71.132,71.175,71.211,71.245,71.285,71.348,71.452,71.606,71.813,72.069,72.363,72.679,72.996,73.297,73.57,73.807,74.007,74.178,74.328,74.461,74.584,74.701,74.817,74.937,75.063,
Slovak Republic,SVK,"Life expectancy at birth, male (years)",SP.DYN.LE00.MA.IN,67.75,68.025,68.184,68.232,68.184,68.058,67.875,67.66,67.44,67.234,67.064,66.939,66.856,66.808,66.792,66.8,66.821,66.843,66.855,66.856,66.75,66.8,66.85,66.64,66.79,66.92,67.47,67.24,67.12,66.88,66.64,66.8,67.6,68.4,68.3,68.4,68.8,68.9,68.6,69,69.1,69.5,69.8,69.8,70.3,70.1,70.4,70.5,70.9,71.3,71.6,72.3,72.5,72.9,73.3,73.1,73.8,73.8,73.9,74.3,
Slovak Republic,SVK,"Life expectancy at birth, total (years)",SP.DYN.LE00.IN,69.92365854,70.25085366,70.47229268,70.59492683,70.63278049,70.60336585,70.5252439,70.41853659,70.30682927,70.20570732,70.1342439,70.0994878,70.09892683,70.12507317,70.17590244,70.24487805,70.32246341,70.39860976,70.4652439,70.51990244,70.40853659,70.62926829,70.68902439,70.47902439,70.75097561,70.73463415,71.02121951,71.08878049,71.20780488,71.02634146,70.93268293,70.88292683,71.79512195,72.44878049,72.3,72.25365854,72.65365854,72.70487805,72.55121951,72.90243902,73.05121951,73.40243902,73.60487805,73.60487805,73.95853659,73.90487805,74.20487805,74.20731707,74.70487805,74.9097561,75.11219512,75.95853659,76.1097561,76.41219512,76.81219512,76.56341463,77.16585366,77.16585366,77.26585366,77.47073171,
Slovak Republic,SVK,"Life expectancy at birth, female (years)",SP.DYN.LE00.FE.IN,72.206,72.588,72.875,73.076,73.204,73.276,73.308,73.315,73.317,73.326,73.358,73.418,73.504,73.608,73.729,73.862,73.999,74.132,74.256,74.367,74.25,74.65,74.72,74.51,74.91,74.74,74.75,75.13,75.5,75.38,75.44,75.17,76.2,76.7,76.5,76.3,76.7,76.7,76.7,77,77.2,77.5,77.6,77.6,77.8,77.9,78.2,78.1,78.7,78.7,78.8,79.8,79.9,80.1,80.5,80.2,80.7,80.7,80.8,80.8,
Slovenia,SVN,"Life expectancy at birth, male (years)",SP.DYN.LE00.MA.IN,66.1,66.1,66.1,65.5,65.2,65,65.5,66,65.6,64.8,65,65.2,65.4,65.6,66.6,66.7,66.6,66.8,66.8,67,67.3,67.4,67.2,66.2,67,67.4,67.9,68.1,68.3,68.9,69.4,69.5,69.5,69.4,69.6,70.3,70.8,71,71.1,71.4,71.9,72.1,72.3,73.2,73.5,74.1,74.55,75,75.4,75.8,76.3,76.8,77.1,77.2,78.2,77.8,78.2,78.2,78.5,78.5,
Slovenia,SVN,"Life expectancy at birth, total (years)",SP.DYN.LE00.IN,68.97804878,68.97804878,68.97804878,68.62195122,68.66341463,68.36585366,69.01219512,69.36585366,68.91707317,68.36097561,68.6097561,68.83414634,69.05853659,69.40487805,70.16097561,70.35853659,70.30731707,70.55609756,70.70243902,70.85365854,71.10487805,71.20487805,71.05365854,70.54146341,70.90243902,71.35121951,71.80243902,72.00243902,72.44634146,72.70487805,73.20487805,73.35365854,73.30487805,73.25365854,73.40487805,73.95853659,74.45853659,74.70731707,74.80731707,75.0097561,75.41219512,75.75853659,76.00731707,76.85853659,77.20731707,77.61219512,78.08658537,78.56097561,78.76585366,78.97073171,79.42195122,79.97073171,80.12439024,80.32195122,81.07804878,80.77560976,81.17560976,81.02926829,81.37804878,81.2804878,
Slovenia,SVN,"Life expectancy at birth, female (years)",SP.DYN.LE00.FE.IN,72,72,72,71.9,72.3,71.9,72.7,72.9,72.4,72.1,72.4,72.65,72.9,73.4,73.9,74.2,74.2,74.5,74.8,74.9,75.1,75.2,75.1,75.1,75,75.5,75.9,76.1,76.8,76.7,77.2,77.4,77.3,77.3,77.4,77.8,78.3,78.6,78.7,78.8,79.1,79.6,79.9,80.7,81.1,81.3,81.8,82.3,82.3,82.3,82.7,83.3,83.3,83.6,84.1,83.9,84.3,84,84.4,84.2,
Sweden,SWE,"Life expectancy at birth, male (years)",SP.DYN.LE00.MA.IN,71.23,71.65,71.37,71.57,71.66,71.73,71.82,71.82,71.69,71.68,72.22,71.98,72.04,72.16,72.2,72.17,72.14,72.37,72.43,72.49,72.78,73.07,73.42,73.62,73.85,73.78,73.98,74.18,74.15,74.8,74.81,74.94,75.35,75.48,76.06,76.16,76.52,76.7,76.9,77.1,77.4,77.6,77.7,77.9,78.4,78.4,78.7,78.9,79.1,79.4,79.5,79.9,79.9,80.2,80.4,80.4,80.6,80.8,80.9,81.3,
Sweden,SWE,"Life expectancy at birth, total (years)",SP.DYN.LE00.IN,73.00560976,73.47439024,73.3504878,73.55536585,73.73317073,73.86170732,74.07853659,74.12243902,73.97292683,74.08487805,74.64926829,74.62390244,74.71804878,74.86731707,74.9804878,74.98463415,74.96926829,75.3797561,75.46902439,75.52414634,75.74097561,76.02609756,76.32731707,76.55170732,76.81585366,76.66780488,76.93121951,77.09219512,76.97926829,77.72682927,77.53682927,77.66682927,77.99878049,78.0604878,78.6502439,78.7404878,78.95902439,79.19756098,79.33902439,79.44146341,79.64390244,79.79512195,79.84634146,80.09512195,80.49756098,80.54634146,80.74878049,80.9,81.1,81.35121951,81.45121951,81.80243902,81.70487805,81.95609756,82.25365854,82.20487805,82.30731707,82.4097561,82.55853659,82.95853659,
Sweden,SWE,"Life expectancy at birth, female (years)",SP.DYN.LE00.FE.IN,74.87,75.39,75.43,75.64,75.91,76.1,76.45,76.54,76.37,76.61,77.2,77.4,77.53,77.71,77.9,77.94,77.94,78.54,78.66,78.71,78.85,79.13,79.38,79.63,79.93,79.7,80.03,80.15,79.95,80.8,80.4,80.53,80.78,80.77,81.37,81.45,81.52,81.82,81.9,81.9,82,82.1,82.1,82.4,82.7,82.8,82.9,83,83.2,83.4,83.5,83.8,83.6,83.8,84.2,84.1,84.1,84.1,84.3,84.7,
Eswatini,SWZ,"Life expectancy at birth, male (years)",SP.DYN.LE00.MA.IN,41.496,41.893,42.285,42.677,43.079,43.501,43.954,44.447,44.982,45.563,46.188,46.853,47.549,48.266,48.999,49.748,50.514,51.297,52.096,52.904,53.726,54.571,55.431,56.287,57.111,57.885,58.596,59.213,59.691,59.975,59.978,59.609,58.844,57.696,56.202,54.414,52.401,50.283,48.19,46.228,44.5,43.078,41.972,41.189,40.749,40.663,40.923,41.473,42.255,43.227,44.369,45.679,47.133,48.683,50.263,51.781,53.152,54.329,55.284,56.007,
Eswatini,SWZ,"Life expectancy at birth, total (years)",SP.DYN.LE00.IN,43.572,43.951,44.325,44.699,45.083,45.489,45.929,46.409,46.935,47.508,48.128,48.788,49.479,50.191,50.919,51.661,52.421,53.198,53.991,54.795,55.613,56.453,57.307,58.158,58.978,59.749,60.46,61.081,61.572,61.885,61.95,61.7,61.112,60.192,58.958,57.422,55.606,53.595,51.498,49.424,47.49,45.799,44.41,43.372,42.731,42.518,42.733,43.308,44.17,45.275,46.601,48.141,49.862,51.699,53.569,55.359,56.962,58.319,59.401,60.194,
Eswatini,SWZ,"Life expectancy at birth, female (years)",SP.DYN.LE00.FE.IN,45.69,46.05,46.404,46.759,47.125,47.513,47.937,48.403,48.916,49.477,50.085,50.732,51.41,52.107,52.819,53.545,54.288,55.051,55.832,56.625,57.435,58.266,59.112,59.953,60.765,61.529,62.229,62.839,63.326,63.65,63.765,63.631,63.234,62.571,61.641,60.412,58.85,57,54.947,52.795,50.678,48.73,47.061,45.77,44.929,44.595,44.777,45.398,46.371,47.645,49.191,50.997,53.012,55.154,57.322,59.383,61.214,62.753,63.968,64.845,
Sint Maarten (Dutch part),SXM,"Life expectancy at birth, male (years)",SP.DYN.LE00.MA.IN,,,,,,,,,,,,,,,,,,,,,,,,,,,,,,,,,,,,,,,,,,,,,,,,72.3,72,73.1,,,69.2,,73.8,74,74,,,,
Sint Maarten (Dutch part),SXM,"Life expectancy at birth, total (years)",SP.DYN.LE00.IN,,,,,,,,,,,,,,,,,,,,,,,,,,,,,,,,,,,,,,,,,,,,,,,,74.54390244,74.53658537,75.58780488,,,73.05365854,,77.06829268,77.2195122,78.29268293,,,,
Sint Maarten (Dutch part),SXM,"Life expectancy at birth, female (years)",SP.DYN.LE00.FE.IN,,,,,,,,,,,,,,,,,,,,,,,,,,,,,,,,,,,,,,,,,,,,,,,,76.9,77.2,78.2,,,77.1,,80.5,80.6,82.8,,,,
Seychelles,SYC,"Life expectancy at birth, male (years)",SP.DYN.LE00.MA.IN,,,,,,,,,,,,,,,,,,,,,65.5,67.7,64.3,65.7,65.7,63.6,64.9,63.7,64.8,62.8,62.4,65.2,65.8,64.2,65.9,65.8,66,65.7,67.6,67.4,67.9,67.4,66.6,66.2,69.1,67.4,68.9,68.9,67.7,68.4,69.1,67.7,69.3,69.9,68.4,70.1,68.7,70.3,68.5,69.7,
Seychelles,SYC,"Life expectancy at birth, total (years)",SP.DYN.LE00.IN,,,,,,,,,,,,,,,,,,,,,69.59756098,70.18780488,69.32439024,70.38292683,69.55365854,69.69756098,68.65609756,68.23658537,68.70243902,67.97073171,68.10731707,70.71219512,71.21463415,69.46829268,70.72926829,72.48292683,71.56097561,71.21219512,71.74634146,72.66829268,72.77804878,73.25365854,71.08780488,71.02926829,72.66097561,72.13170732,72.21707317,73.14390244,73.16341463,73.08292683,73.19756098,72.72439024,74.27560976,73.1195122,73.22926829,74.29512195,74.3097561,74.3,72.84146341,73.94390244,
Seychelles,SYC,"Life expectancy at birth, female (years)",SP.DYN.LE00.FE.IN,,,,,,,,,,,,,,,,,,,,,73.9,72.8,74.6,75.3,73.6,76.1,72.6,73,72.8,73.4,74.1,76.5,76.9,75,75.8,79.5,77.4,77,76.1,78.2,77.9,79.4,75.8,76.1,76.4,77.1,75.7,77.6,78.9,78,77.5,78,79.5,76.5,78.3,78.7,80.2,78.5,77.4,78.4,
Syrian Arab Republic,SYR,"Life expectancy at birth, male (years)",SP.DYN.LE00.MA.IN,50.671,51.257,51.854,52.468,53.103,53.765,54.46,55.188,55.944,56.722,57.513,58.307,59.092,59.86,60.603,61.318,62.005,62.671,63.317,63.943,64.548,65.132,65.693,66.227,66.734,67.21,67.652,68.058,68.43,68.768,69.074,69.347,69.593,69.815,70.019,70.207,70.383,70.549,70.706,70.859,71.034,71.269,71.559,71.873,72.161,72.299,72.14,71.613,70.717,69.509,68.113,66.697,65.451,64.533,64.032,64.019,64.512,65.407,66.578,67.941,
Syrian Arab Republic,SYR,"Life expectancy at birth, total (years)",SP.DYN.LE00.IN,51.971,52.568,53.176,53.797,54.435,55.096,55.788,56.51,57.26,58.03,58.814,59.6,60.378,61.137,61.872,62.579,63.258,63.914,64.552,65.172,65.774,66.359,66.928,67.477,68.005,68.508,68.981,69.423,69.831,70.207,70.553,70.871,71.167,71.444,71.708,71.961,72.205,72.439,72.664,72.882,73.11,73.371,73.663,73.967,74.25,74.43,74.412,74.152,73.647,72.938,72.108,71.27,70.55,70.049,69.821,69.908,70.315,70.967,71.779,72.697,
Syrian Arab Republic,SYR,"Life expectancy at birth, female (years)",SP.DYN.LE00.FE.IN,53.389,54,54.619,55.247,55.887,56.546,57.231,57.944,58.683,59.443,60.217,60.993,61.76,62.509,63.232,63.928,64.595,65.239,65.866,66.476,67.072,67.657,68.232,68.795,69.345,69.876,70.382,70.859,71.304,71.718,72.104,72.467,72.813,73.147,73.474,73.794,74.108,74.411,74.705,74.989,75.274,75.57,75.88,76.196,76.505,76.774,76.962,77.05,77.034,76.931,76.778,76.624,76.522,76.51,76.601,76.798,77.084,77.418,77.763,78.103,
Turks and Caicos Islands,TCA,"Life expectancy at birth, male (years)",SP.DYN.LE00.MA.IN,,,,,,,,,,,,,,,,,,,,,,,,,,,,,,,,,,,,,,,,,,,,,,,,,,,,,,,,,,,,,
Turks and Caicos Islands,TCA,"Life expectancy at birth, total (years)",SP.DYN.LE00.IN,,,,,,,,,,,,,,,,,,,,,,,,,,,,,,,,,,,,,,,,,,,,,,,,,,,,,,,,,,,,,
Turks and Caicos Islands,TCA,"Life expectancy at birth, female (years)",SP.DYN.LE00.FE.IN,,,,,,,,,,,,,,,,,,,,,,,,,,,,,,,,,,,,,,,,,,,,,,,,,,,,,,,,,,,,,
Chad,TCD,"Life expectancy at birth, male (years)",SP.DYN.LE00.MA.IN,35.956,36.304,36.655,37.012,37.377,37.758,38.163,38.595,39.053,39.529,40.015,40.498,40.965,41.404,41.811,42.182,42.516,42.824,43.113,43.387,43.653,43.921,44.192,44.465,44.736,44.995,45.229,45.429,45.588,45.709,45.798,45.869,45.936,46.01,46.094,46.186,46.275,46.353,46.417,46.473,46.534,46.613,46.726,46.885,47.098,47.376,47.725,48.138,48.599,49.095,49.604,50.105,50.579,51.014,51.403,51.743,52.041,52.315,52.577,52.835,
Chad,TCD,"Life expectancy at birth, total (years)",SP.DYN.LE00.IN,38.02,38.279,38.536,38.795,39.059,39.344,39.665,40.028,40.435,40.878,41.344,41.813,42.264,42.681,43.059,43.396,43.698,43.979,44.251,44.521,44.793,45.071,45.351,45.63,45.903,46.162,46.397,46.601,46.772,46.91,47.019,47.108,47.187,47.265,47.345,47.426,47.498,47.559,47.61,47.657,47.713,47.789,47.9,48.057,48.27,48.549,48.907,49.335,49.82,50.346,50.89,51.424,51.928,52.386,52.789,53.137,53.438,53.712,53.977,54.239,
Chad,TCD,"Life expectancy at birth, female (years)",SP.DYN.LE00.FE.IN,40.163,40.322,40.475,40.626,40.782,40.965,41.195,41.485,41.837,42.244,42.686,43.137,43.568,43.961,44.306,44.605,44.871,45.123,45.38,45.646,45.924,46.214,46.507,46.795,47.072,47.332,47.568,47.778,47.961,48.117,48.248,48.356,48.449,48.533,48.61,48.68,48.737,48.782,48.819,48.856,48.906,48.978,49.086,49.241,49.45,49.731,50.096,50.54,51.049,51.608,52.188,52.759,53.294,53.777,54.196,54.552,54.856,55.132,55.4,55.669,
East Asia & Pacific (IDA & IBRD countries),TEA,"Life expectancy at birth, male (years)",SP.DYN.LE00.MA.IN,43.95423069,44.39218226,45.08638533,46.06855273,47.34288365,48.844625,50.4751067,52.11521514,53.65692109,55.04631147,56.25456105,57.29029133,58.20500921,59.04625639,59.82561806,60.55063531,61.2261884,61.84943709,62.41918855,62.93486232,63.39773461,63.81651891,64.19843312,64.54586382,64.8616475,65.14424954,65.38593823,65.58319147,65.73875949,65.86129973,65.96393662,66.0626236,66.1725851,66.30731776,66.47673319,66.68620856,66.9379472,67.22280021,67.52975312,67.85275375,68.18264645,68.51231141,68.83399215,69.14321518,69.43621687,69.71149821,69.96817683,70.21299545,70.45028382,70.68303367,70.9161796,71.15546888,71.40217937,71.65575,71.91491844,72.17331832,72.42326138,72.65910716,72.87455552,73.06837528,
East Asia & Pacific (IDA & IBRD countries),TEA,"Life expectancy at birth, total (years)",SP.DYN.LE00.IN,45.53974032,45.98404586,46.70396535,47.73554279,49.08235235,50.66715846,52.37458851,54.0698506,55.63414767,57.01147438,58.176456,59.14616095,59.9891965,60.76571748,61.49404839,62.18500606,62.84514924,63.46590836,64.04179486,64.57196844,65.05445016,65.49099645,65.88737127,66.24542956,66.56859369,66.85864005,67.11465807,67.3369951,67.5294731,67.70047074,67.8604139,68.02011516,68.1867042,68.36976537,68.57361678,68.80296307,69.05616313,69.32804912,69.61058248,69.90201576,70.19841517,70.49794359,70.79723064,71.09519763,71.3903258,71.68224162,71.97078284,72.2573864,72.54253415,72.82629571,73.11046429,73.3973078,73.68548502,73.97309952,74.25837169,74.53395225,74.79361106,75.0333507,75.24921745,75.44133627,
East Asia & Pacific (IDA & IBRD countries),TEA,"Life expectancy at birth, female (years)",SP.DYN.LE00.FE.IN,47.30946895,47.75112267,48.48750693,49.55860897,50.96777451,52.62730837,54.40388451,56.14709531,57.72812452,59.08772019,60.20340396,61.10144497,61.86719464,62.57282685,63.24378062,63.89556328,64.53606668,65.15127459,65.73333148,66.2787496,66.78176103,67.2398877,67.65477346,68.02661135,68.35982781,68.66118035,68.93607959,69.19208744,69.43478096,69.67011599,69.90366969,70.14056611,70.38024292,70.62363396,70.8723243,71.12585193,71.38140174,71.63541571,71.88717842,72.13818035,72.3904154,72.64922761,72.91858769,73.20006157,73.4961806,73.80699556,74.13285085,74.47003518,74.81302663,75.15781106,75.50186049,75.84204436,76.17573171,76.49934631,76.8077461,77.09590508,77.35751077,77.59185314,77.79934293,77.98168412,
Europe & Central Asia (IDA & IBRD countries),TEC,"Life expectancy at birth, male (years)",SP.DYN.LE00.MA.IN,60.37477524,60.8217918,61.1089142,61.49709519,61.76042615,61.98895796,62.11524189,62.1108337,62.24739644,62.2144662,62.27400763,62.34879381,62.51918057,62.60754638,62.68151196,62.42873484,62.38274661,62.24583631,62.27331163,62.21462316,62.23178261,62.53743671,62.88558891,63.00361678,62.994021,63.48116473,64.38220818,64.55372816,64.60028829,64.41061235,64.15656428,63.95800144,63.30162031,62.13937042,61.59904212,61.67855645,62.39253557,63.19478188,63.58364755,63.3368618,63.39109935,63.60310041,63.71269681,63.83643502,64.15735713,64.26347859,64.95463881,65.48544235,65.85917222,66.55411474,66.98705083,67.62017701,68.04096212,68.52371205,68.7990296,69.15790924,69.57139225,70.05715279,70.19005353,70.48609166,
Europe & Central Asia (IDA & IBRD countries),TEC,"Life expectancy at birth, total (years)",SP.DYN.LE00.IN,63.79518235,64.26915472,64.58687117,65.00579872,65.29747561,65.57530157,65.76442385,65.83186244,66.03722475,66.06627895,66.29848021,66.45645788,66.59644805,66.6957684,66.83364033,66.62781128,66.62492862,66.60934507,66.65939083,66.64087702,66.68745565,66.96660564,67.27003816,67.36493231,67.34096042,67.69264891,68.40618247,68.56426024,68.66866676,68.60234456,68.47183524,68.25888907,67.63101432,66.85823003,66.67210213,66.70055709,67.27583474,67.86914045,68.23503085,68.05543369,68.1571717,68.33977651,68.44220458,68.56191082,68.90476245,69.03776159,69.62345858,70.09352938,70.40605932,70.97351247,71.32053833,71.88014587,72.21330724,72.63095661,72.88173241,73.14800622,73.50744917,73.90106572,74.0394738,74.29803698,
Europe & Central Asia (IDA & IBRD countries),TEC,"Life expectancy at birth, female (years)",SP.DYN.LE00.FE.IN,67.37075002,67.87113371,68.21959307,68.6715587,68.99449118,69.32532577,69.58133668,69.72438054,70.00386525,70.09914631,70.52235153,70.76781456,70.87681876,70.98724838,71.19843263,71.04384758,71.08811908,71.20532131,71.27984552,71.30520412,71.38232631,71.64424613,71.89936639,71.96751323,71.92645095,72.12814189,72.63801146,72.78244358,72.95292772,73.02071043,73.02333903,72.7785774,72.17922541,71.8336864,72.03782967,72.01625305,72.44859302,72.8143526,73.15974451,73.05209751,73.2225755,73.36910713,73.46987572,73.59129314,73.95827219,74.11850496,74.58663086,74.99124897,75.22968854,75.65510885,75.9084038,76.38602442,76.62017343,76.96404063,77.18584912,77.34677282,77.64463643,77.93513053,78.07647413,78.29371049,
Togo,TGO,"Life expectancy at birth, male (years)",SP.DYN.LE00.MA.IN,39.366,39.976,40.579,41.176,41.768,42.353,42.934,43.508,44.077,44.64,45.199,45.754,46.305,46.854,47.398,47.939,48.477,49.01,49.537,50.054,50.561,51.056,51.536,51.999,52.441,52.864,53.275,53.672,54.044,54.374,54.626,54.756,54.745,54.598,54.331,53.98,53.592,53.226,52.93,52.737,52.668,52.727,52.889,53.133,53.452,53.849,54.328,54.882,55.493,56.137,56.781,57.388,57.936,58.41,58.806,59.128,59.398,59.644,59.892,60.152,
Togo,TGO,"Life expectancy at birth, total (years)",SP.DYN.LE00.IN,40.297,40.941,41.58,42.215,42.846,43.473,44.098,44.72,45.339,45.955,46.568,47.175,47.777,48.371,48.958,49.537,50.112,50.683,51.246,51.799,52.339,52.863,53.365,53.839,54.276,54.673,55.028,55.336,55.592,55.784,55.887,55.872,55.734,55.485,55.147,54.757,54.36,54.001,53.722,53.547,53.491,53.554,53.71,53.938,54.234,54.602,55.052,55.581,56.178,56.818,57.468,58.092,58.661,59.16,59.58,59.927,60.22,60.489,60.76,61.042,
Togo,TGO,"Life expectancy at birth, female (years)",SP.DYN.LE00.FE.IN,41.225,41.904,42.58,43.253,43.923,44.591,45.26,45.93,46.601,47.271,47.938,48.6,49.253,49.895,50.525,51.144,51.758,52.367,52.97,53.561,54.135,54.689,55.213,55.696,56.127,56.494,56.787,57.002,57.135,57.183,57.132,56.968,56.698,56.345,55.935,55.507,55.1,54.751,54.488,54.332,54.291,54.358,54.508,54.722,54.994,55.333,55.753,56.259,56.84,57.476,58.133,58.773,59.365,59.889,60.334,60.706,61.023,61.317,61.612,61.918,
Thailand,THA,"Life expectancy at birth, male (years)",SP.DYN.LE00.MA.IN,52.457,52.965,53.456,53.928,54.384,54.826,55.261,55.692,56.125,56.564,57.011,57.468,57.933,58.403,58.876,59.345,59.799,60.235,60.66,61.085,61.544,62.083,62.719,63.446,64.238,65.039,65.776,66.386,66.828,67.089,67.175,67.117,66.976,66.815,66.668,66.565,66.523,66.538,66.608,66.738,66.935,67.2,67.523,67.891,68.29,68.71,69.138,69.563,69.978,70.374,70.749,71.104,71.446,71.779,72.102,72.412,72.704,72.977,73.228,73.46,
Thailand,THA,"Life expectancy at birth, total (years)",SP.DYN.LE00.IN,54.701,55.233,55.745,56.231,56.692,57.133,57.565,57.998,58.442,58.904,59.385,59.887,60.404,60.929,61.459,61.985,62.495,62.986,63.464,63.935,64.432,64.993,65.635,66.353,67.128,67.911,68.641,69.265,69.745,70.071,70.248,70.3,70.281,70.239,70.202,70.191,70.215,70.267,70.348,70.463,70.623,70.832,71.089,71.389,71.728,72.099,72.499,72.916,73.341,73.766,74.184,74.593,74.992,75.378,75.747,76.091,76.403,76.683,76.931,77.15,
Thailand,THA,"Life expectancy at birth, female (years)",SP.DYN.LE00.FE.IN,57.059,57.617,58.151,58.653,59.12,59.56,59.987,60.421,60.878,61.364,61.883,62.433,63.006,63.592,64.183,64.77,65.341,65.893,66.429,66.955,67.495,68.079,68.722,69.425,70.169,70.92,71.63,72.256,72.77,73.16,73.433,73.608,73.727,73.823,73.915,74.013,74.114,74.212,74.304,74.4,74.512,74.651,74.827,75.044,75.306,75.619,75.981,76.383,76.815,77.265,77.725,78.186,78.64,79.078,79.49,79.863,80.189,80.468,80.704,80.9,
Tajikistan,TJK,"Life expectancy at birth, male (years)",SP.DYN.LE00.MA.IN,49.093,49.391,49.684,49.974,50.265,50.564,50.878,51.214,51.571,51.948,52.344,52.754,53.169,53.577,53.967,54.319,54.612,54.842,55.015,55.145,55.277,55.468,55.748,56.117,56.55,56.96,57.233,57.293,57.117,56.734,56.235,55.75,55.417,55.333,55.535,56.018,56.735,57.578,58.457,59.327,60.166,60.973,61.765,62.552,63.318,64.041,64.698,65.278,65.777,66.197,66.549,66.852,67.131,67.404,67.68,67.959,68.234,68.493,68.727,68.935,
Tajikistan,TJK,"Life expectancy at birth, total (years)",SP.DYN.LE00.IN,50.613,50.927,51.237,51.544,51.851,52.166,52.496,52.845,53.214,53.602,54.007,54.427,54.852,55.272,55.675,56.043,56.354,56.604,56.8,56.954,57.108,57.314,57.602,57.975,58.413,58.847,59.183,59.355,59.335,59.138,58.824,58.48,58.212,58.104,58.192,58.497,59.003,59.65,60.379,61.161,61.974,62.807,63.653,64.496,65.314,66.08,66.771,67.382,67.911,68.36,68.736,69.055,69.34,69.609,69.874,70.137,70.397,70.647,70.879,71.097,
Tajikistan,TJK,"Life expectancy at birth, female (years)",SP.DYN.LE00.FE.IN,52.168,52.488,52.804,53.117,53.431,53.752,54.087,54.439,54.811,55.202,55.609,56.032,56.462,56.888,57.302,57.683,58.011,58.283,58.504,58.685,58.865,59.09,59.389,59.768,60.214,60.677,61.089,61.394,61.56,61.586,61.494,61.323,61.144,61.02,60.994,61.107,61.389,61.827,62.402,63.1,63.901,64.78,65.699,66.618,67.504,68.324,69.058,69.705,70.27,70.751,71.153,71.487,71.773,72.031,72.273,72.507,72.737,72.961,73.177,73.389,
Turkmenistan,TKM,"Life expectancy at birth, male (years)",SP.DYN.LE00.MA.IN,50.966,51.379,51.795,52.214,52.632,53.045,53.448,53.837,54.206,54.552,54.871,55.158,55.416,55.652,55.87,56.083,56.302,56.537,56.792,57.067,57.363,57.679,58.001,58.314,58.606,58.855,59.038,59.15,59.191,59.169,59.1,59.005,58.913,58.847,58.823,58.85,58.93,59.052,59.209,59.399,59.624,59.888,60.188,60.52,60.878,61.255,61.647,62.044,62.436,62.813,63.161,63.469,63.734,63.956,64.137,64.282,64.4,64.504,64.603,64.705,
Turkmenistan,TKM,"Life expectancy at birth, total (years)",SP.DYN.LE00.IN,54.471,54.897,55.326,55.757,56.186,56.609,57.021,57.417,57.794,58.147,58.472,58.765,59.028,59.267,59.488,59.703,59.925,60.163,60.422,60.701,60.999,61.311,61.622,61.92,62.193,62.426,62.605,62.727,62.796,62.82,62.81,62.784,62.761,62.758,62.786,62.851,62.953,63.084,63.237,63.413,63.613,63.842,64.101,64.386,64.693,65.017,65.354,65.695,66.031,66.355,66.657,66.928,67.167,67.375,67.552,67.704,67.835,67.956,68.073,68.191,
Turkmenistan,TKM,"Life expectancy at birth, female (years)",SP.DYN.LE00.FE.IN,58.126,58.538,58.954,59.371,59.788,60.199,60.601,60.989,61.358,61.705,62.025,62.314,62.574,62.811,63.03,63.244,63.465,63.703,63.961,64.239,64.533,64.833,65.128,65.404,65.655,65.872,66.051,66.196,66.312,66.405,66.483,66.557,66.633,66.722,66.827,66.95,67.089,67.238,67.394,67.558,67.734,67.927,68.14,68.373,68.624,68.889,69.164,69.442,69.714,69.976,70.221,70.447,70.652,70.84,71.011,71.168,71.312,71.449,71.584,71.717,
Latin America & the Caribbean (IDA & IBRD countries),TLA,"Life expectancy at birth, male (years)",SP.DYN.LE00.MA.IN,53.74236636,54.17068267,54.58184783,54.97820974,55.36356964,55.74392648,56.12418634,56.50915304,56.90045362,57.29947581,57.70509767,58.11459669,58.52226814,58.92457793,59.31949903,59.70632562,60.0846356,60.45659146,60.82325366,61.1854139,61.54352357,61.89770943,62.24816296,62.59577189,62.94183128,63.28828878,63.63758718,63.98956546,64.34465273,64.70136975,65.05751955,65.41040311,65.75774929,66.09819453,66.43144579,66.75832765,67.08169487,67.40418307,67.7253939,68.04424859,68.35706417,68.65913022,68.94733924,69.21918489,69.47429998,69.71364664,69.9390622,70.15472078,70.36271038,70.564871,70.76147003,70.95223348,71.13553827,71.31276468,71.48570561,71.65695687,71.82852867,72.00307303,72.17992289,72.3587029,
Latin America & the Caribbean (IDA & IBRD countries),TLA,"Life expectancy at birth, total (years)",SP.DYN.LE00.IN,55.6534269,56.12638556,56.58227098,57.02215592,57.44892328,57.8681737,58.28568216,58.7061659,59.13344206,59.56889778,60.01228228,60.46095573,60.91030916,61.35521198,61.79397575,62.22644081,62.65070409,63.06976345,63.48387093,63.89302764,64.29735912,64.69592065,65.09010522,65.47643152,65.85879228,66.23761744,66.61405745,66.98932273,67.36101645,67.73224475,68.10041873,68.4655561,68.82637943,69.18048979,69.52901751,69.87220349,70.21226685,70.55015267,70.88358165,71.21287834,71.53435678,71.84355669,72.13921074,72.41716322,72.67840841,72.92378548,73.15408652,73.37328115,73.58362603,73.7868999,73.98334578,74.17297212,74.35526705,74.5302464,74.7001817,74.86655945,75.03055859,75.19428209,75.35732803,75.52038777,
Latin America & the Caribbean (IDA & IBRD countries),TLA,"Life expectancy at birth, female (years)",SP.DYN.LE00.FE.IN,57.6708641,58.19096661,58.69412951,59.17999238,59.65072238,60.11161441,60.56783535,61.0266368,61.49155679,61.96589701,62.44875596,62.93867768,63.43080401,63.91975516,64.40443221,64.88334171,65.3568232,65.82527124,66.28970084,66.74882224,67.20207838,67.64771651,68.08459887,68.51202897,68.93009298,69.3383236,69.73753074,70.12934491,70.51486923,70.89511098,71.27085593,71.64284664,72.01126112,72.37507415,72.73489526,73.09021825,73.44249696,73.79074157,74.13344893,74.46887656,74.79453068,75.10639048,75.40348618,75.68392668,75.94747896,76.19436579,76.4258758,76.64448969,76.85365801,77.05386646,77.2465953,77.43196155,77.60956885,77.77978802,77.94409951,78.10318034,78.25786231,78.40848267,78.55547203,78.6997166,
Timor-Leste,TLS,"Life expectancy at birth, male (years)",SP.DYN.LE00.MA.IN,33.182,33.68,34.181,34.683,35.183,35.719,36.336,37.031,37.761,38.452,38.914,38.915,38.362,37.273,35.764,34.11,32.671,31.761,31.581,32.183,33.494,35.319,37.335,39.27,40.998,42.436,43.575,44.523,45.379,46.179,46.979,47.839,48.789,49.84,50.988,52.198,53.41,54.565,55.623,56.577,57.46,58.327,59.233,60.204,61.228,62.26,63.234,64.085,64.769,65.28,65.631,65.862,66.032,66.196,66.375,66.582,66.815,67.053,67.279,67.492,
Timor-Leste,TLS,"Life expectancy at birth, total (years)",SP.DYN.LE00.IN,33.729,34.229,34.73,35.232,35.734,36.273,36.895,37.597,38.336,39.042,39.529,39.574,39.085,38.077,36.66,35.092,33.714,32.827,32.629,33.178,34.419,36.185,38.175,40.132,41.932,43.482,44.755,45.831,46.791,47.661,48.492,49.345,50.261,51.267,52.366,53.538,54.737,55.907,57.011,58.037,59.002,59.945,60.901,61.888,62.893,63.882,64.803,65.61,66.276,66.796,67.186,67.477,67.72,67.953,68.197,68.459,68.735,69.007,69.26,69.495,
Timor-Leste,TLS,"Life expectancy at birth, female (years)",SP.DYN.LE00.FE.IN,34.32,34.823,35.325,35.828,36.332,36.875,37.502,38.211,38.96,39.681,40.195,40.289,39.871,38.953,37.638,36.167,34.857,33.994,33.776,34.264,35.425,37.122,39.08,41.06,42.937,44.609,46.026,47.241,48.311,49.254,50.113,50.95,51.823,52.771,53.811,54.935,56.114,57.299,58.45,59.552,60.608,61.631,62.639,63.64,64.622,65.558,66.417,67.176,67.822,68.356,68.794,69.161,69.489,69.807,70.127,70.454,70.781,71.092,71.376,71.635,
Middle East & North Africa (IDA & IBRD countries),TMN,"Life expectancy at birth, male (years)",SP.DYN.LE00.MA.IN,45.79110508,46.36967542,46.93636386,47.49409187,48.04513814,48.58982628,49.1251876,49.6514795,50.17262253,50.69454609,51.2400368,51.83738122,52.49224774,53.19209676,53.91016083,54.57594276,55.10188185,55.44148664,55.58844583,55.57579335,55.49386688,55.46757907,55.61150318,56.0024687,56.66130049,57.57092601,58.6717073,59.85315409,61.01429095,62.10053354,63.06440958,63.8816785,64.5746493,65.16691864,65.66661341,66.08749773,66.44738529,66.76703025,67.06506949,67.3535151,67.63859201,67.92284133,68.19830761,68.46168782,68.7154552,68.96122425,69.20023822,69.4311778,69.65160656,69.86279628,70.06836739,70.27520975,70.48747287,70.70624366,70.92501739,71.13939454,71.34810582,71.55327775,71.75542812,71.95538051,
Middle East & North Africa (IDA & IBRD countries),TMN,"Life expectancy at birth, total (years)",SP.DYN.LE00.IN,46.36310735,46.96399872,47.55821249,48.14911581,48.73991699,49.3275278,49.90657717,50.47397097,51.03116961,51.58403201,52.14921094,52.74820937,53.38991331,54.0714291,54.77918702,55.47527555,56.11207452,56.65940725,57.10985784,57.47736277,57.80939167,58.17150879,58.62408125,59.20574356,59.92376239,60.76309872,61.68501694,62.62528734,63.52872609,64.3646558,65.11060526,65.75826982,66.32647886,66.83333461,67.28663989,67.69419343,68.06422053,68.40566182,68.72689948,69.03491367,69.3370643,69.63706362,69.93379489,70.22611888,70.51532132,70.79963482,71.07491578,71.33624089,71.5781151,71.80020172,72.00580157,72.20270146,72.39759622,72.59565309,72.79524159,72.99505254,73.19351106,73.39007584,73.58362363,73.77423568,
Middle East & North Africa (IDA & IBRD countries),TMN,"Life expectancy at birth, female (years)",SP.DYN.LE00.FE.IN,46.95847023,47.58002359,48.20084315,48.82557409,49.45609656,50.08820366,50.71262908,51.32321612,51.91825988,52.50309233,53.08676421,53.6821125,54.30096614,54.95211476,55.63949603,56.3680262,57.1399309,57.94706785,58.77906366,59.62616018,60.47839127,61.32485642,62.15542853,62.95861704,63.723374,64.43905206,65.0989002,65.7057892,66.2652886,66.78095637,67.2597139,67.70920969,68.13832206,68.55408686,68.96054678,69.35793168,69.74353061,70.11163,70.4610282,70.79303498,71.11380669,71.4315962,71.75238547,72.07862548,72.41014465,72.74011397,73.05876087,73.3563274,73.62376789,73.85894563,74.06398336,74.24889719,74.42379762,74.59874927,74.7776499,74.96160796,75.14857686,75.33411133,75.5151714,75.69195123,
Tonga,TON,"Life expectancy at birth, male (years)",SP.DYN.LE00.MA.IN,59.413,59.89,60.368,60.843,61.311,61.767,62.207,62.629,63.031,63.411,63.764,64.09,64.389,64.664,64.917,65.153,65.373,65.582,65.785,65.986,66.189,66.399,66.616,66.837,67.063,67.289,67.512,67.728,67.93,68.115,68.279,68.418,68.533,68.625,68.694,68.742,68.772,68.787,68.789,68.778,68.748,68.691,68.604,68.491,68.361,68.23,68.119,68.041,68.008,68.023,68.081,68.174,68.285,68.398,68.506,68.606,68.699,68.788,68.877,68.967,
Tonga,TON,"Life expectancy at birth, total (years)",SP.DYN.LE00.IN,59.885,60.281,60.687,61.103,61.527,61.957,62.387,62.811,63.224,63.621,64,64.357,64.696,65.017,65.322,65.611,65.886,66.149,66.402,66.648,66.889,67.128,67.365,67.6,67.831,68.054,68.266,68.463,68.641,68.799,68.935,69.049,69.143,69.223,69.29,69.351,69.41,69.471,69.535,69.601,69.667,69.725,69.771,69.803,69.822,69.836,69.852,69.878,69.921,69.982,70.059,70.148,70.242,70.335,70.427,70.517,70.607,70.701,70.801,70.907,
Tonga,TON,"Life expectancy at birth, female (years)",SP.DYN.LE00.FE.IN,60.315,60.627,60.957,61.313,61.695,62.102,62.528,62.962,63.395,63.82,64.233,64.635,65.026,65.407,65.777,66.133,66.474,66.8,67.111,67.405,67.682,67.944,68.191,68.422,68.639,68.838,69.017,69.175,69.313,69.432,69.534,69.619,69.691,69.756,69.82,69.891,69.978,70.083,70.209,70.356,70.521,70.7,70.885,71.068,71.245,71.41,71.56,71.696,71.82,71.931,72.03,72.119,72.202,72.282,72.363,72.449,72.544,72.648,72.763,72.887,
South Asia (IDA & IBRD),TSA,"Life expectancy at birth, male (years)",SP.DYN.LE00.MA.IN,42.8040196,43.42704486,44.04697053,44.66287942,45.27358639,45.87324119,46.45526605,47.0156306,47.55436948,48.07319341,48.58299272,49.09616653,49.62289665,50.1669038,50.72618781,51.29369302,51.85823753,52.4072124,52.93037576,53.42360841,53.88353469,54.30817318,54.70416682,55.08124322,55.44431018,55.80363467,56.16788552,56.5434499,56.9333922,57.33930982,57.76020739,58.19457125,58.63454446,59.07519081,59.51436332,59.94894781,60.37849091,60.80135143,61.21803337,61.6257169,62.0231349,62.41154778,62.79169554,63.16716121,63.5381329,63.91053674,64.28709201,64.66869649,65.05370232,65.4385367,65.81770678,66.18631141,66.53617977,66.86530064,67.17033879,67.45098225,67.70961654,67.94940297,68.17592292,68.39121963,
South Asia (IDA & IBRD),TSA,"Life expectancy at birth, total (years)",SP.DYN.LE00.IN,42.12020816,42.74247871,43.36653563,43.99143797,44.61552081,45.23222477,45.83521832,46.41881233,46.98240038,47.52899842,48.07016801,48.62377828,49.20067526,49.80486862,50.43138091,51.07060799,51.7077331,52.3245296,52.90934316,53.45632849,53.95884444,54.41704975,54.84126704,55.24177036,55.62692868,56.00894442,56.40006974,56.80523584,57.23094945,57.67713345,58.14480093,58.63004674,59.12313452,59.61690857,60.10686437,60.58985547,61.06099231,61.52176469,61.9697088,62.40431133,62.82398281,63.22899212,63.62377106,64.01139646,64.39518784,64.78317085,65.17993289,65.58771357,66.00524977,66.42785669,66.8487685,67.25831619,67.64633754,68.00771543,68.34020332,68.64190072,68.9161581,69.17132773,69.41226994,69.64361743,
South Asia (IDA & IBRD),TSA,"Life expectancy at birth, female (years)",SP.DYN.LE00.FE.IN,41.40496526,42.02704117,42.65556156,43.29025448,43.92955121,44.56711636,45.19247215,45.80078714,46.39077793,46.96744581,47.54540737,48.14355877,48.77539172,49.44496202,50.14563061,50.86510796,51.58171428,52.27500868,52.92789306,53.53197561,54.08141624,54.57493803,55.02640261,55.44993066,55.85699728,56.26039102,56.67601128,57.11075996,57.57160478,58.0597514,58.57597586,59.11384406,59.66339068,60.21375231,60.75868855,61.29247752,61.80839684,62.30675005,62.78733127,63.2476138,63.6889307,64.11073841,64.51815854,64.91843151,65.31566085,65.72037897,66.14024795,66.5781294,67.03303866,67.49868592,67.96539664,68.4212493,68.8521556,69.25124765,69.61356602,69.93969932,70.23338128,70.50574254,70.76422541,71.01399047,
Sub-Saharan Africa (IDA & IBRD countries),TSS,"Life expectancy at birth, male (years)",SP.DYN.LE00.MA.IN,38.99055751,39.4311297,39.86249829,40.2830349,40.6928645,41.09434191,41.49023066,41.8845835,42.28088241,42.68077823,43.08655487,43.49925688,43.91678586,44.33485694,44.74929619,45.15688274,45.55401195,45.93828814,46.30766236,46.66045186,46.99866986,47.3163664,47.61400092,47.88975711,48.13652908,48.34188008,48.49331722,48.58372031,48.61527961,48.59795213,48.54846924,48.48710223,48.42874152,48.38165972,48.34713002,48.32807636,48.33424698,48.37971709,48.47802451,48.64147249,48.88610386,49.22342485,49.65598433,50.17876818,50.78309108,51.45627458,52.18393301,52.94357419,53.71139702,54.46837777,55.19777225,55.89001738,56.54551028,57.16201673,57.73351871,58.25513733,58.72301621,59.14271226,59.51941633,59.85933011,
Sub-Saharan Africa (IDA & IBRD countries),TSS,"Life expectancy at birth, total (years)",SP.DYN.LE00.IN,40.3778968,40.82470979,41.26041742,41.68335655,42.09456971,42.4959583,42.89268563,43.28888661,43.68946231,44.09532078,44.50798609,44.92787966,45.35142907,45.77361196,46.19101111,46.59977644,46.99677709,47.38072445,47.74997973,48.10372265,48.44501387,48.76772191,49.07462779,49.36280694,49.62587722,49.85289679,50.03047594,50.15150429,50.21606218,50.23251447,50.21457407,50.17994751,50.14116257,50.10569675,50.07375817,50.04762598,50.03610253,50.05418024,50.11841734,50.24477112,50.45021391,50.75002366,51.14816454,51.64212387,52.22477202,52.88642826,53.6142094,54.3854324,55.17445654,55.96111815,56.72547002,57.45600208,58.14957771,58.80138624,59.40479692,59.95283057,60.44239356,60.8800163,61.27303249,61.62744251,
Sub-Saharan Africa (IDA & IBRD countries),TSS,"Life expectancy at birth, female (years)",SP.DYN.LE00.FE.IN,41.81829587,42.27016612,42.70952967,43.13417114,43.54491916,43.9455516,44.34172971,44.73984638,45.14392355,45.55584844,45.97555134,46.40269663,46.83216148,47.2589803,47.67887885,48.08825823,48.48490787,48.86784479,49.23653864,49.59093467,49.93531962,50.26360978,50.58026978,50.88160742,51.16228849,51.41265916,51.61882311,51.77439692,51.87674993,51.93284136,51.95280562,51.95055812,51.93734283,51.91849003,51.89295674,51.86191286,51.83210492,51.82091685,51.84746023,51.93007686,52.0899932,52.34382437,52.69890655,53.15538624,53.70852534,54.35154095,55.07359924,55.85214263,56.65915566,57.47318217,58.27142721,59.03933051,59.77087678,60.45769649,61.09200741,61.66630029,62.17644043,62.63172224,63.04056967,63.41014573,
Trinidad and Tobago,TTO,"Life expectancy at birth, male (years)",SP.DYN.LE00.MA.IN,60.719,61.113,61.47,61.786,62.061,62.293,62.479,62.626,62.741,62.835,62.922,63.014,63.123,63.253,63.406,63.581,63.766,63.951,64.126,64.292,64.454,64.619,64.797,64.992,65.201,65.417,65.631,65.83,66.007,66.159,66.284,66.383,66.464,66.537,66.606,66.679,66.761,66.855,66.962,67.086,67.226,67.381,67.548,67.722,67.905,68.096,68.299,68.515,68.742,68.977,69.217,69.454,69.686,69.906,70.112,70.299,70.466,70.616,70.751,70.874,
Trinidad and Tobago,TTO,"Life expectancy at birth, total (years)",SP.DYN.LE00.IN,62.222,62.652,63.036,63.373,63.663,63.908,64.112,64.282,64.43,64.565,64.7,64.844,65.003,65.177,65.368,65.572,65.782,65.987,66.182,66.364,66.533,66.694,66.854,67.015,67.179,67.344,67.507,67.666,67.816,67.957,68.086,68.201,68.305,68.402,68.496,68.597,68.713,68.85,69.011,69.199,69.413,69.65,69.903,70.164,70.428,70.691,70.952,71.21,71.464,71.71,71.946,72.17,72.382,72.582,72.768,72.941,73.1,73.245,73.38,73.507,
Trinidad and Tobago,TTO,"Life expectancy at birth, female (years)",SP.DYN.LE00.FE.IN,63.946,64.411,64.82,65.17,65.465,65.71,65.917,66.098,66.27,66.441,66.621,66.816,67.024,67.241,67.465,67.694,67.921,68.141,68.348,68.538,68.709,68.859,68.991,69.108,69.215,69.317,69.421,69.529,69.645,69.772,69.905,70.038,70.167,70.291,70.415,70.548,70.703,70.889,71.111,71.371,71.668,71.995,72.342,72.696,73.048,73.388,73.709,74.008,74.285,74.538,74.766,74.971,75.158,75.334,75.5,75.659,75.811,75.955,76.092,76.224,
Tunisia,TUN,"Life expectancy at birth, male (years)",SP.DYN.LE00.MA.IN,41.06,41.686,42.369,43.112,43.918,44.791,45.733,46.741,47.804,48.91,50.052,51.219,52.4,53.58,54.743,55.876,56.972,58.026,59.032,59.983,60.865,61.667,62.39,63.041,63.631,64.175,64.694,65.206,65.724,66.253,66.791,67.328,67.848,68.338,68.792,69.209,69.59,69.94,70.265,70.568,70.846,71.099,71.326,71.53,71.716,71.892,72.067,72.246,72.433,72.632,72.842,73.059,73.277,73.491,73.7,73.903,74.102,74.297,74.493,74.688,
Tunisia,TUN,"Life expectancy at birth, total (years)",SP.DYN.LE00.IN,42.021,42.656,43.351,44.11,44.932,45.821,46.78,47.804,48.882,50.001,51.145,52.299,53.452,54.59,55.704,56.794,57.866,58.928,59.979,61.01,61.999,62.924,63.769,64.53,65.211,65.831,66.414,66.989,67.574,68.176,68.792,69.407,70.001,70.555,71.062,71.517,71.921,72.282,72.608,72.904,73.172,73.415,73.638,73.842,74.034,74.217,74.391,74.558,74.72,74.88,75.041,75.206,75.376,75.552,75.734,75.922,76.115,76.31,76.505,76.699,
Tunisia,TUN,"Life expectancy at birth, female (years)",SP.DYN.LE00.FE.IN,43.007,43.653,44.363,45.139,45.98,46.889,47.869,48.913,50.008,51.14,52.288,53.43,54.553,55.648,56.713,57.76,58.814,59.893,61.001,62.127,63.242,64.306,65.287,66.167,66.945,67.642,68.291,68.931,69.591,70.276,70.983,71.696,72.384,73.025,73.606,74.12,74.564,74.948,75.281,75.57,75.824,76.051,76.258,76.451,76.635,76.808,76.964,77.099,77.212,77.307,77.392,77.48,77.578,77.695,77.832,77.99,78.165,78.35,78.536,78.721,
Turkey,TUR,"Life expectancy at birth, male (years)",SP.DYN.LE00.MA.IN,42.481,43.244,44.025,44.815,45.599,46.361,47.085,47.768,48.409,49.009,49.578,50.129,50.68,51.241,51.82,52.414,53.02,53.626,54.225,54.815,55.395,55.971,56.545,57.119,57.691,58.252,58.793,59.308,59.796,60.263,60.716,61.167,61.629,62.114,62.628,63.179,63.775,64.407,65.063,65.731,66.39,67.015,67.592,68.113,68.579,69.004,69.41,69.822,70.255,70.716,71.199,71.694,72.181,72.644,73.075,73.47,73.826,74.149,74.447,74.724,
Turkey,TUR,"Life expectancy at birth, total (years)",SP.DYN.LE00.IN,45.369,46.093,46.83,47.573,48.312,49.035,49.733,50.406,51.053,51.678,52.286,52.887,53.492,54.109,54.741,55.387,56.046,56.709,57.37,58.023,58.667,59.297,59.915,60.52,61.111,61.682,62.231,62.758,63.266,63.763,64.256,64.757,65.275,65.815,66.377,66.963,67.57,68.189,68.807,69.417,70.005,70.56,71.078,71.559,72.004,72.424,72.83,73.235,73.649,74.074,74.507,74.944,75.373,75.784,76.172,76.532,76.86,77.161,77.437,77.691,
Turkey,TUR,"Life expectancy at birth, female (years)",SP.DYN.LE00.FE.IN,48.433,49.108,49.789,50.471,51.149,51.819,52.478,53.13,53.779,54.427,55.079,55.738,56.41,57.095,57.793,58.505,59.231,59.966,60.703,61.435,62.153,62.849,63.518,64.158,64.768,65.35,65.905,66.441,66.968,67.494,68.027,68.58,69.155,69.748,70.358,70.975,71.588,72.182,72.749,73.284,73.784,74.252,74.697,75.127,75.543,75.949,76.346,76.734,77.111,77.479,77.84,78.194,78.541,78.88,79.209,79.522,79.816,80.088,80.336,80.563,
Tuvalu,TUV,"Life expectancy at birth, male (years)",SP.DYN.LE00.MA.IN,,,,,,,,,,,,,,,,,,,,,,,,,,,,,,,,,,,,,,,,,,,,,,,,,,,,,,,,,,,,,
Tuvalu,TUV,"Life expectancy at birth, total (years)",SP.DYN.LE00.IN,,,,,,,,,,,,,,,,,,,,,,,,,,,,,,,,,,,,,,,,,,,,,,,,,,,,,,,,,,,,,
Tuvalu,TUV,"Life expectancy at birth, female (years)",SP.DYN.LE00.FE.IN,,,,,,,,,,,,,,,,,,,,,,,,,,,,,,,,,,,,,,,,,,,,,,,,,,,,,,,,,,,,,
Tanzania,TZA,"Life expectancy at birth, male (years)",SP.DYN.LE00.MA.IN,42.362,42.6,42.85,43.12,43.416,43.74,44.089,44.455,44.828,45.206,45.593,45.992,46.406,46.829,47.251,47.658,48.033,48.363,48.64,48.857,49.015,49.12,49.183,49.214,49.215,49.181,49.102,48.973,48.799,48.59,48.354,48.099,47.845,47.617,47.444,47.36,47.401,47.579,47.897,48.353,48.936,49.625,50.385,51.181,51.993,52.803,53.603,54.396,55.189,55.978,56.776,57.599,58.453,59.333,60.22,61.082,61.879,62.581,63.17,63.643,
Tanzania,TZA,"Life expectancy at birth, total (years)",SP.DYN.LE00.IN,43.6,43.859,44.121,44.393,44.682,44.991,45.321,45.668,46.028,46.399,46.784,47.188,47.609,48.04,48.472,48.887,49.269,49.606,49.889,50.115,50.288,50.421,50.526,50.613,50.683,50.726,50.725,50.671,50.561,50.403,50.206,49.978,49.743,49.529,49.365,49.287,49.329,49.503,49.809,50.248,50.801,51.444,52.142,52.866,53.602,54.349,55.119,55.926,56.777,57.666,58.584,59.525,60.47,61.398,62.288,63.111,63.844,64.479,65.015,65.456,
Tanzania,TZA,"Life expectancy at birth, female (years)",SP.DYN.LE00.FE.IN,44.836,45.116,45.391,45.665,45.945,46.237,46.546,46.874,47.218,47.581,47.965,48.375,48.804,49.245,49.685,50.109,50.499,50.841,51.132,51.368,51.559,51.721,51.871,52.019,52.162,52.287,52.371,52.398,52.36,52.262,52.11,51.915,51.704,51.508,51.355,51.283,51.324,51.489,51.78,52.192,52.708,53.294,53.916,54.552,55.196,55.866,56.596,57.412,58.325,59.319,60.369,61.438,62.482,63.461,64.349,65.127,65.786,66.346,66.824,67.233,
Uganda,UGA,"Life expectancy at birth, male (years)",SP.DYN.LE00.MA.IN,42.907,43.504,44.11,44.719,45.32,45.894,46.422,46.892,47.293,47.62,47.875,48.061,48.196,48.293,48.362,48.418,48.478,48.54,48.596,48.632,48.617,48.515,48.3,47.959,47.491,46.895,46.178,45.377,44.54,43.706,42.915,42.194,41.57,41.071,40.734,40.6,40.706,41.047,41.609,42.375,43.323,44.424,45.63,46.893,48.175,49.447,50.697,51.926,53.125,54.274,55.349,56.334,57.224,58.018,58.716,59.318,59.83,60.27,60.655,61,
Uganda,UGA,"Life expectancy at birth, total (years)",SP.DYN.LE00.IN,44.359,44.955,45.558,46.162,46.755,47.32,47.839,48.297,48.687,49.005,49.251,49.43,49.558,49.65,49.715,49.769,49.826,49.886,49.943,49.988,50,49.955,49.831,49.615,49.304,48.892,48.378,47.784,47.145,46.492,45.853,45.252,44.715,44.272,43.961,43.824,43.899,44.19,44.685,45.373,46.229,47.22,48.299,49.421,50.554,51.676,52.784,53.887,54.984,56.06,57.099,58.087,59.017,59.881,60.669,61.373,61.986,62.516,62.973,63.368,
Uganda,UGA,"Life expectancy at birth, female (years)",SP.DYN.LE00.FE.IN,45.855,46.449,47.049,47.647,48.233,48.789,49.297,49.745,50.125,50.433,50.67,50.841,50.961,51.046,51.106,51.155,51.206,51.259,51.312,51.364,51.404,51.42,51.398,51.327,51.2,51.007,50.738,50.401,50.014,49.594,49.158,48.716,48.294,47.922,47.635,47.478,47.492,47.691,48.073,48.63,49.341,50.171,51.073,52.005,52.943,53.876,54.811,55.764,56.74,57.731,58.725,59.714,60.683,61.616,62.496,63.303,64.018,64.64,65.173,65.622,
Ukraine,UKR,"Life expectancy at birth, male (years)",SP.DYN.LE00.MA.IN,65.641,66.078,66.41,66.646,66.797,66.871,66.878,66.826,66.726,66.59,66.424,66.228,66.005,65.76,65.503,65.24,64.973,64.711,64.467,64.26,64.131,64.124,64.251,64.497,64.831,65.186,65.481,66.3,66.4,66.1,65.6,64.62,63.81,63.16,62.39,61.22,61.52,62.23,63.17,62.62,62.1,62.32,62.7,62.64,62.6,62.23,62.38,62.51,62.51,63.79,65.28,65.98,66.11,66.34,66.25,66.37,66.73,67.02,66.69,66.92,
Ukraine,UKR,"Life expectancy at birth, total (years)",SP.DYN.LE00.IN,68.29953659,68.76385366,69.14609756,69.45770732,69.70821951,69.90563415,70.05653659,70.16112195,70.22307317,70.24756098,70.23521951,70.18263415,70.09085366,69.96292683,69.80885366,69.63463415,69.44617073,69.25343902,69.07090244,68.91512195,68.81782927,68.81082927,68.9012439,69.0774878,69.31734146,69.57478049,69.7912439,70.49512195,70.49756098,70.53902439,70.09756098,69.29804878,68.77097561,68.13073171,67.54121951,66.74195122,67.02243902,67.57634146,68.37487805,67.98097561,67.67560976,67.83707317,68.27560976,68.21073171,68.18536585,67.95682927,68.07756098,68.22219512,68.25146341,69.19,70.26536585,70.80926829,70.94414634,71.1595122,71.18658537,71.1895122,71.47634146,71.78097561,71.58268293,71.82731707,
Ukraine,UKR,"Life expectancy at birth, female (years)",SP.DYN.LE00.FE.IN,71.091,71.584,72.019,72.41,72.765,73.092,73.394,73.663,73.895,74.088,74.237,74.335,74.381,74.376,74.33,74.249,74.143,74.023,73.905,73.803,73.739,73.732,73.784,73.887,74.028,74.183,74.317,74.9,74.8,75.2,74.82,74.21,73.98,73.35,72.95,72.54,72.8,73.19,73.84,73.61,73.53,73.63,74.13,74.06,74.05,73.97,74.06,74.22,74.28,74.86,75.5,75.88,76.02,76.22,76.37,76.25,76.46,76.78,76.72,76.98,
Upper middle income,UMC,"Life expectancy at birth, male (years)",SP.DYN.LE00.MA.IN,47.76348074,48.26806837,48.90448018,49.72650138,50.77000512,51.98433397,53.29272824,54.62055722,55.8954451,57.04902406,58.07704475,58.98860391,59.78695,60.52880303,61.19019125,61.74583118,62.27414143,62.73073159,63.16519011,63.52290535,63.88352106,64.23515315,64.59318573,64.88805243,65.13743194,65.47336817,65.8601071,66.05490574,66.20117062,66.29034708,66.35476335,66.42627077,66.41137794,66.29581371,66.34610304,66.55746648,66.88287997,67.2332232,67.54783357,67.78363598,68.05670563,68.36242835,68.64672545,68.92850539,69.22571175,69.47685047,69.80873631,70.104839,70.36822906,70.66783544,70.91685695,71.22510786,71.51504661,71.81110519,72.07146729,72.35320683,72.62038746,72.89779242,73.11238188,73.32242953,
Upper middle income,UMC,"Life expectancy at birth, total (years)",SP.DYN.LE00.IN,49.87160224,50.38889366,51.04447495,51.89673925,52.98754233,54.25509703,55.60846427,56.96643829,58.24667002,59.38256099,60.39913665,61.25850838,61.98544745,62.66882528,63.30323919,63.83486347,64.35973765,64.84510614,65.29841299,65.68700706,66.07884119,66.45687419,66.83128913,67.13695364,67.39611066,67.71835302,68.08829511,68.30208663,68.49089728,68.63182327,68.76053126,68.87820411,68.89599569,68.89353253,69.03648418,69.24427916,69.54996618,69.85968302,70.14256929,70.34762305,70.59657743,70.86080564,71.10839172,71.36880272,71.66304571,71.92229084,72.25858127,72.5759232,72.86469233,73.18989743,73.47072783,73.80762835,74.11667364,74.43358069,74.71144436,74.99410517,75.26263519,75.52997259,75.74112128,75.94306408,
Upper middle income,UMC,"Life expectancy at birth, female (years)",SP.DYN.LE00.FE.IN,52.2134125,52.73618821,53.40290779,54.27644358,55.40503992,56.71731743,58.10691209,59.48703833,60.7657061,61.87782141,62.88448818,63.68741718,64.33648717,64.95638153,65.56434659,66.07179578,66.59509684,67.11622081,67.59316121,68.01893311,68.44647749,68.8578816,69.25187006,69.57109456,69.84254783,70.14684525,70.49319094,70.73012262,70.9731438,71.17874731,71.38707185,71.5576314,71.61978946,71.75743271,72.01582112,72.22061323,72.50315076,72.75989649,73.00587966,73.17346509,73.39353892,73.6049602,73.80865168,74.04361957,74.3331517,74.60030759,74.93847632,75.27892857,75.59403092,75.94514916,76.25965429,76.623427,76.94742967,77.28112185,77.57085292,77.84565858,78.10648626,78.35213057,78.55161067,78.73678845,
Uruguay,URY,"Life expectancy at birth, male (years)",SP.DYN.LE00.MA.IN,64.852,65.064,65.242,65.378,65.469,65.519,65.533,65.526,65.515,65.51,65.518,65.545,65.592,65.66,65.752,65.876,66.034,66.224,66.443,66.683,66.938,67.198,67.456,67.703,67.934,68.142,68.322,68.48,68.621,68.752,68.882,69.023,69.184,69.368,69.577,69.807,70.049,70.292,70.528,70.753,70.97,71.181,71.394,71.611,71.831,72.049,72.258,72.453,72.63,72.788,72.929,73.054,73.172,73.287,73.405,73.529,73.662,73.805,73.958,74.119,
Uruguay,URY,"Life expectancy at birth, total (years)",SP.DYN.LE00.IN,67.783,68.007,68.198,68.347,68.455,68.521,68.554,68.567,68.575,68.588,68.616,68.664,68.732,68.823,68.941,69.089,69.271,69.484,69.723,69.983,70.256,70.536,70.814,71.085,71.343,71.583,71.804,72.008,72.201,72.386,72.569,72.757,72.955,73.166,73.388,73.62,73.854,74.086,74.309,74.523,74.731,74.939,75.152,75.373,75.599,75.826,76.046,76.251,76.437,76.603,76.75,76.882,77.004,77.124,77.244,77.369,77.498,77.632,77.77,77.911,
Uruguay,URY,"Life expectancy at birth, female (years)",SP.DYN.LE00.FE.IN,71.093,71.314,71.504,71.657,71.771,71.849,71.894,71.921,71.944,71.971,72.012,72.075,72.16,72.269,72.405,72.573,72.773,73.001,73.252,73.521,73.802,74.088,74.376,74.659,74.934,75.197,75.449,75.691,75.927,76.157,76.381,76.603,76.822,77.04,77.257,77.47,77.678,77.878,78.07,78.257,78.443,78.634,78.834,79.043,79.261,79.481,79.694,79.895,80.077,80.239,80.382,80.511,80.632,80.751,80.87,80.992,81.115,81.238,81.359,81.478,
United States,USA,"Life expectancy at birth, male (years)",SP.DYN.LE00.MA.IN,66.6,67.1,66.9,66.6,66.8,66.8,66.7,67,66,66.8,67.1,67.4,67.4,67.6,68.2,68.8,69.1,69.5,69.6,70,70,70.4,70.8,71,71.1,71.1,71.2,71.4,71.4,71.7,71.8,72,72.3,72.2,72.4,72.5,73.1,73.6,73.8,73.9,74.1,74.3,74.4,74.5,75,75,75.2,75.5,75.6,76,76.2,76.3,76.4,76.4,76.5,76.3,76.1,76.1,76.2,76.3,
United States,USA,"Life expectancy at birth, total (years)",SP.DYN.LE00.IN,69.77073171,70.27073171,70.1195122,69.91707317,70.16585366,70.21463415,70.21219512,70.56097561,69.95121951,70.50731707,70.80731707,71.10731707,71.15609756,71.35609756,71.95609756,72.60487805,72.85609756,73.25609756,73.35609756,73.80487805,73.6097561,74.0097561,74.36097561,74.46341463,74.56341463,74.56341463,74.61463415,74.76585366,74.76585366,75.01707317,75.21463415,75.36585366,75.61707317,75.4195122,75.6195122,75.62195122,76.02682927,76.42926829,76.5804878,76.58292683,76.63658537,76.83658537,76.93658537,77.03658537,77.48780488,77.48780488,77.68780488,77.98780488,78.03902439,78.3902439,78.54146341,78.64146341,78.74146341,78.74146341,78.84146341,78.6902439,78.53902439,78.53902439,78.63902439,78.78780488,
United States,USA,"Life expectancy at birth, female (years)",SP.DYN.LE00.FE.IN,73.1,73.6,73.5,73.4,73.7,73.8,73.9,74.3,74.1,74.4,74.7,75,75.1,75.3,75.9,76.6,76.8,77.2,77.3,77.8,77.4,77.8,78.1,78.1,78.2,78.2,78.2,78.3,78.3,78.5,78.8,78.9,79.1,78.8,79,78.9,79.1,79.4,79.5,79.4,79.3,79.5,79.6,79.7,80.1,80.1,80.3,80.6,80.6,80.9,81,81.1,81.2,81.2,81.3,81.2,81.1,81.1,81.2,81.4,
Uzbekistan,UZB,"Life expectancy at birth, male (years)",SP.DYN.LE00.MA.IN,55.116,55.486,55.861,56.24,56.621,56.999,57.371,57.731,58.076,58.403,58.706,58.98,59.227,59.453,59.662,59.866,60.073,60.294,60.535,60.799,61.094,61.426,61.785,62.158,62.528,62.865,63.139,63.332,63.438,63.462,63.421,63.341,63.259,63.204,63.192,63.232,63.322,63.447,63.595,63.765,63.956,64.17,64.408,64.669,64.951,65.252,65.57,65.902,66.243,66.59,66.943,67.301,67.665,68.028,68.382,68.712,69.004,69.25,69.445,69.592,
Uzbekistan,UZB,"Life expectancy at birth, total (years)",SP.DYN.LE00.IN,58.835,59.21,59.589,59.969,60.348,60.723,61.089,61.442,61.779,62.097,62.392,62.66,62.903,63.125,63.332,63.53,63.729,63.934,64.152,64.385,64.637,64.914,65.206,65.504,65.796,66.059,66.27,66.416,66.495,66.512,66.481,66.424,66.368,66.336,66.343,66.396,66.494,66.626,66.782,66.959,67.156,67.374,67.613,67.868,68.135,68.407,68.676,68.939,69.193,69.435,69.672,69.91,70.155,70.41,70.671,70.928,71.171,71.388,71.573,71.725,
Uzbekistan,UZB,"Life expectancy at birth, female (years)",SP.DYN.LE00.FE.IN,62.451,62.806,63.166,63.529,63.892,64.251,64.602,64.941,65.264,65.569,65.852,66.112,66.351,66.571,66.777,66.974,67.167,67.361,67.56,67.763,67.974,68.193,68.416,68.635,68.845,69.032,69.184,69.296,69.367,69.402,69.411,69.408,69.408,69.427,69.474,69.556,69.675,69.825,69.999,70.195,70.41,70.644,70.894,71.152,71.41,71.655,71.875,72.065,72.224,72.354,72.465,72.57,72.685,72.818,72.973,73.145,73.328,73.508,73.676,73.829,
St. Vincent and the Grenadines,VCT,"Life expectancy at birth, male (years)",SP.DYN.LE00.MA.IN,57.798,58.374,58.909,59.4,59.849,60.257,60.627,60.967,61.287,61.596,61.902,62.212,62.531,62.863,63.213,63.591,64.005,64.451,64.923,65.41,65.899,66.374,66.819,67.224,67.583,67.895,68.168,68.413,68.637,68.841,69.016,69.154,69.245,69.288,69.287,69.246,69.175,69.086,68.994,68.911,68.85,68.823,68.831,68.871,68.942,69.036,69.141,69.245,69.34,69.421,69.491,69.553,69.617,69.69,69.774,69.867,69.969,70.075,70.182,70.289,
St. Vincent and the Grenadines,VCT,"Life expectancy at birth, total (years)",SP.DYN.LE00.IN,59.26,59.891,60.474,61.006,61.488,61.924,62.318,62.682,63.026,63.36,63.691,64.026,64.365,64.711,65.069,65.445,65.844,66.263,66.698,67.143,67.59,68.031,68.456,68.856,69.223,69.551,69.835,70.078,70.283,70.451,70.58,70.669,70.723,70.748,70.752,70.745,70.736,70.731,70.738,70.762,70.809,70.882,70.977,71.087,71.208,71.331,71.449,71.554,71.643,71.716,71.776,71.827,71.879,71.939,72.01,72.095,72.193,72.3,72.415,72.534,
St. Vincent and the Grenadines,VCT,"Life expectancy at birth, female (years)",SP.DYN.LE00.FE.IN,60.464,61.14,61.763,62.33,62.844,63.309,63.733,64.126,64.499,64.862,65.221,65.581,65.943,66.306,66.675,67.053,67.444,67.846,68.256,68.672,69.091,69.515,69.936,70.348,70.74,71.097,71.403,71.652,71.843,71.977,72.062,72.105,72.126,72.14,72.162,72.204,72.277,72.378,72.507,72.662,72.839,73.033,73.233,73.429,73.614,73.783,73.93,74.056,74.164,74.256,74.335,74.404,74.47,74.537,74.609,74.692,74.786,74.892,75.007,75.131,
"Venezuela, RB",VEN,"Life expectancy at birth, male (years)",SP.DYN.LE00.MA.IN,58.226,58.734,59.219,59.678,60.112,60.53,60.941,61.353,61.77,62.192,62.615,63.03,63.425,63.796,64.137,64.449,64.735,65.001,65.254,65.496,65.731,65.963,66.191,66.414,66.631,66.842,67.044,67.234,67.409,67.567,67.705,67.819,67.91,67.982,68.039,68.091,68.149,68.219,68.306,68.411,68.531,68.66,68.789,68.907,69.013,69.104,69.186,69.26,69.326,69.379,69.405,69.388,69.321,69.205,69.05,68.871,68.687,68.523,68.398,68.327,
"Venezuela, RB",VEN,"Life expectancy at birth, total (years)",SP.DYN.LE00.IN,59.831,60.377,60.907,61.422,61.923,62.416,62.91,63.409,63.916,64.427,64.935,65.428,65.896,66.331,66.729,67.092,67.42,67.723,68.009,68.281,68.542,68.795,69.038,69.272,69.497,69.715,69.923,70.123,70.312,70.491,70.658,70.811,70.951,71.079,71.2,71.321,71.451,71.596,71.756,71.93,72.112,72.294,72.466,72.618,72.746,72.852,72.938,73.01,73.071,73.116,73.134,73.11,73.037,72.918,72.762,72.584,72.405,72.246,72.128,72.064,
"Venezuela, RB",VEN,"Life expectancy at birth, female (years)",SP.DYN.LE00.FE.IN,61.585,62.173,62.756,63.335,63.911,64.491,65.08,65.681,66.29,66.902,67.505,68.086,68.635,69.142,69.603,70.018,70.391,70.732,71.049,71.347,71.63,71.897,72.149,72.387,72.613,72.829,73.038,73.24,73.439,73.634,73.828,74.019,74.207,74.394,74.582,74.776,74.985,75.211,75.451,75.701,75.951,76.191,76.408,76.594,76.746,76.862,76.95,77.016,77.066,77.099,77.105,77.071,76.991,76.867,76.709,76.531,76.353,76.194,76.074,76.004,
British Virgin Islands,VGB,"Life expectancy at birth, male (years)",SP.DYN.LE00.MA.IN,,,,,,,,,,,,,,,,,,,,,,,,,,,,,,,,,,,,,,,,,,,,,,,,,,,,,,,,,,,,,
British Virgin Islands,VGB,"Life expectancy at birth, total (years)",SP.DYN.LE00.IN,,,,,,,,,,,,,,,,,,,,,,,,,,,,,,,,,,,,,,,,,,,,,,,,,,,,,,,,,,,,,
British Virgin Islands,VGB,"Life expectancy at birth, female (years)",SP.DYN.LE00.FE.IN,,,,,,,,,,,,,,,,,,,,,,,,,,,,,,,,,,,,,,,,,,,,,,,,,,,,,,,,,,,,,
Virgin Islands (U.S.),VIR,"Life expectancy at birth, male (years)",SP.DYN.LE00.MA.IN,64.699,64.967,65.225,65.485,65.755,66.041,66.34,66.646,66.952,67.257,67.559,67.857,68.151,68.439,68.721,68.993,69.252,69.497,69.729,69.95,70.165,70.379,70.596,70.82,71.051,71.289,71.529,71.768,72.001,72.228,72.45,72.67,72.889,73.109,73.329,73.547,73.76,73.964,74.156,74.336,73.4,74.5,74.4,74.4,74.7,74.3,75.3,73.4,73.7,74.1,74.5,75,75.2,75.4,75.6,75.7,75.9,76.1,76.3,76.4,
Virgin Islands (U.S.),VIR,"Life expectancy at birth, total (years)",SP.DYN.LE00.IN,66.22485366,66.48797561,66.74109756,66.99621951,67.26036585,67.5405122,67.83512195,68.13819512,68.44273171,68.74821951,69.05119512,69.35114634,69.64660976,69.93558537,70.21758537,70.49007317,70.75053659,70.99992683,71.2392439,71.47097561,71.70012195,71.93070732,72.1662439,72.4102439,72.66221951,72.92217073,73.18704878,73.45385366,73.71758537,73.9782439,74.23585366,74.49195122,74.74704878,75.00265854,75.25729268,75.50992683,75.75902439,76.00253659,76.23697561,76.46185366,76.6195122,77.62195122,77.52195122,77.52195122,77.77317073,77.42195122,78.32439024,76.86341463,77.16341463,77.51463415,77.86585366,78.31707317,78.51707317,78.71707317,78.86829268,79.01707317,79.16829268,79.36829268,79.5195122,79.66829268,
Virgin Islands (U.S.),VIR,"Life expectancy at birth, female (years)",SP.DYN.LE00.FE.IN,67.827,68.085,68.333,68.583,68.841,69.115,69.405,69.705,70.008,70.314,70.618,70.92,71.217,71.507,71.789,72.062,72.324,72.578,72.825,73.068,73.312,73.56,73.815,74.08,74.354,74.637,74.928,75.224,75.52,75.816,76.111,76.405,76.698,76.991,77.282,77.571,77.858,78.143,78.422,78.694,80,80.9,80.8,80.8,81,80.7,81.5,80.5,80.8,81.1,81.4,81.8,82,82.2,82.3,82.5,82.6,82.8,82.9,83.1,
Vietnam,VNM,"Life expectancy at birth, male (years)",SP.DYN.LE00.MA.IN,55.628,56.212,56.772,57.284,57.713,57.948,57.863,57.424,56.675,55.713,54.759,54.084,53.886,54.27,55.231,56.651,58.317,59.955,61.35,62.413,63.12,63.529,63.789,64.022,64.269,64.55,64.862,65.173,65.463,65.732,65.986,66.231,66.474,66.719,66.968,67.218,67.464,67.7,67.925,68.142,68.359,68.592,68.847,69.126,69.422,69.722,70.005,70.255,70.46,70.616,70.725,70.796,70.845,70.887,70.931,70.984,71.049,71.124,71.207,71.301,
Vietnam,VNM,"Life expectancy at birth, total (years)",SP.DYN.LE00.IN,59.039,59.72,60.387,61.02,61.581,61.963,62.037,61.767,61.186,60.383,59.563,58.98,58.826,59.203,60.112,61.446,63.01,64.547,65.859,66.865,67.542,67.942,68.203,68.439,68.688,68.972,69.293,69.624,69.943,70.252,70.551,70.842,71.124,71.399,71.666,71.923,72.168,72.399,72.617,72.824,73.025,73.228,73.438,73.654,73.875,74.092,74.295,74.474,74.625,74.745,74.837,74.904,74.958,75.006,75.056,75.11,75.172,75.241,75.317,75.4,
Vietnam,VNM,"Life expectancy at birth, female (years)",SP.DYN.LE00.FE.IN,62.678,63.453,64.231,64.99,65.696,66.248,66.523,66.481,66.142,65.579,64.964,64.519,64.414,64.748,65.527,66.666,68.005,69.327,70.465,71.35,71.963,72.346,72.612,72.856,73.111,73.399,73.728,74.076,74.426,74.778,75.126,75.466,75.793,76.1,76.387,76.651,76.894,77.119,77.33,77.526,77.709,77.879,78.034,78.176,78.306,78.425,78.532,78.631,78.721,78.805,78.883,78.957,79.027,79.094,79.159,79.226,79.294,79.366,79.442,79.523,
Vanuatu,VUT,"Life expectancy at birth, male (years)",SP.DYN.LE00.MA.IN,48.091,48.611,49.131,49.65,50.17,50.694,51.225,51.765,52.315,52.872,53.434,53.994,54.549,55.096,55.634,56.167,56.7,57.238,57.783,58.336,58.896,59.46,60.022,60.577,61.117,61.637,62.132,62.599,63.036,63.44,63.81,64.144,64.446,64.719,64.968,65.198,65.416,65.624,65.826,66.024,66.217,66.403,66.577,66.737,66.885,67.02,67.146,67.267,67.386,67.507,67.634,67.769,67.913,68.064,68.222,68.383,68.544,68.699,68.847,68.985,
Vanuatu,VUT,"Life expectancy at birth, total (years)",SP.DYN.LE00.IN,48.975,49.498,50.031,50.576,51.131,51.694,52.259,52.819,53.372,53.915,54.451,54.981,55.51,56.043,56.582,57.128,57.684,58.249,58.819,59.391,59.961,60.528,61.087,61.632,62.158,62.659,63.131,63.574,63.986,64.368,64.721,65.047,65.349,65.633,65.903,66.162,66.414,66.66,66.899,67.134,67.363,67.583,67.793,67.99,68.176,68.35,68.515,68.672,68.824,68.974,69.123,69.272,69.421,69.57,69.719,69.869,70.021,70.172,70.323,70.474,
Vanuatu,VUT,"Life expectancy at birth, female (years)",SP.DYN.LE00.FE.IN,49.962,50.483,51.026,51.594,52.186,52.796,53.411,54.019,54.612,55.186,55.743,56.289,56.832,57.381,57.937,58.503,59.08,59.665,60.251,60.834,61.409,61.971,62.516,63.039,63.536,64.003,64.436,64.837,65.209,65.554,65.879,66.187,66.484,66.775,67.063,67.35,67.636,67.919,68.197,68.468,68.73,68.983,69.225,69.456,69.675,69.883,70.079,70.264,70.44,70.609,70.771,70.926,71.078,71.226,71.373,71.522,71.674,71.83,71.99,72.154,
World,WLD,"Life expectancy at birth, male (years)",SP.DYN.LE00.MA.IN,50.73588075,51.2223811,51.62936755,52.13104513,52.77377084,53.40859539,54.11230282,54.79692146,55.36887839,55.98365799,56.57510274,57.11761141,57.62769114,58.09818865,58.59961978,59.04117923,59.45679467,59.84826304,60.18292098,60.50839963,60.77299854,61.08880214,61.40208232,61.64549265,61.90376581,62.17393056,62.49110966,62.74208431,62.93968495,63.13288759,63.29024763,63.45699602,63.59392311,63.67526091,63.84051366,64.0323357,64.33667268,64.64311615,64.90585164,65.13761159,65.40822241,65.70396259,65.96961167,66.24300382,66.57215585,66.84010054,67.17944513,67.50102789,67.80063176,68.13588168,68.43215952,68.74188121,69.0219312,69.30316994,69.57173833,69.77934982,70.00939388,70.22194233,70.403906,70.57949111,
World,WLD,"Life expectancy at birth, total (years)",SP.DYN.LE00.IN,52.58193875,53.07512812,53.49244346,54.01753898,54.6875302,55.34693391,56.07848103,56.78377389,57.38627318,57.99199928,58.57975803,59.11045886,59.59650708,60.04732476,60.54066306,60.98545571,61.40880302,61.83266426,62.19342263,62.55547206,62.84174466,63.1825087,63.50892059,63.7570354,64.02157095,64.2791077,64.57949518,64.83055625,65.03449926,65.24696878,65.43292073,65.61804589,65.769659,65.88402592,66.08743355,66.27387614,66.55801327,66.84296937,67.08624391,67.29362178,67.54902793,67.82173353,68.07037328,68.32623451,68.65264378,68.92032186,69.26239879,69.59170555,69.89949278,70.2465195,70.5565916,70.883485,71.17154765,71.46266033,71.74197845,71.94747668,72.18117115,72.38592012,72.56865794,72.74168946,
World,WLD,"Life expectancy at birth, female (years)",SP.DYN.LE00.FE.IN,54.60638218,55.10384343,55.52907445,56.07556772,56.77028356,57.45200541,58.2098818,58.93448993,59.56849628,60.16408191,60.74985377,61.26904569,61.72854351,62.15702541,62.64192266,63.09008126,63.52148265,63.98193122,64.37208114,64.77577857,65.08729187,65.45567071,65.79674112,66.05033589,66.32099952,66.5611093,66.83738429,67.08589521,67.29668583,67.53153575,67.7506293,67.9556145,68.12616717,68.28250829,68.53266534,68.71416688,68.97512478,69.23219243,69.45263627,69.6308569,69.86753299,70.11112393,70.33791085,70.57320338,70.89540335,71.16224169,71.50620413,71.84413754,72.1606302,72.51965214,72.84363723,73.18775959,73.48212336,73.78223921,74.0701324,74.27003556,74.5045393,74.69664375,74.87741207,75.04468618,
Samoa,WSM,"Life expectancy at birth, male (years)",SP.DYN.LE00.MA.IN,54.175,54.453,54.731,55.01,55.293,55.583,55.88,56.185,56.499,56.822,57.155,57.497,57.848,58.207,58.571,58.944,59.326,59.716,60.112,60.508,60.897,61.269,61.621,61.947,62.245,62.513,62.751,62.964,63.162,63.351,63.538,63.727,63.925,64.137,64.368,64.626,64.918,65.242,65.592,65.964,66.348,66.73,67.102,67.454,67.784,68.092,68.383,68.667,68.95,69.231,69.51,69.782,70.043,70.286,70.511,70.715,70.895,71.055,71.197,71.324,
Samoa,WSM,"Life expectancy at birth, total (years)",SP.DYN.LE00.IN,56.902,57.188,57.472,57.756,58.045,58.34,58.642,58.951,59.266,59.589,59.919,60.256,60.599,60.948,61.301,61.661,62.031,62.41,62.796,63.184,63.567,63.937,64.289,64.617,64.92,65.194,65.443,65.67,65.883,66.085,66.281,66.47,66.655,66.842,67.037,67.249,67.491,67.764,68.067,68.399,68.748,69.103,69.451,69.781,70.089,70.374,70.642,70.901,71.158,71.412,71.663,71.906,72.136,72.351,72.549,72.73,72.895,73.046,73.187,73.321,
Samoa,WSM,"Life expectancy at birth, female (years)",SP.DYN.LE00.FE.IN,60.246,60.535,60.819,61.098,61.376,61.655,61.94,62.233,62.536,62.851,63.175,63.508,63.847,64.188,64.531,64.877,65.229,65.588,65.953,66.32,66.688,67.052,67.408,67.749,68.073,68.375,68.65,68.899,69.124,69.327,69.505,69.658,69.79,69.91,70.028,70.161,70.327,70.535,70.789,71.084,71.411,71.752,72.087,72.4,72.685,72.94,73.171,73.39,73.605,73.819,74.03,74.233,74.424,74.6,74.762,74.911,75.052,75.189,75.325,75.464,
Kosovo,XKX,"Life expectancy at birth, male (years)",SP.DYN.LE00.MA.IN,,,,,,,,,,,,,,,,,,,,,,63.7,63.8,63.9,64,64.1,64.2,64.3,64.4,64.5,64.6,64.7,64.8,64.9,65,65.1,65.2,65.3,65.4,65.4,65.5,65.6,65.7,66,66.3,66.5,66.8,67.1,67.4,67.7,67.9,68.2,68.5,68.7,69,69.3,69.5,69.8,70,70.3,
Kosovo,XKX,"Life expectancy at birth, total (years)",SP.DYN.LE00.IN,,,,,,,,,,,,,,,,,,,,,,65.79756098,65.94634146,66.04634146,66.14634146,66.29512195,66.39512195,66.49512195,66.59512195,66.69512195,66.79512195,66.94390244,67.04390244,67.14390244,67.24390244,67.34390244,67.44390244,67.54390244,67.64390244,67.64390244,67.74390244,67.84390244,67.94390244,68.24390244,68.54390244,68.79268293,69.04390244,69.34390244,69.64390244,69.94390244,70.14390244,70.44390244,70.74390244,70.94390244,71.24390244,71.49512195,71.74390244,71.99512195,72.24390244,72.49512195,
Kosovo,XKX,"Life expectancy at birth, female (years)",SP.DYN.LE00.FE.IN,,,,,,,,,,,,,,,,,,,,,,68,68.2,68.3,68.4,68.6,68.7,68.8,68.9,69,69.1,69.3,69.4,69.5,69.6,69.7,69.8,69.9,70,70,70.1,70.2,70.3,70.6,70.9,71.2,71.4,71.7,72,72.3,72.5,72.8,73.1,73.3,73.6,73.8,74.1,74.3,74.6,74.8,
"Yemen, Rep.",YEM,"Life expectancy at birth, male (years)",SP.DYN.LE00.MA.IN,28.838,29.081,29.411,29.845,30.388,31.044,31.81,32.667,33.594,34.577,35.601,36.655,37.73,38.822,39.925,41.043,42.188,43.367,44.578,45.808,47.039,48.252,49.426,50.538,51.572,52.509,53.338,54.066,54.701,55.251,55.718,56.11,56.441,56.732,57.003,57.279,57.582,57.921,58.302,58.731,59.21,59.736,60.291,60.855,61.412,61.947,62.447,62.902,63.306,63.652,63.93,64.134,64.274,64.361,64.404,64.419,64.417,64.413,64.418,64.443,
"Yemen, Rep.",YEM,"Life expectancy at birth, total (years)",SP.DYN.LE00.IN,29.919,30.163,30.5,30.943,31.501,32.175,32.96,33.836,34.78,35.78,36.82,37.888,38.981,40.093,41.219,42.364,43.54,44.753,46,47.265,48.532,49.778,50.981,52.117,53.17,54.12,54.959,55.692,56.331,56.881,57.346,57.73,58.047,58.318,58.566,58.817,59.096,59.415,59.782,60.204,60.683,61.216,61.781,62.358,62.931,63.481,63.997,64.47,64.892,65.255,65.549,65.768,65.92,66.016,66.066,66.085,66.087,66.086,66.096,66.125,
"Yemen, Rep.",YEM,"Life expectancy at birth, female (years)",SP.DYN.LE00.FE.IN,31.062,31.306,31.647,32.1,32.672,33.364,34.167,35.06,36.019,37.03,38.078,39.154,40.253,41.374,42.512,43.672,44.868,46.105,47.379,48.674,49.97,51.244,52.472,53.63,54.698,55.657,56.498,57.229,57.86,58.401,58.858,59.236,59.553,59.831,60.091,60.358,60.655,60.989,61.368,61.796,62.278,62.81,63.376,63.956,64.534,65.093,65.621,66.107,66.544,66.921,67.228,67.458,67.617,67.718,67.77,67.789,67.789,67.786,67.795,67.826,
South Africa,ZAF,"Life expectancy at birth, male (years)",SP.DYN.LE00.MA.IN,45.876,46.257,46.634,47.014,47.406,47.817,48.253,48.713,49.196,49.703,50.234,50.789,51.362,51.947,52.537,53.126,53.704,54.267,54.815,55.347,55.874,56.412,56.969,57.541,58.115,58.677,59.211,59.69,60.081,60.356,60.472,60.392,60.109,59.634,58.983,58.171,57.218,56.177,55.11,54.077,53.14,52.344,51.715,51.278,51.061,51.104,51.439,52.038,52.853,53.833,54.906,55.993,57.027,57.951,58.728,59.342,59.803,60.162,60.463,60.726,
South Africa,ZAF,"Life expectancy at birth, total (years)",SP.DYN.LE00.IN,48.406,48.777,49.142,49.509,49.888,50.284,50.705,51.148,51.615,52.106,52.62,53.157,53.713,54.281,54.856,55.428,55.99,56.538,57.071,57.59,58.107,58.637,59.191,59.766,60.353,60.946,61.54,62.109,62.619,63.035,63.307,63.384,63.247,62.894,62.331,61.561,60.595,59.489,58.315,57.144,56.048,55.089,54.31,53.749,53.444,53.447,53.795,54.452,55.36,56.46,57.669,58.895,60.06,61.099,61.968,62.649,63.153,63.538,63.857,64.131,
South Africa,ZAF,"Life expectancy at birth, female (years)",SP.DYN.LE00.FE.IN,51.161,51.514,51.86,52.208,52.566,52.941,53.34,53.763,54.208,54.678,55.172,55.69,56.228,56.779,57.337,57.893,58.437,58.966,59.479,59.979,60.478,60.994,61.536,62.108,62.705,63.331,63.991,64.663,65.31,65.89,66.342,66.602,66.637,66.426,65.967,65.246,64.266,63.087,61.793,60.462,59.185,58.04,57.087,56.382,55.974,55.927,56.281,56.994,57.995,59.218,60.565,61.935,63.236,64.394,65.359,66.108,66.654,67.064,67.398,67.679,
Zambia,ZMB,"Life expectancy at birth, male (years)",SP.DYN.LE00.MA.IN,45.306,45.706,46.07,46.397,46.693,46.974,47.263,47.577,47.925,48.307,48.714,49.129,49.53,49.897,50.221,50.499,50.733,50.933,51.106,51.25,51.374,51.494,51.603,51.681,51.699,51.598,51.307,50.793,50.053,49.108,47.996,46.768,45.513,44.321,43.264,42.412,41.814,41.47,41.375,41.53,41.927,42.542,43.331,44.249,45.271,46.395,47.637,48.998,50.458,51.972,53.478,54.911,56.22,57.368,58.333,59.105,59.697,60.158,60.533,60.848,
Zambia,ZMB,"Life expectancy at birth, total (years)",SP.DYN.LE00.IN,46.687,47.084,47.446,47.772,48.068,48.351,48.643,48.96,49.313,49.7,50.114,50.542,50.961,51.351,51.7,51.999,52.247,52.449,52.607,52.722,52.802,52.863,52.905,52.915,52.87,52.72,52.402,51.888,51.173,50.282,49.249,48.125,46.987,45.919,44.983,44.242,43.735,43.461,43.413,43.594,44,44.615,45.4,46.322,47.354,48.496,49.757,51.134,52.606,54.13,55.655,57.126,58.502,59.746,60.831,61.737,62.464,63.043,63.51,63.886,
Zambia,ZMB,"Life expectancy at birth, female (years)",SP.DYN.LE00.FE.IN,48.107,48.501,48.858,49.181,49.475,49.757,50.049,50.367,50.721,51.11,51.53,51.97,52.407,52.82,53.195,53.518,53.78,53.984,54.129,54.214,54.249,54.249,54.221,54.16,54.05,53.85,53.505,52.991,52.306,51.474,50.531,49.523,48.521,47.598,46.808,46.2,45.803,45.611,45.614,45.819,46.223,46.821,47.585,48.491,49.516,50.657,51.919,53.292,54.753,56.265,57.786,59.278,60.708,62.041,63.248,64.297,65.168,65.878,66.447,66.891,
Zimbabwe,ZWE,"Life expectancy at birth, male (years)",SP.DYN.LE00.MA.IN,51.404,51.864,52.323,52.777,53.219,53.639,54.03,54.386,54.706,54.991,55.24,55.454,55.645,55.824,56.003,56.21,56.472,56.797,57.177,57.592,58.022,58.44,58.802,59.062,59.177,59.093,58.765,58.188,57.375,56.344,55.115,53.717,52.21,50.663,49.136,47.688,46.36,45.169,44.135,43.283,42.609,42.086,41.695,41.442,41.366,41.573,42.193,43.276,44.81,46.724,48.884,51.117,53.24,55.106,56.632,57.778,58.565,59.105,59.501,59.798,
Zimbabwe,ZWE,"Life expectancy at birth, total (years)",SP.DYN.LE00.IN,53.019,53.483,53.946,54.403,54.849,55.274,55.671,56.034,56.362,56.656,56.913,57.135,57.329,57.509,57.688,57.892,58.15,58.47,58.85,59.274,59.731,60.203,60.65,61.025,61.28,61.356,61.199,60.792,60.136,59.235,58.1,56.749,55.243,53.653,52.044,50.48,49.009,47.661,46.466,45.461,44.649,44.01,43.523,43.195,43.065,43.241,43.853,44.947,46.504,48.449,50.64,52.896,55.032,56.897,58.41,59.534,60.294,60.812,61.195,61.49,
Zimbabwe,ZWE,"Life expectancy at birth, female (years)",SP.DYN.LE00.FE.IN,54.672,55.141,55.609,56.071,56.521,56.952,57.354,57.725,58.061,58.364,58.629,58.856,59.052,59.231,59.407,59.607,59.857,60.17,60.546,60.977,61.46,61.989,62.528,63.029,63.441,63.701,63.746,63.545,63.084,62.356,61.355,60.086,58.608,56.995,55.313,53.63,52.002,50.472,49.087,47.892,46.905,46.111,45.494,45.059,44.846,44.962,45.535,46.603,48.14,50.068,52.239,54.471,56.578,58.412,59.892,60.984,61.719,62.22,62.598,62.899,
